date,season,competition,round,home_team,away_team,home_country,away_country,home_goals,away_goals,venue,neutral_or_relocated_flag,date_precision
2011-06-30,2011,EUR_CL,,Manchester City,SSC Napoli,ENG,ITA,1,1,,,SEASON_ONLY
2011-06-30,2011,EUR_CL,,Villarreal CF,Bayern München,ESP,GER,0,2,,,SEASON_ONLY
2011-06-30,2011,EUR_CL,,Bayern München,Manchester City,GER,ENG,2,0,,,SEASON_ONLY
2011-06-30,2011,EUR_CL,,SSC Napoli,Villarreal CF,ITA,ESP,2,0,,,SEASON_ONLY
2011-06-30,2011,EUR_CL,,Manchester City,Villarreal CF,ENG,ESP,2,1,,,SEASON_ONLY
2011-06-30,2011,EUR_CL,,SSC Napoli,Bayern München,ITA,GER,1,1,,,SEASON_ONLY
2011-06-30,2011,EUR_CL,,Bayern München,SSC Napoli,GER,ITA,3,2,,,SEASON_ONLY
2011-06-30,2011,EUR_CL,,Villarreal CF,Manchester City,ESP,ENG,0,3,,,SEASON_ONLY
2011-06-30,2011,EUR_CL,,Bayern München,Villarreal CF,GER,ESP,3,1,,,SEASON_ONLY
2011-06-30,2011,EUR_CL,,SSC Napoli,Manchester City,ITA,ENG,2,1,,,SEASON_ONLY
2011-06-30,2011,EUR_CL,,Manchester City,Bayern München,ENG,GER,2,0,,,SEASON_ONLY
2011-06-30,2011,EUR_CL,,Villarreal CF,SSC Napoli,ESP,ITA,0,2,,,SEASON_ONLY
2011-06-30,2011,EUR_CL,,Lille OSC,CSKA Moskva,FRA,RUS,2,2,,,SEASON_ONLY
2011-06-30,2011,EUR_CL,,Inter,Trabzonspor,ITA,TUR,0,1,,,SEASON_ONLY
2011-06-30,2011,EUR_CL,,CSKA Moskva,Inter,RUS,ITA,2,3,,,SEASON_ONLY
2011-06-30,2011,EUR_CL,,Trabzonspor,Lille OSC,TUR,FRA,1,1,,,SEASON_ONLY
2011-06-30,2011,EUR_CL,,CSKA Moskva,Trabzonspor,RUS,TUR,3,0,,,SEASON_ONLY
2011-06-30,2011,EUR_CL,,Lille OSC,Inter,FRA,ITA,0,1,,,SEASON_ONLY
2011-06-30,2011,EUR_CL,,Trabzonspor,CSKA Moskva,TUR,RUS,0,0,,,SEASON_ONLY
2011-06-30,2011,EUR_CL,,Inter,Lille OSC,ITA,FRA,2,1,,,SEASON_ONLY
2011-06-30,2011,EUR_CL,,CSKA Moskva,Lille OSC,RUS,FRA,0,2,,,SEASON_ONLY
2011-06-30,2011,EUR_CL,,Trabzonspor,Inter,TUR,ITA,1,1,,,SEASON_ONLY
2011-06-30,2011,EUR_CL,,Inter,CSKA Moskva,ITA,RUS,1,2,,,SEASON_ONLY
2011-06-30,2011,EUR_CL,,Lille OSC,Trabzonspor,FRA,TUR,0,0,,,SEASON_ONLY
2011-06-30,2011,EUR_CL,,FC Basel 1893,Oţelul Galaţi,SUI,ROU,2,1,,,SEASON_ONLY
2011-06-30,2011,EUR_CL,,SL Benfica,Manchester United,POR,ENG,1,1,,,SEASON_ONLY
2011-06-30,2011,EUR_CL,,Manchester United,FC Basel 1893,ENG,SUI,3,3,,,SEASON_ONLY
2011-06-30,2011,EUR_CL,,Oţelul Galaţi,SL Benfica,ROU,POR,0,1,,,SEASON_ONLY
2011-06-30,2011,EUR_CL,,FC Basel 1893,SL Benfica,SUI,POR,0,2,,,SEASON_ONLY
2011-06-30,2011,EUR_CL,,Oţelul Galaţi,Manchester United,ROU,ENG,0,2,,,SEASON_ONLY
2011-06-30,2011,EUR_CL,,Manchester United,Oţelul Galaţi,ENG,ROU,2,0,,,SEASON_ONLY
2011-06-30,2011,EUR_CL,,SL Benfica,FC Basel 1893,POR,SUI,1,1,,,SEASON_ONLY
2011-06-30,2011,EUR_CL,,Manchester United,SL Benfica,ENG,POR,2,2,,,SEASON_ONLY
2011-06-30,2011,EUR_CL,,Oţelul Galaţi,FC Basel 1893,ROU,SUI,2,3,,,SEASON_ONLY
2011-06-30,2011,EUR_CL,,FC Basel 1893,Manchester United,SUI,ENG,2,1,,,SEASON_ONLY
2011-06-30,2011,EUR_CL,,SL Benfica,Oţelul Galaţi,POR,ROU,1,0,,,SEASON_ONLY
2011-06-30,2011,EUR_CL,,AFC Ajax,Olympique Lyonnais,NED,FRA,0,0,,,SEASON_ONLY
2011-06-30,2011,EUR_CL,,Dinamo Zagreb,Real Madrid,CRO,ESP,0,1,,,SEASON_ONLY
2011-06-30,2011,EUR_CL,,Olympique Lyonnais,Dinamo Zagreb,FRA,CRO,2,0,,,SEASON_ONLY
2011-06-30,2011,EUR_CL,,Real Madrid,AFC Ajax,ESP,NED,3,0,,,SEASON_ONLY
2011-06-30,2011,EUR_CL,,Dinamo Zagreb,AFC Ajax,CRO,NED,0,2,,,SEASON_ONLY
2011-06-30,2011,EUR_CL,,Real Madrid,Olympique Lyonnais,ESP,FRA,4,0,,,SEASON_ONLY
2011-06-30,2011,EUR_CL,,AFC Ajax,Dinamo Zagreb,NED,CRO,4,0,,,SEASON_ONLY
2011-06-30,2011,EUR_CL,,Olympique Lyonnais,Real Madrid,FRA,ESP,0,2,,,SEASON_ONLY
2011-06-30,2011,EUR_CL,,Olympique Lyonnais,AFC Ajax,FRA,NED,0,0,,,SEASON_ONLY
2011-06-30,2011,EUR_CL,,Real Madrid,Dinamo Zagreb,ESP,CRO,6,2,,,SEASON_ONLY
2011-06-30,2011,EUR_CL,,AFC Ajax,Real Madrid,NED,ESP,0,3,,,SEASON_ONLY
2011-06-30,2011,EUR_CL,,Dinamo Zagreb,Olympique Lyonnais,CRO,FRA,1,7,,,SEASON_ONLY
2011-06-30,2011,EUR_CL,,Chelsea FC,Bayer Leverkusen,ENG,GER,2,0,,,SEASON_ONLY
2011-06-30,2011,EUR_CL,,KRC Genk,Valencia CF,BEL,ESP,0,0,,,SEASON_ONLY
2011-06-30,2011,EUR_CL,,Bayer Leverkusen,KRC Genk,GER,BEL,2,0,,,SEASON_ONLY
2011-06-30,2011,EUR_CL,,Valencia CF,Chelsea FC,ESP,ENG,1,1,,,SEASON_ONLY
2011-06-30,2011,EUR_CL,,Bayer Leverkusen,Valencia CF,GER,ESP,2,1,,,SEASON_ONLY
2011-06-30,2011,EUR_CL,,Chelsea FC,KRC Genk,ENG,BEL,5,0,,,SEASON_ONLY
2011-06-30,2011,EUR_CL,,KRC Genk,Chelsea FC,BEL,ENG,1,1,,,SEASON_ONLY
2011-06-30,2011,EUR_CL,,Valencia CF,Bayer Leverkusen,ESP,GER,3,1,,,SEASON_ONLY
2011-06-30,2011,EUR_CL,,Bayer Leverkusen,Chelsea FC,GER,ENG,2,1,,,SEASON_ONLY
2011-06-30,2011,EUR_CL,,Valencia CF,KRC Genk,ESP,BEL,7,0,,,SEASON_ONLY
2011-06-30,2011,EUR_CL,,Chelsea FC,Valencia CF,ENG,ESP,3,0,,,SEASON_ONLY
2011-06-30,2011,EUR_CL,,KRC Genk,Bayer Leverkusen,BEL,GER,1,1,,,SEASON_ONLY
2011-06-30,2011,EUR_CL,,Borussia Dortmund,Arsenal FC,GER,ENG,1,1,,,SEASON_ONLY
2011-06-30,2011,EUR_CL,,Olympiakos Piraeus,Olympique Marseille,GRE,FRA,0,1,,,SEASON_ONLY
2011-06-30,2011,EUR_CL,,Arsenal FC,Olympiakos Piraeus,ENG,GRE,2,1,,,SEASON_ONLY
2011-06-30,2011,EUR_CL,,Olympique Marseille,Borussia Dortmund,FRA,GER,3,0,,,SEASON_ONLY
2011-06-30,2011,EUR_CL,,Olympiakos Piraeus,Borussia Dortmund,GRE,GER,3,1,,,SEASON_ONLY
2011-06-30,2011,EUR_CL,,Olympique Marseille,Arsenal FC,FRA,ENG,0,1,,,SEASON_ONLY
2011-06-30,2011,EUR_CL,,Arsenal FC,Olympique Marseille,ENG,FRA,0,0,,,SEASON_ONLY
2011-06-30,2011,EUR_CL,,Borussia Dortmund,Olympiakos Piraeus,GER,GRE,1,0,,,SEASON_ONLY
2011-06-30,2011,EUR_CL,,Arsenal FC,Borussia Dortmund,ENG,GER,2,1,,,SEASON_ONLY
2011-06-30,2011,EUR_CL,,Olympique Marseille,Olympiakos Piraeus,FRA,GRE,0,1,,,SEASON_ONLY
2011-06-30,2011,EUR_CL,,Borussia Dortmund,Olympique Marseille,GER,FRA,2,3,,,SEASON_ONLY
2011-06-30,2011,EUR_CL,,Olympiakos Piraeus,Arsenal FC,GRE,ENG,3,1,,,SEASON_ONLY
2011-06-30,2011,EUR_CL,,APOEL Nikosia,Zenit St. Petersburg,CYP,RUS,2,1,,,SEASON_ONLY
2011-06-30,2011,EUR_CL,,FC Porto,Shakhtar Donetsk,POR,UKR,2,1,,,SEASON_ONLY
2011-06-30,2011,EUR_CL,,Zenit St. Petersburg,FC Porto,RUS,POR,3,1,,,SEASON_ONLY
2011-06-30,2011,EUR_CL,,Shakhtar Donetsk,APOEL Nikosia,UKR,CYP,1,1,,,SEASON_ONLY
2011-06-30,2011,EUR_CL,,FC Porto,APOEL Nikosia,POR,CYP,1,1,,,SEASON_ONLY
2011-06-30,2011,EUR_CL,,Shakhtar Donetsk,Zenit St. Petersburg,UKR,RUS,2,2,,,SEASON_ONLY
2011-06-30,2011,EUR_CL,,Zenit St. Petersburg,Shakhtar Donetsk,RUS,UKR,1,0,,,SEASON_ONLY
2011-06-30,2011,EUR_CL,,APOEL Nikosia,FC Porto,CYP,POR,2,1,,,SEASON_ONLY
2011-06-30,2011,EUR_CL,,Zenit St. Petersburg,APOEL Nikosia,RUS,CYP,0,0,,,SEASON_ONLY
2011-06-30,2011,EUR_CL,,Shakhtar Donetsk,FC Porto,UKR,POR,0,2,,,SEASON_ONLY
2011-06-30,2011,EUR_CL,,APOEL Nikosia,Shakhtar Donetsk,CYP,UKR,0,2,,,SEASON_ONLY
2011-06-30,2011,EUR_CL,,FC Porto,Zenit St. Petersburg,POR,RUS,0,0,,,SEASON_ONLY
2011-06-30,2011,EUR_CL,,FC Barcelona,AC Milan,ESP,ITA,2,2,,,SEASON_ONLY
2011-06-30,2011,EUR_CL,,Viktoria Plzeň,BATE Borisov,CZE,BLR,1,1,,,SEASON_ONLY
2011-06-30,2011,EUR_CL,,AC Milan,Viktoria Plzeň,ITA,CZE,2,0,,,SEASON_ONLY
2011-06-30,2011,EUR_CL,,BATE Borisov,FC Barcelona,BLR,ESP,0,5,,,SEASON_ONLY
2011-06-30,2011,EUR_CL,,AC Milan,BATE Borisov,ITA,BLR,2,0,,,SEASON_ONLY
2011-06-30,2011,EUR_CL,,FC Barcelona,Viktoria Plzeň,ESP,CZE,2,0,,,SEASON_ONLY
2011-06-30,2011,EUR_CL,,BATE Borisov,AC Milan,BLR,ITA,1,1,,,SEASON_ONLY
2011-06-30,2011,EUR_CL,,Viktoria Plzeň,FC Barcelona,CZE,ESP,0,4,,,SEASON_ONLY
2011-06-30,2011,EUR_CL,,BATE Borisov,Viktoria Plzeň,BLR,CZE,0,1,,,SEASON_ONLY
2011-06-30,2011,EUR_CL,,AC Milan,FC Barcelona,ITA,ESP,2,3,,,SEASON_ONLY
2011-06-30,2011,EUR_CL,,FC Barcelona,BATE Borisov,ESP,BLR,4,0,,,SEASON_ONLY
2011-06-30,2011,EUR_CL,,Viktoria Plzeň,AC Milan,CZE,ITA,2,2,,,SEASON_ONLY
2011-06-30,2011,EUR_CL,,Olympique Lyonnais,APOEL Nikosia,FRA,CYP,1,0,,,SEASON_ONLY
2011-06-30,2011,EUR_CL,,Bayer Leverkusen,FC Barcelona,GER,ESP,1,3,,,SEASON_ONLY
2011-06-30,2011,EUR_CL,,Zenit St. Petersburg,SL Benfica,RUS,POR,3,2,,,SEASON_ONLY
2011-06-30,2011,EUR_CL,,AC Milan,Arsenal FC,ITA,ENG,4,0,,,SEASON_ONLY
2011-06-30,2011,EUR_CL,,CSKA Moskva,Real Madrid,RUS,ESP,1,1,,,SEASON_ONLY
2011-06-30,2011,EUR_CL,,SSC Napoli,Chelsea FC,ITA,ENG,3,1,,,SEASON_ONLY
2011-06-30,2011,EUR_CL,,FC Basel 1893,Bayern München,SUI,GER,1,0,,,SEASON_ONLY
2011-06-30,2011,EUR_CL,,Olympique Marseille,Inter,FRA,ITA,1,0,,,SEASON_ONLY
2011-06-30,2011,EUR_CL,,Arsenal FC,AC Milan,ENG,ITA,3,0,,,SEASON_ONLY
2011-06-30,2011,EUR_CL,,SL Benfica,Zenit St. Petersburg,POR,RUS,2,0,,,SEASON_ONLY
2011-06-30,2011,EUR_CL,,APOEL Nikosia,Olympique Lyonnais,CYP,FRA,4,3,,,SEASON_ONLY
2011-06-30,2011,EUR_CL,,FC Barcelona,Bayer Leverkusen,ESP,GER,7,1,,,SEASON_ONLY
2011-06-30,2011,EUR_CL,,Bayern München,FC Basel 1893,GER,SUI,7,0,,,SEASON_ONLY
2011-06-30,2011,EUR_CL,,Inter,Olympique Marseille,ITA,FRA,2,1,,,SEASON_ONLY
2011-06-30,2011,EUR_CL,,Chelsea FC,SSC Napoli,ENG,ITA,4,1,,,SEASON_ONLY
2011-06-30,2011,EUR_CL,,Real Madrid,CSKA Moskva,ESP,RUS,4,1,,,SEASON_ONLY
2011-06-30,2011,EUR_CL,,APOEL Nikosia,Real Madrid,CYP,ESP,0,3,,,SEASON_ONLY
2011-06-30,2011,EUR_CL,,SL Benfica,Chelsea FC,POR,ENG,0,1,,,SEASON_ONLY
2011-06-30,2011,EUR_CL,,Olympique Marseille,Bayern München,FRA,GER,0,2,,,SEASON_ONLY
2011-06-30,2011,EUR_CL,,AC Milan,FC Barcelona,ITA,ESP,0,0,,,SEASON_ONLY
2011-06-30,2011,EUR_CL,,Bayern München,Olympique Marseille,GER,FRA,2,0,,,SEASON_ONLY
2011-06-30,2011,EUR_CL,,FC Barcelona,AC Milan,ESP,ITA,3,1,,,SEASON_ONLY
2011-06-30,2011,EUR_CL,,Real Madrid,APOEL Nikosia,ESP,CYP,5,2,,,SEASON_ONLY
2011-06-30,2011,EUR_CL,,Chelsea FC,SL Benfica,ENG,POR,2,1,,,SEASON_ONLY
2011-06-30,2011,EUR_CL,,Bayern München,Real Madrid,GER,ESP,2,1,,,SEASON_ONLY
2011-06-30,2011,EUR_CL,,Chelsea FC,FC Barcelona,ENG,ESP,1,0,,,SEASON_ONLY
2011-06-30,2011,EUR_CL,,FC Barcelona,Chelsea FC,ESP,ENG,2,2,,,SEASON_ONLY
2011-06-30,2011,EUR_CL,,Real Madrid,Bayern München,ESP,GER,1,3,,,SEASON_ONLY
2011-06-30,2011,EUR_CL,,Bayern München,Chelsea FC,GER,ENG,3,4,,,SEASON_ONLY
2012-06-30,2012,EUR_CL,,Paris Saint-Germain,Dinamo Kiev,FRA,UKR,4,1,,,SEASON_ONLY
2012-06-30,2012,EUR_CL,,Dinamo Zagreb,FC Porto,CRO,POR,0,2,,,SEASON_ONLY
2012-06-30,2012,EUR_CL,,FC Porto,Paris Saint-Germain,POR,FRA,1,0,,,SEASON_ONLY
2012-06-30,2012,EUR_CL,,Dinamo Kiev,Dinamo Zagreb,UKR,CRO,2,0,,,SEASON_ONLY
2012-06-30,2012,EUR_CL,,FC Porto,Dinamo Kiev,POR,UKR,3,2,,,SEASON_ONLY
2012-06-30,2012,EUR_CL,,Dinamo Zagreb,Paris Saint-Germain,CRO,FRA,0,2,,,SEASON_ONLY
2012-06-30,2012,EUR_CL,,Dinamo Kiev,FC Porto,UKR,POR,0,0,,,SEASON_ONLY
2012-06-30,2012,EUR_CL,,Paris Saint-Germain,Dinamo Zagreb,FRA,CRO,4,0,,,SEASON_ONLY
2012-06-30,2012,EUR_CL,,Dinamo Kiev,Paris Saint-Germain,UKR,FRA,0,2,,,SEASON_ONLY
2012-06-30,2012,EUR_CL,,FC Porto,Dinamo Zagreb,POR,CRO,3,0,,,SEASON_ONLY
2012-06-30,2012,EUR_CL,,Paris Saint-Germain,FC Porto,FRA,POR,2,1,,,SEASON_ONLY
2012-06-30,2012,EUR_CL,,Dinamo Zagreb,Dinamo Kiev,CRO,UKR,1,1,,,SEASON_ONLY
2012-06-30,2012,EUR_CL,,Olympiakos Piraeus,FC Schalke 04,GRE,GER,1,2,,,SEASON_ONLY
2012-06-30,2012,EUR_CL,,Montpellier HSC,Arsenal FC,FRA,ENG,1,2,,,SEASON_ONLY
2012-06-30,2012,EUR_CL,,Arsenal FC,Olympiakos Piraeus,ENG,GRE,3,1,,,SEASON_ONLY
2012-06-30,2012,EUR_CL,,FC Schalke 04,Montpellier HSC,GER,FRA,2,2,,,SEASON_ONLY
2012-06-30,2012,EUR_CL,,Arsenal FC,FC Schalke 04,ENG,GER,0,2,,,SEASON_ONLY
2012-06-30,2012,EUR_CL,,Montpellier HSC,Olympiakos Piraeus,FRA,GRE,1,2,,,SEASON_ONLY
2012-06-30,2012,EUR_CL,,FC Schalke 04,Arsenal FC,GER,ENG,2,2,,,SEASON_ONLY
2012-06-30,2012,EUR_CL,,Olympiakos Piraeus,Montpellier HSC,GRE,FRA,3,1,,,SEASON_ONLY
2012-06-30,2012,EUR_CL,,FC Schalke 04,Olympiakos Piraeus,GER,GRE,1,0,,,SEASON_ONLY
2012-06-30,2012,EUR_CL,,Arsenal FC,Montpellier HSC,ENG,FRA,2,0,,,SEASON_ONLY
2012-06-30,2012,EUR_CL,,Olympiakos Piraeus,Arsenal FC,GRE,ENG,2,1,,,SEASON_ONLY
2012-06-30,2012,EUR_CL,,Montpellier HSC,FC Schalke 04,FRA,GER,1,1,,,SEASON_ONLY
2012-06-30,2012,EUR_CL,,AC Milan,RSC Anderlecht,ITA,BEL,0,0,,,SEASON_ONLY
2012-06-30,2012,EUR_CL,,Málaga CF,Zenit St. Petersburg,ESP,RUS,3,0,,,SEASON_ONLY
2012-06-30,2012,EUR_CL,,Zenit St. Petersburg,AC Milan,RUS,ITA,2,3,,,SEASON_ONLY
2012-06-30,2012,EUR_CL,,RSC Anderlecht,Málaga CF,BEL,ESP,0,3,,,SEASON_ONLY
2012-06-30,2012,EUR_CL,,Zenit St. Petersburg,RSC Anderlecht,RUS,BEL,1,0,,,SEASON_ONLY
2012-06-30,2012,EUR_CL,,Málaga CF,AC Milan,ESP,ITA,1,0,,,SEASON_ONLY
2012-06-30,2012,EUR_CL,,RSC Anderlecht,Zenit St. Petersburg,BEL,RUS,1,0,,,SEASON_ONLY
2012-06-30,2012,EUR_CL,,AC Milan,Málaga CF,ITA,ESP,1,1,,,SEASON_ONLY
2012-06-30,2012,EUR_CL,,Zenit St. Petersburg,Málaga CF,RUS,ESP,2,2,,,SEASON_ONLY
2012-06-30,2012,EUR_CL,,RSC Anderlecht,AC Milan,BEL,ITA,1,3,,,SEASON_ONLY
2012-06-30,2012,EUR_CL,,AC Milan,Zenit St. Petersburg,ITA,RUS,0,1,,,SEASON_ONLY
2012-06-30,2012,EUR_CL,,Málaga CF,RSC Anderlecht,ESP,BEL,2,2,,,SEASON_ONLY
2012-06-30,2012,EUR_CL,,Real Madrid,Manchester City,ESP,ENG,3,2,,,SEASON_ONLY
2012-06-30,2012,EUR_CL,,Borussia Dortmund,AFC Ajax,GER,NED,1,0,,,SEASON_ONLY
2012-06-30,2012,EUR_CL,,AFC Ajax,Real Madrid,NED,ESP,1,4,,,SEASON_ONLY
2012-06-30,2012,EUR_CL,,Manchester City,Borussia Dortmund,ENG,GER,1,1,,,SEASON_ONLY
2012-06-30,2012,EUR_CL,,AFC Ajax,Manchester City,NED,ENG,3,1,,,SEASON_ONLY
2012-06-30,2012,EUR_CL,,Borussia Dortmund,Real Madrid,GER,ESP,2,1,,,SEASON_ONLY
2012-06-30,2012,EUR_CL,,Manchester City,AFC Ajax,ENG,NED,2,2,,,SEASON_ONLY
2012-06-30,2012,EUR_CL,,Real Madrid,Borussia Dortmund,ESP,GER,2,2,,,SEASON_ONLY
2012-06-30,2012,EUR_CL,,Manchester City,Real Madrid,ENG,ESP,1,1,,,SEASON_ONLY
2012-06-30,2012,EUR_CL,,AFC Ajax,Borussia Dortmund,NED,GER,1,4,,,SEASON_ONLY
2012-06-30,2012,EUR_CL,,Real Madrid,AFC Ajax,ESP,NED,4,1,,,SEASON_ONLY
2012-06-30,2012,EUR_CL,,Borussia Dortmund,Manchester City,GER,ENG,1,0,,,SEASON_ONLY
2012-06-30,2012,EUR_CL,,Chelsea FC,Juventus,ENG,ITA,2,2,,,SEASON_ONLY
2012-06-30,2012,EUR_CL,,Shakhtar Donetsk,FC Nordsjælland,UKR,DEN,2,0,,,SEASON_ONLY
2012-06-30,2012,EUR_CL,,Juventus,Shakhtar Donetsk,ITA,UKR,1,1,,,SEASON_ONLY
2012-06-30,2012,EUR_CL,,FC Nordsjælland,Chelsea FC,DEN,ENG,0,4,,,SEASON_ONLY
2012-06-30,2012,EUR_CL,,Shakhtar Donetsk,Chelsea FC,UKR,ENG,2,1,,,SEASON_ONLY
2012-06-30,2012,EUR_CL,,FC Nordsjælland,Juventus,DEN,ITA,1,1,,,SEASON_ONLY
2012-06-30,2012,EUR_CL,,Chelsea FC,Shakhtar Donetsk,ENG,UKR,3,2,,,SEASON_ONLY
2012-06-30,2012,EUR_CL,,Juventus,FC Nordsjælland,ITA,DEN,4,0,,,SEASON_ONLY
2012-06-30,2012,EUR_CL,,Juventus,Chelsea FC,ITA,ENG,3,0,,,SEASON_ONLY
2012-06-30,2012,EUR_CL,,FC Nordsjælland,Shakhtar Donetsk,DEN,UKR,2,5,,,SEASON_ONLY
2012-06-30,2012,EUR_CL,,Shakhtar Donetsk,Juventus,UKR,ITA,0,1,,,SEASON_ONLY
2012-06-30,2012,EUR_CL,,Chelsea FC,FC Nordsjælland,ENG,DEN,6,1,,,SEASON_ONLY
2012-06-30,2012,EUR_CL,,Bayern München,Valencia CF,GER,ESP,2,1,,,SEASON_ONLY
2012-06-30,2012,EUR_CL,,Lille OSC,BATE Borisov,FRA,BLR,1,3,,,SEASON_ONLY
2012-06-30,2012,EUR_CL,,Valencia CF,Lille OSC,ESP,FRA,2,0,,,SEASON_ONLY
2012-06-30,2012,EUR_CL,,BATE Borisov,Bayern München,BLR,GER,3,1,,,SEASON_ONLY
2012-06-30,2012,EUR_CL,,Lille OSC,Bayern München,FRA,GER,0,1,,,SEASON_ONLY
2012-06-30,2012,EUR_CL,,BATE Borisov,Valencia CF,BLR,ESP,0,3,,,SEASON_ONLY
2012-06-30,2012,EUR_CL,,Bayern München,Lille OSC,GER,FRA,6,1,,,SEASON_ONLY
2012-06-30,2012,EUR_CL,,Valencia CF,BATE Borisov,ESP,BLR,4,2,,,SEASON_ONLY
2012-06-30,2012,EUR_CL,,BATE Borisov,Lille OSC,BLR,FRA,0,2,,,SEASON_ONLY
2012-06-30,2012,EUR_CL,,Valencia CF,Bayern München,ESP,GER,1,1,,,SEASON_ONLY
2012-06-30,2012,EUR_CL,,Lille OSC,Valencia CF,FRA,ESP,0,1,,,SEASON_ONLY
2012-06-30,2012,EUR_CL,,Bayern München,BATE Borisov,GER,BLR,4,1,,,SEASON_ONLY
2012-06-30,2012,EUR_CL,,FC Barcelona,Spartak Moskva,ESP,RUS,3,2,,,SEASON_ONLY
2012-06-30,2012,EUR_CL,,Celtic FC,SL Benfica,SCO,POR,0,0,,,SEASON_ONLY
2012-06-30,2012,EUR_CL,,Spartak Moskva,Celtic FC,RUS,SCO,2,3,,,SEASON_ONLY
2012-06-30,2012,EUR_CL,,SL Benfica,FC Barcelona,POR,ESP,0,2,,,SEASON_ONLY
2012-06-30,2012,EUR_CL,,Spartak Moskva,SL Benfica,RUS,POR,2,1,,,SEASON_ONLY
2012-06-30,2012,EUR_CL,,FC Barcelona,Celtic FC,ESP,SCO,2,1,,,SEASON_ONLY
2012-06-30,2012,EUR_CL,,SL Benfica,Spartak Moskva,POR,RUS,2,0,,,SEASON_ONLY
2012-06-30,2012,EUR_CL,,Celtic FC,FC Barcelona,SCO,ESP,2,1,,,SEASON_ONLY
2012-06-30,2012,EUR_CL,,Spartak Moskva,FC Barcelona,RUS,ESP,0,3,,,SEASON_ONLY
2012-06-30,2012,EUR_CL,,SL Benfica,Celtic FC,POR,SCO,2,1,,,SEASON_ONLY
2012-06-30,2012,EUR_CL,,FC Barcelona,SL Benfica,ESP,POR,0,0,,,SEASON_ONLY
2012-06-30,2012,EUR_CL,,Celtic FC,Spartak Moskva,SCO,RUS,2,1,,,SEASON_ONLY
2012-06-30,2012,EUR_CL,,Manchester United,Galatasaray,ENG,TUR,1,0,,,SEASON_ONLY
2012-06-30,2012,EUR_CL,,Sporting Braga,CFR Cluj,POR,ROU,0,2,,,SEASON_ONLY
2012-06-30,2012,EUR_CL,,Galatasaray,Sporting Braga,TUR,POR,0,2,,,SEASON_ONLY
2012-06-30,2012,EUR_CL,,CFR Cluj,Manchester United,ROU,ENG,1,2,,,SEASON_ONLY
2012-06-30,2012,EUR_CL,,Manchester United,Sporting Braga,ENG,POR,3,2,,,SEASON_ONLY
2012-06-30,2012,EUR_CL,,Galatasaray,CFR Cluj,TUR,ROU,1,1,,,SEASON_ONLY
2012-06-30,2012,EUR_CL,,Sporting Braga,Manchester United,POR,ENG,1,3,,,SEASON_ONLY
2012-06-30,2012,EUR_CL,,CFR Cluj,Galatasaray,ROU,TUR,1,3,,,SEASON_ONLY
2012-06-30,2012,EUR_CL,,Galatasaray,Manchester United,TUR,ENG,1,0,,,SEASON_ONLY
2012-06-30,2012,EUR_CL,,CFR Cluj,Sporting Braga,ROU,POR,3,1,,,SEASON_ONLY
2012-06-30,2012,EUR_CL,,Sporting Braga,Galatasaray,POR,TUR,1,2,,,SEASON_ONLY
2012-06-30,2012,EUR_CL,,Manchester United,CFR Cluj,ENG,ROU,0,1,,,SEASON_ONLY
2012-06-30,2012,EUR_CL,,Celtic FC,Juventus,SCO,ITA,0,3,,,SEASON_ONLY
2012-06-30,2012,EUR_CL,,Valencia CF,Paris Saint-Germain,ESP,FRA,1,2,,,SEASON_ONLY
2012-06-30,2012,EUR_CL,,Shakhtar Donetsk,Borussia Dortmund,UKR,GER,2,2,,,SEASON_ONLY
2012-06-30,2012,EUR_CL,,Real Madrid,Manchester United,ESP,ENG,1,1,,,SEASON_ONLY
2012-06-30,2012,EUR_CL,,Arsenal FC,Bayern München,ENG,GER,1,3,,,SEASON_ONLY
2012-06-30,2012,EUR_CL,,FC Porto,Málaga CF,POR,ESP,1,0,,,SEASON_ONLY
2012-06-30,2012,EUR_CL,,Galatasaray,FC Schalke 04,TUR,GER,1,1,,,SEASON_ONLY
2012-06-30,2012,EUR_CL,,AC Milan,FC Barcelona,ITA,ESP,2,0,,,SEASON_ONLY
2012-06-30,2012,EUR_CL,,Borussia Dortmund,Shakhtar Donetsk,GER,UKR,3,0,,,SEASON_ONLY
2012-06-30,2012,EUR_CL,,Manchester United,Real Madrid,ENG,ESP,1,2,,,SEASON_ONLY
2012-06-30,2012,EUR_CL,,Juventus,Celtic FC,ITA,SCO,2,0,,,SEASON_ONLY
2012-06-30,2012,EUR_CL,,Paris Saint-Germain,Valencia CF,FRA,ESP,1,1,,,SEASON_ONLY
2012-06-30,2012,EUR_CL,,FC Schalke 04,Galatasaray,GER,TUR,2,3,,,SEASON_ONLY
2012-06-30,2012,EUR_CL,,FC Barcelona,AC Milan,ESP,ITA,4,0,,,SEASON_ONLY
2012-06-30,2012,EUR_CL,,Bayern München,Arsenal FC,GER,ENG,0,2,,,SEASON_ONLY
2012-06-30,2012,EUR_CL,,Málaga CF,FC Porto,ESP,POR,2,0,,,SEASON_ONLY
2012-06-30,2012,EUR_CL,,Paris Saint-Germain,FC Barcelona,FRA,ESP,2,2,,,SEASON_ONLY
2012-06-30,2012,EUR_CL,,Bayern München,Juventus,GER,ITA,2,0,,,SEASON_ONLY
2012-06-30,2012,EUR_CL,,Málaga CF,Borussia Dortmund,ESP,GER,0,0,,,SEASON_ONLY
2012-06-30,2012,EUR_CL,,Real Madrid,Galatasaray,ESP,TUR,3,0,,,SEASON_ONLY
2012-06-30,2012,EUR_CL,,Borussia Dortmund,Málaga CF,GER,ESP,3,2,,,SEASON_ONLY
2012-06-30,2012,EUR_CL,,Galatasaray,Real Madrid,TUR,ESP,3,2,,,SEASON_ONLY
2012-06-30,2012,EUR_CL,,FC Barcelona,Paris Saint-Germain,ESP,FRA,1,1,,,SEASON_ONLY
2012-06-30,2012,EUR_CL,,Juventus,Bayern München,ITA,GER,0,2,,,SEASON_ONLY
2012-06-30,2012,EUR_CL,,Bayern München,FC Barcelona,GER,ESP,4,0,,,SEASON_ONLY
2012-06-30,2012,EUR_CL,,Borussia Dortmund,Real Madrid,GER,ESP,4,1,,,SEASON_ONLY
2012-06-30,2012,EUR_CL,,Real Madrid,Borussia Dortmund,ESP,GER,2,0,,,SEASON_ONLY
2012-06-30,2012,EUR_CL,,FC Barcelona,Bayern München,ESP,GER,0,3,,,SEASON_ONLY
2012-06-30,2012,EUR_CL,,Borussia Dortmund,Bayern München,GER,GER,1,2,,,SEASON_ONLY
2013-06-30,2013,EUR_CL,,Manchester United,Bayer Leverkusen,ENG,GER,4,2,,,SEASON_ONLY
2013-06-30,2013,EUR_CL,,Real Sociedad,Shakhtar Donetsk,ESP,UKR,0,2,,,SEASON_ONLY
2013-06-30,2013,EUR_CL,,Shakhtar Donetsk,Manchester United,UKR,ENG,1,1,,,SEASON_ONLY
2013-06-30,2013,EUR_CL,,Bayer Leverkusen,Real Sociedad,GER,ESP,2,1,,,SEASON_ONLY
2013-06-30,2013,EUR_CL,,Bayer Leverkusen,Shakhtar Donetsk,GER,UKR,4,0,,,SEASON_ONLY
2013-06-30,2013,EUR_CL,,Manchester United,Real Sociedad,ENG,ESP,1,0,,,SEASON_ONLY
2013-06-30,2013,EUR_CL,,Shakhtar Donetsk,Bayer Leverkusen,UKR,GER,0,0,,,SEASON_ONLY
2013-06-30,2013,EUR_CL,,Real Sociedad,Manchester United,ESP,ENG,0,0,,,SEASON_ONLY
2013-06-30,2013,EUR_CL,,Bayer Leverkusen,Manchester United,GER,ENG,0,5,,,SEASON_ONLY
2013-06-30,2013,EUR_CL,,Shakhtar Donetsk,Real Sociedad,UKR,ESP,4,0,,,SEASON_ONLY
2013-06-30,2013,EUR_CL,,Manchester United,Shakhtar Donetsk,ENG,UKR,1,0,,,SEASON_ONLY
2013-06-30,2013,EUR_CL,,Real Sociedad,Bayer Leverkusen,ESP,GER,0,1,,,SEASON_ONLY
2013-06-30,2013,EUR_CL,,Galatasaray,Real Madrid,TUR,ESP,1,6,,,SEASON_ONLY
2013-06-30,2013,EUR_CL,,FC København,Juventus,DEN,ITA,1,1,,,SEASON_ONLY
2013-06-30,2013,EUR_CL,,Juventus,Galatasaray,ITA,TUR,2,2,,,SEASON_ONLY
2013-06-30,2013,EUR_CL,,Real Madrid,FC København,ESP,DEN,4,0,,,SEASON_ONLY
2013-06-30,2013,EUR_CL,,Real Madrid,Juventus,ESP,ITA,2,1,,,SEASON_ONLY
2013-06-30,2013,EUR_CL,,Galatasaray,FC København,TUR,DEN,3,1,,,SEASON_ONLY
2013-06-30,2013,EUR_CL,,Juventus,Real Madrid,ITA,ESP,2,2,,,SEASON_ONLY
2013-06-30,2013,EUR_CL,,FC København,Galatasaray,DEN,TUR,1,0,,,SEASON_ONLY
2013-06-30,2013,EUR_CL,,Real Madrid,Galatasaray,ESP,TUR,4,1,,,SEASON_ONLY
2013-06-30,2013,EUR_CL,,Juventus,FC København,ITA,DEN,3,1,,,SEASON_ONLY
2013-06-30,2013,EUR_CL,,FC København,Real Madrid,DEN,ESP,0,2,,,SEASON_ONLY
2013-06-30,2013,EUR_CL,,Galatasaray,Juventus,TUR,ITA,1,0,,,SEASON_ONLY
2013-06-30,2013,EUR_CL,,Olympiakos Piraeus,Paris Saint-Germain,GRE,FRA,1,4,,,SEASON_ONLY
2013-06-30,2013,EUR_CL,,SL Benfica,RSC Anderlecht,POR,BEL,2,0,,,SEASON_ONLY
2013-06-30,2013,EUR_CL,,Paris Saint-Germain,SL Benfica,FRA,POR,3,0,,,SEASON_ONLY
2013-06-30,2013,EUR_CL,,RSC Anderlecht,Olympiakos Piraeus,BEL,GRE,0,3,,,SEASON_ONLY
2013-06-30,2013,EUR_CL,,RSC Anderlecht,Paris Saint-Germain,BEL,FRA,0,5,,,SEASON_ONLY
2013-06-30,2013,EUR_CL,,SL Benfica,Olympiakos Piraeus,POR,GRE,1,1,,,SEASON_ONLY
2013-06-30,2013,EUR_CL,,Paris Saint-Germain,RSC Anderlecht,FRA,BEL,1,1,,,SEASON_ONLY
2013-06-30,2013,EUR_CL,,Olympiakos Piraeus,SL Benfica,GRE,POR,1,0,,,SEASON_ONLY
2013-06-30,2013,EUR_CL,,RSC Anderlecht,SL Benfica,BEL,POR,2,3,,,SEASON_ONLY
2013-06-30,2013,EUR_CL,,Paris Saint-Germain,Olympiakos Piraeus,FRA,GRE,2,1,,,SEASON_ONLY
2013-06-30,2013,EUR_CL,,SL Benfica,Paris Saint-Germain,POR,FRA,2,1,,,SEASON_ONLY
2013-06-30,2013,EUR_CL,,Olympiakos Piraeus,RSC Anderlecht,GRE,BEL,3,1,,,SEASON_ONLY
2013-06-30,2013,EUR_CL,,Bayern München,CSKA Moskva,GER,RUS,3,0,,,SEASON_ONLY
2013-06-30,2013,EUR_CL,,Viktoria Plzeň,Manchester City,CZE,ENG,0,3,,,SEASON_ONLY
2013-06-30,2013,EUR_CL,,CSKA Moskva,Viktoria Plzeň,RUS,CZE,3,2,,,SEASON_ONLY
2013-06-30,2013,EUR_CL,,Manchester City,Bayern München,ENG,GER,1,3,,,SEASON_ONLY
2013-06-30,2013,EUR_CL,,CSKA Moskva,Manchester City,RUS,ENG,1,2,,,SEASON_ONLY
2013-06-30,2013,EUR_CL,,Bayern München,Viktoria Plzeň,GER,CZE,5,0,,,SEASON_ONLY
2013-06-30,2013,EUR_CL,,Manchester City,CSKA Moskva,ENG,RUS,5,2,,,SEASON_ONLY
2013-06-30,2013,EUR_CL,,Viktoria Plzeň,Bayern München,CZE,GER,0,1,,,SEASON_ONLY
2013-06-30,2013,EUR_CL,,CSKA Moskva,Bayern München,RUS,GER,1,3,,,SEASON_ONLY
2013-06-30,2013,EUR_CL,,Manchester City,Viktoria Plzeň,ENG,CZE,4,2,,,SEASON_ONLY
2013-06-30,2013,EUR_CL,,Bayern München,Manchester City,GER,ENG,2,3,,,SEASON_ONLY
2013-06-30,2013,EUR_CL,,Viktoria Plzeň,CSKA Moskva,CZE,RUS,2,1,,,SEASON_ONLY
2013-06-30,2013,EUR_CL,,Chelsea FC,FC Basel 1893,ENG,SUI,1,2,,,SEASON_ONLY
2013-06-30,2013,EUR_CL,,FC Schalke 04,FC Steaua Bucureşti,GER,ROU,3,0,,,SEASON_ONLY
2013-06-30,2013,EUR_CL,,FC Basel 1893,FC Schalke 04,SUI,GER,0,1,,,SEASON_ONLY
2013-06-30,2013,EUR_CL,,FC Steaua Bucureşti,Chelsea FC,ROU,ENG,0,4,,,SEASON_ONLY
2013-06-30,2013,EUR_CL,,FC Schalke 04,Chelsea FC,GER,ENG,0,3,,,SEASON_ONLY
2013-06-30,2013,EUR_CL,,FC Steaua Bucureşti,FC Basel 1893,ROU,SUI,1,1,,,SEASON_ONLY
2013-06-30,2013,EUR_CL,,Chelsea FC,FC Schalke 04,ENG,GER,3,0,,,SEASON_ONLY
2013-06-30,2013,EUR_CL,,FC Basel 1893,FC Steaua Bucureşti,SUI,ROU,1,1,,,SEASON_ONLY
2013-06-30,2013,EUR_CL,,FC Basel 1893,Chelsea FC,SUI,ENG,1,0,,,SEASON_ONLY
2013-06-30,2013,EUR_CL,,FC Steaua Bucureşti,FC Schalke 04,ROU,GER,0,0,,,SEASON_ONLY
2013-06-30,2013,EUR_CL,,FC Schalke 04,FC Basel 1893,GER,SUI,2,0,,,SEASON_ONLY
2013-06-30,2013,EUR_CL,,Chelsea FC,FC Steaua Bucureşti,ENG,ROU,1,0,,,SEASON_ONLY
2013-06-30,2013,EUR_CL,,Olympique Marseille,Arsenal FC,FRA,ENG,1,2,,,SEASON_ONLY
2013-06-30,2013,EUR_CL,,SSC Napoli,Borussia Dortmund,ITA,GER,2,1,,,SEASON_ONLY
2013-06-30,2013,EUR_CL,,Borussia Dortmund,Olympique Marseille,GER,FRA,3,0,,,SEASON_ONLY
2013-06-30,2013,EUR_CL,,Arsenal FC,SSC Napoli,ENG,ITA,2,0,,,SEASON_ONLY
2013-06-30,2013,EUR_CL,,Arsenal FC,Borussia Dortmund,ENG,GER,1,2,,,SEASON_ONLY
2013-06-30,2013,EUR_CL,,Olympique Marseille,SSC Napoli,FRA,ITA,1,2,,,SEASON_ONLY
2013-06-30,2013,EUR_CL,,Borussia Dortmund,Arsenal FC,GER,ENG,0,1,,,SEASON_ONLY
2013-06-30,2013,EUR_CL,,SSC Napoli,Olympique Marseille,ITA,FRA,3,2,,,SEASON_ONLY
2013-06-30,2013,EUR_CL,,Arsenal FC,Olympique Marseille,ENG,FRA,2,0,,,SEASON_ONLY
2013-06-30,2013,EUR_CL,,Borussia Dortmund,SSC Napoli,GER,ITA,3,1,,,SEASON_ONLY
2013-06-30,2013,EUR_CL,,Olympique Marseille,Borussia Dortmund,FRA,GER,1,2,,,SEASON_ONLY
2013-06-30,2013,EUR_CL,,SSC Napoli,Arsenal FC,ITA,ENG,2,0,,,SEASON_ONLY
2013-06-30,2013,EUR_CL,,Atlético Madrid,Zenit St. Petersburg,ESP,RUS,3,1,,,SEASON_ONLY
2013-06-30,2013,EUR_CL,,Austria Wien,FC Porto,AUT,POR,0,1,,,SEASON_ONLY
2013-06-30,2013,EUR_CL,,Zenit St. Petersburg,Austria Wien,RUS,AUT,0,0,,,SEASON_ONLY
2013-06-30,2013,EUR_CL,,FC Porto,Atlético Madrid,POR,ESP,1,2,,,SEASON_ONLY
2013-06-30,2013,EUR_CL,,FC Porto,Zenit St. Petersburg,POR,RUS,0,1,,,SEASON_ONLY
2013-06-30,2013,EUR_CL,,Austria Wien,Atlético Madrid,AUT,ESP,0,3,,,SEASON_ONLY
2013-06-30,2013,EUR_CL,,Zenit St. Petersburg,FC Porto,RUS,POR,1,1,,,SEASON_ONLY
2013-06-30,2013,EUR_CL,,Atlético Madrid,Austria Wien,ESP,AUT,4,0,,,SEASON_ONLY
2013-06-30,2013,EUR_CL,,Zenit St. Petersburg,Atlético Madrid,RUS,ESP,1,1,,,SEASON_ONLY
2013-06-30,2013,EUR_CL,,FC Porto,Austria Wien,POR,AUT,1,1,,,SEASON_ONLY
2013-06-30,2013,EUR_CL,,Atlético Madrid,FC Porto,ESP,POR,2,0,,,SEASON_ONLY
2013-06-30,2013,EUR_CL,,Austria Wien,Zenit St. Petersburg,AUT,RUS,4,1,,,SEASON_ONLY
2013-06-30,2013,EUR_CL,,FC Barcelona,AFC Ajax,ESP,NED,4,0,,,SEASON_ONLY
2013-06-30,2013,EUR_CL,,AC Milan,Celtic FC,ITA,SCO,2,0,,,SEASON_ONLY
2013-06-30,2013,EUR_CL,,AFC Ajax,AC Milan,NED,ITA,1,1,,,SEASON_ONLY
2013-06-30,2013,EUR_CL,,Celtic FC,FC Barcelona,SCO,ESP,0,1,,,SEASON_ONLY
2013-06-30,2013,EUR_CL,,AC Milan,FC Barcelona,ITA,ESP,1,1,,,SEASON_ONLY
2013-06-30,2013,EUR_CL,,Celtic FC,AFC Ajax,SCO,NED,2,1,,,SEASON_ONLY
2013-06-30,2013,EUR_CL,,FC Barcelona,AC Milan,ESP,ITA,3,1,,,SEASON_ONLY
2013-06-30,2013,EUR_CL,,AFC Ajax,Celtic FC,NED,SCO,1,0,,,SEASON_ONLY
2013-06-30,2013,EUR_CL,,AFC Ajax,FC Barcelona,NED,ESP,2,1,,,SEASON_ONLY
2013-06-30,2013,EUR_CL,,Celtic FC,AC Milan,SCO,ITA,0,3,,,SEASON_ONLY
2013-06-30,2013,EUR_CL,,AC Milan,AFC Ajax,ITA,NED,0,0,,,SEASON_ONLY
2013-06-30,2013,EUR_CL,,FC Barcelona,Celtic FC,ESP,SCO,6,1,,,SEASON_ONLY
2013-06-30,2013,EUR_CL,,Manchester City,FC Barcelona,ENG,ESP,0,2,,,SEASON_ONLY
2013-06-30,2013,EUR_CL,,Bayer Leverkusen,Paris Saint-Germain,GER,FRA,0,4,,,SEASON_ONLY
2013-06-30,2013,EUR_CL,,AC Milan,Atlético Madrid,ITA,ESP,0,1,,,SEASON_ONLY
2013-06-30,2013,EUR_CL,,Arsenal FC,Bayern München,ENG,GER,0,2,,,SEASON_ONLY
2013-06-30,2013,EUR_CL,,Zenit St. Petersburg,Borussia Dortmund,RUS,GER,2,4,,,SEASON_ONLY
2013-06-30,2013,EUR_CL,,Olympiakos Piraeus,Manchester United,GRE,ENG,2,0,,,SEASON_ONLY
2013-06-30,2013,EUR_CL,,Galatasaray,Chelsea FC,TUR,ENG,1,1,,,SEASON_ONLY
2013-06-30,2013,EUR_CL,,FC Schalke 04,Real Madrid,GER,ESP,1,6,,,SEASON_ONLY
2013-06-30,2013,EUR_CL,,Atlético Madrid,AC Milan,ESP,ITA,4,1,,,SEASON_ONLY
2013-06-30,2013,EUR_CL,,Bayern München,Arsenal FC,GER,ENG,1,1,,,SEASON_ONLY
2013-06-30,2013,EUR_CL,,FC Barcelona,Manchester City,ESP,ENG,2,1,,,SEASON_ONLY
2013-06-30,2013,EUR_CL,,Paris Saint-Germain,Bayer Leverkusen,FRA,GER,2,1,,,SEASON_ONLY
2013-06-30,2013,EUR_CL,,Chelsea FC,Galatasaray,ENG,TUR,2,0,,,SEASON_ONLY
2013-06-30,2013,EUR_CL,,Real Madrid,FC Schalke 04,ESP,GER,3,1,,,SEASON_ONLY
2013-06-30,2013,EUR_CL,,Manchester United,Olympiakos Piraeus,ENG,GRE,3,0,,,SEASON_ONLY
2013-06-30,2013,EUR_CL,,Borussia Dortmund,Zenit St. Petersburg,GER,RUS,1,2,,,SEASON_ONLY
2013-06-30,2013,EUR_CL,,FC Barcelona,Atlético Madrid,ESP,ESP,1,1,,,SEASON_ONLY
2013-06-30,2013,EUR_CL,,Manchester United,Bayern München,ENG,GER,1,1,,,SEASON_ONLY
2013-06-30,2013,EUR_CL,,Real Madrid,Borussia Dortmund,ESP,GER,3,0,,,SEASON_ONLY
2013-06-30,2013,EUR_CL,,Paris Saint-Germain,Chelsea FC,FRA,ENG,3,1,,,SEASON_ONLY
2013-06-30,2013,EUR_CL,,Borussia Dortmund,Real Madrid,GER,ESP,2,0,,,SEASON_ONLY
2013-06-30,2013,EUR_CL,,Chelsea FC,Paris Saint-Germain,ENG,FRA,2,0,,,SEASON_ONLY
2013-06-30,2013,EUR_CL,,Atlético Madrid,FC Barcelona,ESP,ESP,1,0,,,SEASON_ONLY
2013-06-30,2013,EUR_CL,,Bayern München,Manchester United,GER,ENG,3,1,,,SEASON_ONLY
2013-06-30,2013,EUR_CL,,Atlético Madrid,Chelsea FC,ESP,ENG,0,0,,,SEASON_ONLY
2013-06-30,2013,EUR_CL,,Real Madrid,Bayern München,ESP,GER,1,0,,,SEASON_ONLY
2013-06-30,2013,EUR_CL,,Bayern München,Real Madrid,GER,ESP,0,4,,,SEASON_ONLY
2013-06-30,2013,EUR_CL,,Chelsea FC,Atlético Madrid,ENG,ESP,1,3,,,SEASON_ONLY
2013-06-30,2013,EUR_CL,,Real Madrid,Atlético Madrid,ESP,ESP,4,1,,,SEASON_ONLY
2014-06-30,2014,EUR_CL,,Olympiakos Piraeus,Atlético Madrid,GRE,ESP,3,2,,,SEASON_ONLY
2014-06-30,2014,EUR_CL,,Juventus,Malmö FF,ITA,SWE,2,0,,,SEASON_ONLY
2014-06-30,2014,EUR_CL,,Atlético Madrid,Juventus,ESP,ITA,1,0,,,SEASON_ONLY
2014-06-30,2014,EUR_CL,,Malmö FF,Olympiakos Piraeus,SWE,GRE,2,0,,,SEASON_ONLY
2014-06-30,2014,EUR_CL,,Atlético Madrid,Malmö FF,ESP,SWE,5,0,,,SEASON_ONLY
2014-06-30,2014,EUR_CL,,Olympiakos Piraeus,Juventus,GRE,ITA,1,0,,,SEASON_ONLY
2014-06-30,2014,EUR_CL,,Malmö FF,Atlético Madrid,SWE,ESP,0,2,,,SEASON_ONLY
2014-06-30,2014,EUR_CL,,Juventus,Olympiakos Piraeus,ITA,GRE,3,2,,,SEASON_ONLY
2014-06-30,2014,EUR_CL,,Atlético Madrid,Olympiakos Piraeus,ESP,GRE,4,0,,,SEASON_ONLY
2014-06-30,2014,EUR_CL,,Malmö FF,Juventus,SWE,ITA,0,2,,,SEASON_ONLY
2014-06-30,2014,EUR_CL,,Juventus,Atlético Madrid,ITA,ESP,0,0,,,SEASON_ONLY
2014-06-30,2014,EUR_CL,,Olympiakos Piraeus,Malmö FF,GRE,SWE,4,2,,,SEASON_ONLY
2014-06-30,2014,EUR_CL,,Real Madrid,FC Basel 1893,ESP,SUI,5,1,,,SEASON_ONLY
2014-06-30,2014,EUR_CL,,Liverpool FC,PFC Ludogorets Razgrad,ENG,BUL,2,1,,,SEASON_ONLY
2014-06-30,2014,EUR_CL,,FC Basel 1893,Liverpool FC,SUI,ENG,1,0,,,SEASON_ONLY
2014-06-30,2014,EUR_CL,,PFC Ludogorets Razgrad,Real Madrid,BUL,ESP,1,2,,,SEASON_ONLY
2014-06-30,2014,EUR_CL,,PFC Ludogorets Razgrad,FC Basel 1893,BUL,SUI,1,0,,,SEASON_ONLY
2014-06-30,2014,EUR_CL,,Liverpool FC,Real Madrid,ENG,ESP,0,3,,,SEASON_ONLY
2014-06-30,2014,EUR_CL,,FC Basel 1893,PFC Ludogorets Razgrad,SUI,BUL,4,0,,,SEASON_ONLY
2014-06-30,2014,EUR_CL,,Real Madrid,Liverpool FC,ESP,ENG,1,0,,,SEASON_ONLY
2014-06-30,2014,EUR_CL,,FC Basel 1893,Real Madrid,SUI,ESP,0,1,,,SEASON_ONLY
2014-06-30,2014,EUR_CL,,PFC Ludogorets Razgrad,Liverpool FC,BUL,ENG,2,2,,,SEASON_ONLY
2014-06-30,2014,EUR_CL,,Liverpool FC,FC Basel 1893,ENG,SUI,1,1,,,SEASON_ONLY
2014-06-30,2014,EUR_CL,,Real Madrid,PFC Ludogorets Razgrad,ESP,BUL,4,0,,,SEASON_ONLY
2014-06-30,2014,EUR_CL,,AS Monaco,Bayer Leverkusen,FRA,GER,1,0,,,SEASON_ONLY
2014-06-30,2014,EUR_CL,,SL Benfica,Zenit St. Petersburg,POR,RUS,0,2,,,SEASON_ONLY
2014-06-30,2014,EUR_CL,,Zenit St. Petersburg,AS Monaco,RUS,FRA,0,0,,,SEASON_ONLY
2014-06-30,2014,EUR_CL,,Bayer Leverkusen,SL Benfica,GER,POR,3,1,,,SEASON_ONLY
2014-06-30,2014,EUR_CL,,AS Monaco,SL Benfica,FRA,POR,0,0,,,SEASON_ONLY
2014-06-30,2014,EUR_CL,,Bayer Leverkusen,Zenit St. Petersburg,GER,RUS,2,0,,,SEASON_ONLY
2014-06-30,2014,EUR_CL,,Zenit St. Petersburg,Bayer Leverkusen,RUS,GER,1,2,,,SEASON_ONLY
2014-06-30,2014,EUR_CL,,SL Benfica,AS Monaco,POR,FRA,1,0,,,SEASON_ONLY
2014-06-30,2014,EUR_CL,,Zenit St. Petersburg,SL Benfica,RUS,POR,1,0,,,SEASON_ONLY
2014-06-30,2014,EUR_CL,,Bayer Leverkusen,AS Monaco,GER,FRA,0,1,,,SEASON_ONLY
2014-06-30,2014,EUR_CL,,AS Monaco,Zenit St. Petersburg,FRA,RUS,2,0,,,SEASON_ONLY
2014-06-30,2014,EUR_CL,,SL Benfica,Bayer Leverkusen,POR,GER,0,0,,,SEASON_ONLY
2014-06-30,2014,EUR_CL,,Borussia Dortmund,Arsenal FC,GER,ENG,2,0,,,SEASON_ONLY
2014-06-30,2014,EUR_CL,,Galatasaray,RSC Anderlecht,TUR,BEL,1,1,,,SEASON_ONLY
2014-06-30,2014,EUR_CL,,Arsenal FC,Galatasaray,ENG,TUR,4,1,,,SEASON_ONLY
2014-06-30,2014,EUR_CL,,RSC Anderlecht,Borussia Dortmund,BEL,GER,0,3,,,SEASON_ONLY
2014-06-30,2014,EUR_CL,,RSC Anderlecht,Arsenal FC,BEL,ENG,1,2,,,SEASON_ONLY
2014-06-30,2014,EUR_CL,,Galatasaray,Borussia Dortmund,TUR,GER,0,4,,,SEASON_ONLY
2014-06-30,2014,EUR_CL,,Arsenal FC,RSC Anderlecht,ENG,BEL,3,3,,,SEASON_ONLY
2014-06-30,2014,EUR_CL,,Borussia Dortmund,Galatasaray,GER,TUR,4,1,,,SEASON_ONLY
2014-06-30,2014,EUR_CL,,Arsenal FC,Borussia Dortmund,ENG,GER,2,0,,,SEASON_ONLY
2014-06-30,2014,EUR_CL,,RSC Anderlecht,Galatasaray,BEL,TUR,2,0,,,SEASON_ONLY
2014-06-30,2014,EUR_CL,,Galatasaray,Arsenal FC,TUR,ENG,1,4,,,SEASON_ONLY
2014-06-30,2014,EUR_CL,,Borussia Dortmund,RSC Anderlecht,GER,BEL,1,1,,,SEASON_ONLY
2014-06-30,2014,EUR_CL,,AS Roma,CSKA Moskva,ITA,RUS,5,1,,,SEASON_ONLY
2014-06-30,2014,EUR_CL,,Bayern München,Manchester City,GER,ENG,1,0,,,SEASON_ONLY
2014-06-30,2014,EUR_CL,,CSKA Moskva,Bayern München,RUS,GER,0,1,,,SEASON_ONLY
2014-06-30,2014,EUR_CL,,Manchester City,AS Roma,ENG,ITA,1,1,,,SEASON_ONLY
2014-06-30,2014,EUR_CL,,CSKA Moskva,Manchester City,RUS,ENG,2,2,,,SEASON_ONLY
2014-06-30,2014,EUR_CL,,AS Roma,Bayern München,ITA,GER,1,7,,,SEASON_ONLY
2014-06-30,2014,EUR_CL,,Bayern München,AS Roma,GER,ITA,2,0,,,SEASON_ONLY
2014-06-30,2014,EUR_CL,,Manchester City,CSKA Moskva,ENG,RUS,1,2,,,SEASON_ONLY
2014-06-30,2014,EUR_CL,,CSKA Moskva,AS Roma,RUS,ITA,1,1,,,SEASON_ONLY
2014-06-30,2014,EUR_CL,,Manchester City,Bayern München,ENG,GER,3,2,,,SEASON_ONLY
2014-06-30,2014,EUR_CL,,AS Roma,Manchester City,ITA,ENG,0,2,,,SEASON_ONLY
2014-06-30,2014,EUR_CL,,Bayern München,CSKA Moskva,GER,RUS,3,0,,,SEASON_ONLY
2014-06-30,2014,EUR_CL,,AFC Ajax,Paris Saint-Germain,NED,FRA,1,1,,,SEASON_ONLY
2014-06-30,2014,EUR_CL,,FC Barcelona,APOEL Nikosia,ESP,CYP,1,0,,,SEASON_ONLY
2014-06-30,2014,EUR_CL,,APOEL Nikosia,AFC Ajax,CYP,NED,1,1,,,SEASON_ONLY
2014-06-30,2014,EUR_CL,,Paris Saint-Germain,FC Barcelona,FRA,ESP,3,2,,,SEASON_ONLY
2014-06-30,2014,EUR_CL,,FC Barcelona,AFC Ajax,ESP,NED,3,1,,,SEASON_ONLY
2014-06-30,2014,EUR_CL,,APOEL Nikosia,Paris Saint-Germain,CYP,FRA,0,1,,,SEASON_ONLY
2014-06-30,2014,EUR_CL,,AFC Ajax,FC Barcelona,NED,ESP,0,2,,,SEASON_ONLY
2014-06-30,2014,EUR_CL,,Paris Saint-Germain,APOEL Nikosia,FRA,CYP,1,0,,,SEASON_ONLY
2014-06-30,2014,EUR_CL,,Paris Saint-Germain,AFC Ajax,FRA,NED,3,1,,,SEASON_ONLY
2014-06-30,2014,EUR_CL,,APOEL Nikosia,FC Barcelona,CYP,ESP,0,4,,,SEASON_ONLY
2014-06-30,2014,EUR_CL,,AFC Ajax,APOEL Nikosia,NED,CYP,4,0,,,SEASON_ONLY
2014-06-30,2014,EUR_CL,,FC Barcelona,Paris Saint-Germain,ESP,FRA,3,1,,,SEASON_ONLY
2014-06-30,2014,EUR_CL,,Chelsea FC,FC Schalke 04,ENG,GER,1,1,,,SEASON_ONLY
2014-06-30,2014,EUR_CL,,NK Maribor,Sporting CP,SVN,POR,1,1,,,SEASON_ONLY
2014-06-30,2014,EUR_CL,,Sporting CP,Chelsea FC,POR,ENG,0,1,,,SEASON_ONLY
2014-06-30,2014,EUR_CL,,FC Schalke 04,NK Maribor,GER,SVN,1,1,,,SEASON_ONLY
2014-06-30,2014,EUR_CL,,Chelsea FC,NK Maribor,ENG,SVN,6,0,,,SEASON_ONLY
2014-06-30,2014,EUR_CL,,FC Schalke 04,Sporting CP,GER,POR,4,3,,,SEASON_ONLY
2014-06-30,2014,EUR_CL,,NK Maribor,Chelsea FC,SVN,ENG,1,1,,,SEASON_ONLY
2014-06-30,2014,EUR_CL,,Sporting CP,FC Schalke 04,POR,GER,4,2,,,SEASON_ONLY
2014-06-30,2014,EUR_CL,,FC Schalke 04,Chelsea FC,GER,ENG,0,5,,,SEASON_ONLY
2014-06-30,2014,EUR_CL,,Sporting CP,NK Maribor,POR,SVN,3,1,,,SEASON_ONLY
2014-06-30,2014,EUR_CL,,Chelsea FC,Sporting CP,ENG,POR,3,1,,,SEASON_ONLY
2014-06-30,2014,EUR_CL,,NK Maribor,FC Schalke 04,SVN,GER,0,1,,,SEASON_ONLY
2014-06-30,2014,EUR_CL,,Athletic Club,Shakhtar Donetsk,ESP,UKR,0,0,,,SEASON_ONLY
2014-06-30,2014,EUR_CL,,FC Porto,BATE Borisov,POR,BLR,6,0,,,SEASON_ONLY
2014-06-30,2014,EUR_CL,,BATE Borisov,Athletic Club,BLR,ESP,2,1,,,SEASON_ONLY
2014-06-30,2014,EUR_CL,,Shakhtar Donetsk,FC Porto,UKR,POR,2,2,,,SEASON_ONLY
2014-06-30,2014,EUR_CL,,FC Porto,Athletic Club,POR,ESP,2,1,,,SEASON_ONLY
2014-06-30,2014,EUR_CL,,BATE Borisov,Shakhtar Donetsk,BLR,UKR,0,7,,,SEASON_ONLY
2014-06-30,2014,EUR_CL,,Athletic Club,FC Porto,ESP,POR,0,2,,,SEASON_ONLY
2014-06-30,2014,EUR_CL,,Shakhtar Donetsk,BATE Borisov,UKR,BLR,5,0,,,SEASON_ONLY
2014-06-30,2014,EUR_CL,,BATE Borisov,FC Porto,BLR,POR,0,3,,,SEASON_ONLY
2014-06-30,2014,EUR_CL,,Shakhtar Donetsk,Athletic Club,UKR,ESP,0,1,,,SEASON_ONLY
2014-06-30,2014,EUR_CL,,Athletic Club,BATE Borisov,ESP,BLR,2,0,,,SEASON_ONLY
2014-06-30,2014,EUR_CL,,FC Porto,Shakhtar Donetsk,POR,UKR,1,1,,,SEASON_ONLY
2014-06-30,2014,EUR_CL,,Paris Saint-Germain,Chelsea FC,FRA,ENG,1,1,,,SEASON_ONLY
2014-06-30,2014,EUR_CL,,Shakhtar Donetsk,Bayern München,UKR,GER,0,0,,,SEASON_ONLY
2014-06-30,2014,EUR_CL,,FC Schalke 04,Real Madrid,GER,ESP,0,2,,,SEASON_ONLY
2014-06-30,2014,EUR_CL,,FC Basel 1893,FC Porto,SUI,POR,1,1,,,SEASON_ONLY
2014-06-30,2014,EUR_CL,,Manchester City,FC Barcelona,ENG,ESP,1,2,,,SEASON_ONLY
2014-06-30,2014,EUR_CL,,Juventus,Borussia Dortmund,ITA,GER,2,1,,,SEASON_ONLY
2014-06-30,2014,EUR_CL,,Bayer Leverkusen,Atlético Madrid,GER,ESP,1,0,,,SEASON_ONLY
2014-06-30,2014,EUR_CL,,Arsenal FC,AS Monaco,ENG,FRA,1,3,,,SEASON_ONLY
2014-06-30,2014,EUR_CL,,Real Madrid,FC Schalke 04,ESP,GER,3,4,,,SEASON_ONLY
2014-06-30,2014,EUR_CL,,FC Porto,FC Basel 1893,POR,SUI,4,0,,,SEASON_ONLY
2014-06-30,2014,EUR_CL,,Chelsea FC,Paris Saint-Germain,ENG,FRA,2,2,,,SEASON_ONLY
2014-06-30,2014,EUR_CL,,Bayern München,Shakhtar Donetsk,GER,UKR,7,0,,,SEASON_ONLY
2014-06-30,2014,EUR_CL,,Atlético Madrid,Bayer Leverkusen,ESP,GER,3,2,,,SEASON_ONLY
2014-06-30,2014,EUR_CL,,AS Monaco,Arsenal FC,FRA,ENG,0,2,,,SEASON_ONLY
2014-06-30,2014,EUR_CL,,FC Barcelona,Manchester City,ESP,ENG,1,0,,,SEASON_ONLY
2014-06-30,2014,EUR_CL,,Borussia Dortmund,Juventus,GER,ITA,0,3,,,SEASON_ONLY
2014-06-30,2014,EUR_CL,,Atlético Madrid,Real Madrid,ESP,ESP,0,0,,,SEASON_ONLY
2014-06-30,2014,EUR_CL,,Juventus,AS Monaco,ITA,FRA,1,0,,,SEASON_ONLY
2014-06-30,2014,EUR_CL,,Paris Saint-Germain,FC Barcelona,FRA,ESP,1,3,,,SEASON_ONLY
2014-06-30,2014,EUR_CL,,FC Porto,Bayern München,POR,GER,3,1,,,SEASON_ONLY
2014-06-30,2014,EUR_CL,,FC Barcelona,Paris Saint-Germain,ESP,FRA,2,0,,,SEASON_ONLY
2014-06-30,2014,EUR_CL,,Bayern München,FC Porto,GER,POR,6,1,,,SEASON_ONLY
2014-06-30,2014,EUR_CL,,Real Madrid,Atlético Madrid,ESP,ESP,1,0,,,SEASON_ONLY
2014-06-30,2014,EUR_CL,,AS Monaco,Juventus,FRA,ITA,0,0,,,SEASON_ONLY
2014-06-30,2014,EUR_CL,,Juventus,Real Madrid,ITA,ESP,2,1,,,SEASON_ONLY
2014-06-30,2014,EUR_CL,,FC Barcelona,Bayern München,ESP,GER,3,0,,,SEASON_ONLY
2014-06-30,2014,EUR_CL,,Bayern München,FC Barcelona,GER,ESP,3,2,,,SEASON_ONLY
2014-06-30,2014,EUR_CL,,Real Madrid,Juventus,ESP,ITA,1,1,,,SEASON_ONLY
2014-06-30,2014,EUR_CL,,Juventus,FC Barcelona,ITA,ESP,1,3,,,SEASON_ONLY
2015-06-30,2015,EUR_CL,,Real Madrid,Shakhtar Donetsk,ESP,UKR,4,0,,,SEASON_ONLY
2015-06-30,2015,EUR_CL,,Paris Saint-Germain,Malmö FF,FRA,SWE,2,0,,,SEASON_ONLY
2015-06-30,2015,EUR_CL,,Malmö FF,Real Madrid,SWE,ESP,0,2,,,SEASON_ONLY
2015-06-30,2015,EUR_CL,,Shakhtar Donetsk,Paris Saint-Germain,UKR,FRA,0,3,,,SEASON_ONLY
2015-06-30,2015,EUR_CL,,Paris Saint-Germain,Real Madrid,FRA,ESP,0,0,,,SEASON_ONLY
2015-06-30,2015,EUR_CL,,Malmö FF,Shakhtar Donetsk,SWE,UKR,1,0,,,SEASON_ONLY
2015-06-30,2015,EUR_CL,,Real Madrid,Paris Saint-Germain,ESP,FRA,1,0,,,SEASON_ONLY
2015-06-30,2015,EUR_CL,,Shakhtar Donetsk,Malmö FF,UKR,SWE,4,0,,,SEASON_ONLY
2015-06-30,2015,EUR_CL,,Malmö FF,Paris Saint-Germain,SWE,FRA,0,5,,,SEASON_ONLY
2015-06-30,2015,EUR_CL,,Shakhtar Donetsk,Real Madrid,UKR,ESP,3,4,,,SEASON_ONLY
2015-06-30,2015,EUR_CL,,Paris Saint-Germain,Shakhtar Donetsk,FRA,UKR,2,0,,,SEASON_ONLY
2015-06-30,2015,EUR_CL,,Real Madrid,Malmö FF,ESP,SWE,8,0,,,SEASON_ONLY
2015-06-30,2015,EUR_CL,,VfL Wolfsburg,CSKA Moskva,GER,RUS,1,0,,,SEASON_ONLY
2015-06-30,2015,EUR_CL,,PSV Eindhoven,Manchester United,NED,ENG,2,1,,,SEASON_ONLY
2015-06-30,2015,EUR_CL,,CSKA Moskva,PSV Eindhoven,RUS,NED,3,2,,,SEASON_ONLY
2015-06-30,2015,EUR_CL,,Manchester United,VfL Wolfsburg,ENG,GER,2,1,,,SEASON_ONLY
2015-06-30,2015,EUR_CL,,CSKA Moskva,Manchester United,RUS,ENG,1,1,,,SEASON_ONLY
2015-06-30,2015,EUR_CL,,VfL Wolfsburg,PSV Eindhoven,GER,NED,2,0,,,SEASON_ONLY
2015-06-30,2015,EUR_CL,,PSV Eindhoven,VfL Wolfsburg,NED,GER,2,0,,,SEASON_ONLY
2015-06-30,2015,EUR_CL,,Manchester United,CSKA Moskva,ENG,RUS,1,0,,,SEASON_ONLY
2015-06-30,2015,EUR_CL,,CSKA Moskva,VfL Wolfsburg,RUS,GER,0,2,,,SEASON_ONLY
2015-06-30,2015,EUR_CL,,Manchester United,PSV Eindhoven,ENG,NED,0,0,,,SEASON_ONLY
2015-06-30,2015,EUR_CL,,VfL Wolfsburg,Manchester United,GER,ENG,3,2,,,SEASON_ONLY
2015-06-30,2015,EUR_CL,,PSV Eindhoven,CSKA Moskva,NED,RUS,2,1,,,SEASON_ONLY
2015-06-30,2015,EUR_CL,,SL Benfica,FK Astana,POR,KAZ,2,0,,,SEASON_ONLY
2015-06-30,2015,EUR_CL,,Galatasaray,Atlético Madrid,TUR,ESP,0,2,,,SEASON_ONLY
2015-06-30,2015,EUR_CL,,FK Astana,Galatasaray,KAZ,TUR,2,2,,,SEASON_ONLY
2015-06-30,2015,EUR_CL,,Atlético Madrid,SL Benfica,ESP,POR,1,2,,,SEASON_ONLY
2015-06-30,2015,EUR_CL,,Galatasaray,SL Benfica,TUR,POR,2,1,,,SEASON_ONLY
2015-06-30,2015,EUR_CL,,Atlético Madrid,FK Astana,ESP,KAZ,4,0,,,SEASON_ONLY
2015-06-30,2015,EUR_CL,,FK Astana,Atlético Madrid,KAZ,ESP,0,0,,,SEASON_ONLY
2015-06-30,2015,EUR_CL,,SL Benfica,Galatasaray,POR,TUR,2,1,,,SEASON_ONLY
2015-06-30,2015,EUR_CL,,FK Astana,SL Benfica,KAZ,POR,2,2,,,SEASON_ONLY
2015-06-30,2015,EUR_CL,,Atlético Madrid,Galatasaray,ESP,TUR,2,0,,,SEASON_ONLY
2015-06-30,2015,EUR_CL,,Galatasaray,FK Astana,TUR,KAZ,1,1,,,SEASON_ONLY
2015-06-30,2015,EUR_CL,,SL Benfica,Atlético Madrid,POR,ESP,1,2,,,SEASON_ONLY
2015-06-30,2015,EUR_CL,,Sevilla FC,Bor. Mönchengladbach,ESP,GER,3,0,,,SEASON_ONLY
2015-06-30,2015,EUR_CL,,Manchester City,Juventus,ENG,ITA,1,2,,,SEASON_ONLY
2015-06-30,2015,EUR_CL,,Juventus,Sevilla FC,ITA,ESP,2,0,,,SEASON_ONLY
2015-06-30,2015,EUR_CL,,Bor. Mönchengladbach,Manchester City,GER,ENG,1,2,,,SEASON_ONLY
2015-06-30,2015,EUR_CL,,Manchester City,Sevilla FC,ENG,ESP,2,1,,,SEASON_ONLY
2015-06-30,2015,EUR_CL,,Juventus,Bor. Mönchengladbach,ITA,GER,0,0,,,SEASON_ONLY
2015-06-30,2015,EUR_CL,,Bor. Mönchengladbach,Juventus,GER,ITA,1,1,,,SEASON_ONLY
2015-06-30,2015,EUR_CL,,Sevilla FC,Manchester City,ESP,ENG,1,3,,,SEASON_ONLY
2015-06-30,2015,EUR_CL,,Juventus,Manchester City,ITA,ENG,1,0,,,SEASON_ONLY
2015-06-30,2015,EUR_CL,,Bor. Mönchengladbach,Sevilla FC,GER,ESP,4,2,,,SEASON_ONLY
2015-06-30,2015,EUR_CL,,Manchester City,Bor. Mönchengladbach,ENG,GER,4,2,,,SEASON_ONLY
2015-06-30,2015,EUR_CL,,Sevilla FC,Juventus,ESP,ITA,1,0,,,SEASON_ONLY
2015-06-30,2015,EUR_CL,,AS Roma,FC Barcelona,ITA,ESP,1,1,,,SEASON_ONLY
2015-06-30,2015,EUR_CL,,Bayer Leverkusen,BATE Borisov,GER,BLR,4,1,,,SEASON_ONLY
2015-06-30,2015,EUR_CL,,FC Barcelona,Bayer Leverkusen,ESP,GER,2,1,,,SEASON_ONLY
2015-06-30,2015,EUR_CL,,BATE Borisov,AS Roma,BLR,ITA,3,2,,,SEASON_ONLY
2015-06-30,2015,EUR_CL,,BATE Borisov,FC Barcelona,BLR,ESP,0,2,,,SEASON_ONLY
2015-06-30,2015,EUR_CL,,Bayer Leverkusen,AS Roma,GER,ITA,4,4,,,SEASON_ONLY
2015-06-30,2015,EUR_CL,,AS Roma,Bayer Leverkusen,ITA,GER,3,2,,,SEASON_ONLY
2015-06-30,2015,EUR_CL,,FC Barcelona,BATE Borisov,ESP,BLR,3,0,,,SEASON_ONLY
2015-06-30,2015,EUR_CL,,BATE Borisov,Bayer Leverkusen,BLR,GER,1,1,,,SEASON_ONLY
2015-06-30,2015,EUR_CL,,FC Barcelona,AS Roma,ESP,ITA,6,1,,,SEASON_ONLY
2015-06-30,2015,EUR_CL,,Bayer Leverkusen,FC Barcelona,GER,ESP,1,1,,,SEASON_ONLY
2015-06-30,2015,EUR_CL,,AS Roma,BATE Borisov,ITA,BLR,0,0,,,SEASON_ONLY
2015-06-30,2015,EUR_CL,,Olympiakos Piraeus,Bayern München,GRE,GER,0,3,,,SEASON_ONLY
2015-06-30,2015,EUR_CL,,Dinamo Zagreb,Arsenal FC,CRO,ENG,2,1,,,SEASON_ONLY
2015-06-30,2015,EUR_CL,,Arsenal FC,Olympiakos Piraeus,ENG,GRE,2,3,,,SEASON_ONLY
2015-06-30,2015,EUR_CL,,Bayern München,Dinamo Zagreb,GER,CRO,5,0,,,SEASON_ONLY
2015-06-30,2015,EUR_CL,,Arsenal FC,Bayern München,ENG,GER,2,0,,,SEASON_ONLY
2015-06-30,2015,EUR_CL,,Dinamo Zagreb,Olympiakos Piraeus,CRO,GRE,0,1,,,SEASON_ONLY
2015-06-30,2015,EUR_CL,,Bayern München,Arsenal FC,GER,ENG,5,1,,,SEASON_ONLY
2015-06-30,2015,EUR_CL,,Olympiakos Piraeus,Dinamo Zagreb,GRE,CRO,2,1,,,SEASON_ONLY
2015-06-30,2015,EUR_CL,,Bayern München,Olympiakos Piraeus,GER,GRE,4,0,,,SEASON_ONLY
2015-06-30,2015,EUR_CL,,Arsenal FC,Dinamo Zagreb,ENG,CRO,3,0,,,SEASON_ONLY
2015-06-30,2015,EUR_CL,,Dinamo Zagreb,Bayern München,CRO,GER,0,2,,,SEASON_ONLY
2015-06-30,2015,EUR_CL,,Olympiakos Piraeus,Arsenal FC,GRE,ENG,0,3,,,SEASON_ONLY
2015-06-30,2015,EUR_CL,,Dinamo Kiev,FC Porto,UKR,POR,2,2,,,SEASON_ONLY
2015-06-30,2015,EUR_CL,,Chelsea FC,Maccabi Tel Aviv,ENG,ISR,4,0,,,SEASON_ONLY
2015-06-30,2015,EUR_CL,,FC Porto,Chelsea FC,POR,ENG,2,1,,,SEASON_ONLY
2015-06-30,2015,EUR_CL,,Maccabi Tel Aviv,Dinamo Kiev,ISR,UKR,0,2,,,SEASON_ONLY
2015-06-30,2015,EUR_CL,,FC Porto,Maccabi Tel Aviv,POR,ISR,2,0,,,SEASON_ONLY
2015-06-30,2015,EUR_CL,,Dinamo Kiev,Chelsea FC,UKR,ENG,0,0,,,SEASON_ONLY
2015-06-30,2015,EUR_CL,,Chelsea FC,Dinamo Kiev,ENG,UKR,2,1,,,SEASON_ONLY
2015-06-30,2015,EUR_CL,,Maccabi Tel Aviv,FC Porto,ISR,POR,1,3,,,SEASON_ONLY
2015-06-30,2015,EUR_CL,,Maccabi Tel Aviv,Chelsea FC,ISR,ENG,0,4,,,SEASON_ONLY
2015-06-30,2015,EUR_CL,,FC Porto,Dinamo Kiev,POR,UKR,0,2,,,SEASON_ONLY
2015-06-30,2015,EUR_CL,,Chelsea FC,FC Porto,ENG,POR,2,0,,,SEASON_ONLY
2015-06-30,2015,EUR_CL,,Dinamo Kiev,Maccabi Tel Aviv,UKR,ISR,1,0,,,SEASON_ONLY
2015-06-30,2015,EUR_CL,,Valencia CF,Zenit St. Petersburg,ESP,RUS,2,3,,,SEASON_ONLY
2015-06-30,2015,EUR_CL,,KAA Gent,Olympique Lyonnais,BEL,FRA,1,1,,,SEASON_ONLY
2015-06-30,2015,EUR_CL,,Olympique Lyonnais,Valencia CF,FRA,ESP,0,1,,,SEASON_ONLY
2015-06-30,2015,EUR_CL,,Zenit St. Petersburg,KAA Gent,RUS,BEL,2,1,,,SEASON_ONLY
2015-06-30,2015,EUR_CL,,Valencia CF,KAA Gent,ESP,BEL,2,1,,,SEASON_ONLY
2015-06-30,2015,EUR_CL,,Zenit St. Petersburg,Olympique Lyonnais,RUS,FRA,3,1,,,SEASON_ONLY
2015-06-30,2015,EUR_CL,,Olympique Lyonnais,Zenit St. Petersburg,FRA,RUS,0,2,,,SEASON_ONLY
2015-06-30,2015,EUR_CL,,KAA Gent,Valencia CF,BEL,ESP,1,0,,,SEASON_ONLY
2015-06-30,2015,EUR_CL,,Zenit St. Petersburg,Valencia CF,RUS,ESP,2,0,,,SEASON_ONLY
2015-06-30,2015,EUR_CL,,Olympique Lyonnais,KAA Gent,FRA,BEL,1,2,,,SEASON_ONLY
2015-06-30,2015,EUR_CL,,Valencia CF,Olympique Lyonnais,ESP,FRA,0,2,,,SEASON_ONLY
2015-06-30,2015,EUR_CL,,KAA Gent,Zenit St. Petersburg,BEL,RUS,2,1,,,SEASON_ONLY
2015-06-30,2015,EUR_CL,,Paris Saint-Germain,Chelsea FC,FRA,ENG,2,1,,,SEASON_ONLY
2015-06-30,2015,EUR_CL,,SL Benfica,Zenit St. Petersburg,POR,RUS,1,0,,,SEASON_ONLY
2015-06-30,2015,EUR_CL,,KAA Gent,VfL Wolfsburg,BEL,GER,2,3,,,SEASON_ONLY
2015-06-30,2015,EUR_CL,,AS Roma,Real Madrid,ITA,ESP,0,2,,,SEASON_ONLY
2015-06-30,2015,EUR_CL,,Arsenal FC,FC Barcelona,ENG,ESP,0,2,,,SEASON_ONLY
2015-06-30,2015,EUR_CL,,Juventus,Bayern München,ITA,GER,2,2,,,SEASON_ONLY
2015-06-30,2015,EUR_CL,,PSV Eindhoven,Atlético Madrid,NED,ESP,0,0,,,SEASON_ONLY
2015-06-30,2015,EUR_CL,,Dinamo Kiev,Manchester City,UKR,ENG,1,3,,,SEASON_ONLY
2015-06-30,2015,EUR_CL,,VfL Wolfsburg,KAA Gent,GER,BEL,1,0,,,SEASON_ONLY
2015-06-30,2015,EUR_CL,,Real Madrid,AS Roma,ESP,ITA,2,0,,,SEASON_ONLY
2015-06-30,2015,EUR_CL,,Zenit St. Petersburg,SL Benfica,RUS,POR,1,2,,,SEASON_ONLY
2015-06-30,2015,EUR_CL,,Chelsea FC,Paris Saint-Germain,ENG,FRA,1,2,,,SEASON_ONLY
2015-06-30,2015,EUR_CL,,Atlético Madrid,PSV Eindhoven,ESP,NED,8,7,,,SEASON_ONLY
2015-06-30,2015,EUR_CL,,Manchester City,Dinamo Kiev,ENG,UKR,0,0,,,SEASON_ONLY
2015-06-30,2015,EUR_CL,,FC Barcelona,Arsenal FC,ESP,ENG,3,1,,,SEASON_ONLY
2015-06-30,2015,EUR_CL,,Bayern München,Juventus,GER,ITA,4,2,,,SEASON_ONLY
2015-06-30,2015,EUR_CL,,Bayern München,SL Benfica,GER,POR,1,0,,,SEASON_ONLY
2015-06-30,2015,EUR_CL,,FC Barcelona,Atlético Madrid,ESP,ESP,2,1,,,SEASON_ONLY
2015-06-30,2015,EUR_CL,,VfL Wolfsburg,Real Madrid,GER,ESP,2,0,,,SEASON_ONLY
2015-06-30,2015,EUR_CL,,Paris Saint-Germain,Manchester City,FRA,ENG,2,2,,,SEASON_ONLY
2015-06-30,2015,EUR_CL,,Real Madrid,VfL Wolfsburg,ESP,GER,3,0,,,SEASON_ONLY
2015-06-30,2015,EUR_CL,,Manchester City,Paris Saint-Germain,ENG,FRA,1,0,,,SEASON_ONLY
2015-06-30,2015,EUR_CL,,SL Benfica,Bayern München,POR,GER,2,2,,,SEASON_ONLY
2015-06-30,2015,EUR_CL,,Atlético Madrid,FC Barcelona,ESP,ESP,2,0,,,SEASON_ONLY
2015-06-30,2015,EUR_CL,,Manchester City,Real Madrid,ENG,ESP,0,0,,,SEASON_ONLY
2015-06-30,2015,EUR_CL,,Atlético Madrid,Bayern München,ESP,GER,1,0,,,SEASON_ONLY
2015-06-30,2015,EUR_CL,,Bayern München,Atlético Madrid,GER,ESP,2,1,,,SEASON_ONLY
2015-06-30,2015,EUR_CL,,Real Madrid,Manchester City,ESP,ENG,1,0,,,SEASON_ONLY
2015-06-30,2015,EUR_CL,,Real Madrid,Atlético Madrid,ESP,ESP,5,3,,,SEASON_ONLY
2016-06-30,2016,EUR_CL,,FC Basel 1893,PFC Ludogorets Razgrad,SUI,BUL,1,1,,,SEASON_ONLY
2016-06-30,2016,EUR_CL,,Paris Saint-Germain,Arsenal FC,FRA,ENG,1,1,,,SEASON_ONLY
2016-06-30,2016,EUR_CL,,Arsenal FC,FC Basel 1893,ENG,SUI,2,0,,,SEASON_ONLY
2016-06-30,2016,EUR_CL,,PFC Ludogorets Razgrad,Paris Saint-Germain,BUL,FRA,1,3,,,SEASON_ONLY
2016-06-30,2016,EUR_CL,,Arsenal FC,PFC Ludogorets Razgrad,ENG,BUL,6,0,,,SEASON_ONLY
2016-06-30,2016,EUR_CL,,Paris Saint-Germain,FC Basel 1893,FRA,SUI,3,0,,,SEASON_ONLY
2016-06-30,2016,EUR_CL,,FC Basel 1893,Paris Saint-Germain,SUI,FRA,1,2,,,SEASON_ONLY
2016-06-30,2016,EUR_CL,,PFC Ludogorets Razgrad,Arsenal FC,BUL,ENG,2,3,,,SEASON_ONLY
2016-06-30,2016,EUR_CL,,Arsenal FC,Paris Saint-Germain,ENG,FRA,2,2,,,SEASON_ONLY
2016-06-30,2016,EUR_CL,,PFC Ludogorets Razgrad,FC Basel 1893,BUL,SUI,0,0,,,SEASON_ONLY
2016-06-30,2016,EUR_CL,,FC Basel 1893,Arsenal FC,SUI,ENG,1,4,,,SEASON_ONLY
2016-06-30,2016,EUR_CL,,Paris Saint-Germain,PFC Ludogorets Razgrad,FRA,BUL,2,2,,,SEASON_ONLY
2016-06-30,2016,EUR_CL,,Dinamo Kiev,SSC Napoli,UKR,ITA,1,2,,,SEASON_ONLY
2016-06-30,2016,EUR_CL,,SL Benfica,Beşiktaş,POR,TUR,1,1,,,SEASON_ONLY
2016-06-30,2016,EUR_CL,,Beşiktaş,Dinamo Kiev,TUR,UKR,1,1,,,SEASON_ONLY
2016-06-30,2016,EUR_CL,,SSC Napoli,SL Benfica,ITA,POR,4,2,,,SEASON_ONLY
2016-06-30,2016,EUR_CL,,Dinamo Kiev,SL Benfica,UKR,POR,0,2,,,SEASON_ONLY
2016-06-30,2016,EUR_CL,,SSC Napoli,Beşiktaş,ITA,TUR,2,3,,,SEASON_ONLY
2016-06-30,2016,EUR_CL,,Beşiktaş,SSC Napoli,TUR,ITA,1,1,,,SEASON_ONLY
2016-06-30,2016,EUR_CL,,SL Benfica,Dinamo Kiev,POR,UKR,1,0,,,SEASON_ONLY
2016-06-30,2016,EUR_CL,,Beşiktaş,SL Benfica,TUR,POR,3,3,,,SEASON_ONLY
2016-06-30,2016,EUR_CL,,SSC Napoli,Dinamo Kiev,ITA,UKR,0,0,,,SEASON_ONLY
2016-06-30,2016,EUR_CL,,Dinamo Kiev,Beşiktaş,UKR,TUR,6,0,,,SEASON_ONLY
2016-06-30,2016,EUR_CL,,SL Benfica,SSC Napoli,POR,ITA,1,2,,,SEASON_ONLY
2016-06-30,2016,EUR_CL,,FC Barcelona,Celtic FC,ESP,SCO,7,0,,,SEASON_ONLY
2016-06-30,2016,EUR_CL,,Manchester City,Bor. Mönchengladbach,ENG,GER,4,0,,,SEASON_ONLY
2016-06-30,2016,EUR_CL,,Bor. Mönchengladbach,FC Barcelona,GER,ESP,1,2,,,SEASON_ONLY
2016-06-30,2016,EUR_CL,,Celtic FC,Manchester City,SCO,ENG,3,3,,,SEASON_ONLY
2016-06-30,2016,EUR_CL,,Celtic FC,Bor. Mönchengladbach,SCO,GER,0,2,,,SEASON_ONLY
2016-06-30,2016,EUR_CL,,FC Barcelona,Manchester City,ESP,ENG,4,0,,,SEASON_ONLY
2016-06-30,2016,EUR_CL,,Bor. Mönchengladbach,Celtic FC,GER,SCO,1,1,,,SEASON_ONLY
2016-06-30,2016,EUR_CL,,Manchester City,FC Barcelona,ENG,ESP,3,1,,,SEASON_ONLY
2016-06-30,2016,EUR_CL,,Bor. Mönchengladbach,Manchester City,GER,ENG,1,1,,,SEASON_ONLY
2016-06-30,2016,EUR_CL,,Celtic FC,FC Barcelona,SCO,ESP,0,2,,,SEASON_ONLY
2016-06-30,2016,EUR_CL,,FC Barcelona,Bor. Mönchengladbach,ESP,GER,4,0,,,SEASON_ONLY
2016-06-30,2016,EUR_CL,,Manchester City,Celtic FC,ENG,SCO,1,1,,,SEASON_ONLY
2016-06-30,2016,EUR_CL,,Bayern München,FK Rostov,GER,RUS,5,0,,,SEASON_ONLY
2016-06-30,2016,EUR_CL,,PSV Eindhoven,Atlético Madrid,NED,ESP,0,1,,,SEASON_ONLY
2016-06-30,2016,EUR_CL,,Atlético Madrid,Bayern München,ESP,GER,1,0,,,SEASON_ONLY
2016-06-30,2016,EUR_CL,,FK Rostov,PSV Eindhoven,RUS,NED,2,2,,,SEASON_ONLY
2016-06-30,2016,EUR_CL,,Bayern München,PSV Eindhoven,GER,NED,4,1,,,SEASON_ONLY
2016-06-30,2016,EUR_CL,,FK Rostov,Atlético Madrid,RUS,ESP,0,1,,,SEASON_ONLY
2016-06-30,2016,EUR_CL,,Atlético Madrid,FK Rostov,ESP,RUS,2,1,,,SEASON_ONLY
2016-06-30,2016,EUR_CL,,PSV Eindhoven,Bayern München,NED,GER,1,2,,,SEASON_ONLY
2016-06-30,2016,EUR_CL,,FK Rostov,Bayern München,RUS,GER,3,2,,,SEASON_ONLY
2016-06-30,2016,EUR_CL,,Atlético Madrid,PSV Eindhoven,ESP,NED,2,0,,,SEASON_ONLY
2016-06-30,2016,EUR_CL,,Bayern München,Atlético Madrid,GER,ESP,1,0,,,SEASON_ONLY
2016-06-30,2016,EUR_CL,,PSV Eindhoven,FK Rostov,NED,RUS,0,0,,,SEASON_ONLY
2016-06-30,2016,EUR_CL,,Bayer Leverkusen,CSKA Moskva,GER,RUS,2,2,,,SEASON_ONLY
2016-06-30,2016,EUR_CL,,Tottenham Hotspur,AS Monaco,ENG,FRA,1,2,,,SEASON_ONLY
2016-06-30,2016,EUR_CL,,AS Monaco,Bayer Leverkusen,FRA,GER,1,1,,,SEASON_ONLY
2016-06-30,2016,EUR_CL,,CSKA Moskva,Tottenham Hotspur,RUS,ENG,0,1,,,SEASON_ONLY
2016-06-30,2016,EUR_CL,,Bayer Leverkusen,Tottenham Hotspur,GER,ENG,0,0,,,SEASON_ONLY
2016-06-30,2016,EUR_CL,,CSKA Moskva,AS Monaco,RUS,FRA,1,1,,,SEASON_ONLY
2016-06-30,2016,EUR_CL,,AS Monaco,CSKA Moskva,FRA,RUS,3,0,,,SEASON_ONLY
2016-06-30,2016,EUR_CL,,Tottenham Hotspur,Bayer Leverkusen,ENG,GER,0,1,,,SEASON_ONLY
2016-06-30,2016,EUR_CL,,CSKA Moskva,Bayer Leverkusen,RUS,GER,1,1,,,SEASON_ONLY
2016-06-30,2016,EUR_CL,,AS Monaco,Tottenham Hotspur,FRA,ENG,2,1,,,SEASON_ONLY
2016-06-30,2016,EUR_CL,,Bayer Leverkusen,AS Monaco,GER,FRA,3,0,,,SEASON_ONLY
2016-06-30,2016,EUR_CL,,Tottenham Hotspur,CSKA Moskva,ENG,RUS,3,1,,,SEASON_ONLY
2016-06-30,2016,EUR_CL,,Legia Warszawa,Borussia Dortmund,POL,GER,0,6,,,SEASON_ONLY
2016-06-30,2016,EUR_CL,,Real Madrid,Sporting CP,ESP,POR,2,1,,,SEASON_ONLY
2016-06-30,2016,EUR_CL,,Borussia Dortmund,Real Madrid,GER,ESP,2,2,,,SEASON_ONLY
2016-06-30,2016,EUR_CL,,Sporting CP,Legia Warszawa,POR,POL,2,0,,,SEASON_ONLY
2016-06-30,2016,EUR_CL,,Real Madrid,Legia Warszawa,ESP,POL,5,1,,,SEASON_ONLY
2016-06-30,2016,EUR_CL,,Sporting CP,Borussia Dortmund,POR,GER,1,2,,,SEASON_ONLY
2016-06-30,2016,EUR_CL,,Borussia Dortmund,Sporting CP,GER,POR,1,0,,,SEASON_ONLY
2016-06-30,2016,EUR_CL,,Legia Warszawa,Real Madrid,POL,ESP,3,3,,,SEASON_ONLY
2016-06-30,2016,EUR_CL,,Borussia Dortmund,Legia Warszawa,GER,POL,8,4,,,SEASON_ONLY
2016-06-30,2016,EUR_CL,,Sporting CP,Real Madrid,POR,ESP,1,2,,,SEASON_ONLY
2016-06-30,2016,EUR_CL,,Legia Warszawa,Sporting CP,POL,POR,1,0,,,SEASON_ONLY
2016-06-30,2016,EUR_CL,,Real Madrid,Borussia Dortmund,ESP,GER,2,2,,,SEASON_ONLY
2016-06-30,2016,EUR_CL,,Club Brugge KV,Leicester City,BEL,ENG,0,3,,,SEASON_ONLY
2016-06-30,2016,EUR_CL,,FC Porto,FC København,POR,DEN,1,1,,,SEASON_ONLY
2016-06-30,2016,EUR_CL,,FC København,Club Brugge KV,DEN,BEL,4,0,,,SEASON_ONLY
2016-06-30,2016,EUR_CL,,Leicester City,FC Porto,ENG,POR,1,0,,,SEASON_ONLY
2016-06-30,2016,EUR_CL,,Club Brugge KV,FC Porto,BEL,POR,1,2,,,SEASON_ONLY
2016-06-30,2016,EUR_CL,,Leicester City,FC København,ENG,DEN,1,0,,,SEASON_ONLY
2016-06-30,2016,EUR_CL,,FC København,Leicester City,DEN,ENG,0,0,,,SEASON_ONLY
2016-06-30,2016,EUR_CL,,FC Porto,Club Brugge KV,POR,BEL,1,0,,,SEASON_ONLY
2016-06-30,2016,EUR_CL,,FC København,FC Porto,DEN,POR,0,0,,,SEASON_ONLY
2016-06-30,2016,EUR_CL,,Leicester City,Club Brugge KV,ENG,BEL,2,1,,,SEASON_ONLY
2016-06-30,2016,EUR_CL,,Club Brugge KV,FC København,BEL,DEN,0,2,,,SEASON_ONLY
2016-06-30,2016,EUR_CL,,FC Porto,Leicester City,POR,ENG,5,0,,,SEASON_ONLY
2016-06-30,2016,EUR_CL,,Juventus,Sevilla FC,ITA,ESP,0,0,,,SEASON_ONLY
2016-06-30,2016,EUR_CL,,Olympique Lyonnais,Dinamo Zagreb,FRA,CRO,3,0,,,SEASON_ONLY
2016-06-30,2016,EUR_CL,,Dinamo Zagreb,Juventus,CRO,ITA,0,4,,,SEASON_ONLY
2016-06-30,2016,EUR_CL,,Sevilla FC,Olympique Lyonnais,ESP,FRA,1,0,,,SEASON_ONLY
2016-06-30,2016,EUR_CL,,Dinamo Zagreb,Sevilla FC,CRO,ESP,0,1,,,SEASON_ONLY
2016-06-30,2016,EUR_CL,,Olympique Lyonnais,Juventus,FRA,ITA,0,1,,,SEASON_ONLY
2016-06-30,2016,EUR_CL,,Juventus,Olympique Lyonnais,ITA,FRA,1,1,,,SEASON_ONLY
2016-06-30,2016,EUR_CL,,Sevilla FC,Dinamo Zagreb,ESP,CRO,4,0,,,SEASON_ONLY
2016-06-30,2016,EUR_CL,,Dinamo Zagreb,Olympique Lyonnais,CRO,FRA,0,1,,,SEASON_ONLY
2016-06-30,2016,EUR_CL,,Sevilla FC,Juventus,ESP,ITA,1,3,,,SEASON_ONLY
2016-06-30,2016,EUR_CL,,Juventus,Dinamo Zagreb,ITA,CRO,2,0,,,SEASON_ONLY
2016-06-30,2016,EUR_CL,,Olympique Lyonnais,Sevilla FC,FRA,ESP,0,0,,,SEASON_ONLY
2016-06-30,2016,EUR_CL,,SL Benfica,Borussia Dortmund,POR,GER,1,0,,,SEASON_ONLY
2016-06-30,2016,EUR_CL,,Paris Saint-Germain,FC Barcelona,FRA,ESP,4,0,,,SEASON_ONLY
2016-06-30,2016,EUR_CL,,Real Madrid,SSC Napoli,ESP,ITA,3,1,,,SEASON_ONLY
2016-06-30,2016,EUR_CL,,Bayern München,Arsenal FC,GER,ENG,5,1,,,SEASON_ONLY
2016-06-30,2016,EUR_CL,,Manchester City,AS Monaco,ENG,FRA,5,3,,,SEASON_ONLY
2016-06-30,2016,EUR_CL,,Bayer Leverkusen,Atlético Madrid,GER,ESP,2,4,,,SEASON_ONLY
2016-06-30,2016,EUR_CL,,FC Porto,Juventus,POR,ITA,0,2,,,SEASON_ONLY
2016-06-30,2016,EUR_CL,,Sevilla FC,Leicester City,ESP,ENG,2,1,,,SEASON_ONLY
2016-06-30,2016,EUR_CL,,SSC Napoli,Real Madrid,ITA,ESP,1,3,,,SEASON_ONLY
2016-06-30,2016,EUR_CL,,Arsenal FC,Bayern München,ENG,GER,1,5,,,SEASON_ONLY
2016-06-30,2016,EUR_CL,,Borussia Dortmund,SL Benfica,GER,POR,4,0,,,SEASON_ONLY
2016-06-30,2016,EUR_CL,,FC Barcelona,Paris Saint-Germain,ESP,FRA,6,1,,,SEASON_ONLY
2016-06-30,2016,EUR_CL,,Juventus,FC Porto,ITA,POR,1,0,,,SEASON_ONLY
2016-06-30,2016,EUR_CL,,Leicester City,Sevilla FC,ENG,ESP,2,0,,,SEASON_ONLY
2016-06-30,2016,EUR_CL,,AS Monaco,Manchester City,FRA,ENG,3,1,,,SEASON_ONLY
2016-06-30,2016,EUR_CL,,Atlético Madrid,Bayer Leverkusen,ESP,GER,0,0,,,SEASON_ONLY
2016-06-30,2016,EUR_CL,,Juventus,FC Barcelona,ITA,ESP,3,0,,,SEASON_ONLY
2016-06-30,2016,EUR_CL,,Borussia Dortmund,AS Monaco,GER,FRA,2,3,,,SEASON_ONLY
2016-06-30,2016,EUR_CL,,Atlético Madrid,Leicester City,ESP,ENG,1,0,,,SEASON_ONLY
2016-06-30,2016,EUR_CL,,Bayern München,Real Madrid,GER,ESP,1,2,,,SEASON_ONLY
2016-06-30,2016,EUR_CL,,Leicester City,Atlético Madrid,ENG,ESP,1,1,,,SEASON_ONLY
2016-06-30,2016,EUR_CL,,Real Madrid,Bayern München,ESP,GER,4,2,,,SEASON_ONLY
2016-06-30,2016,EUR_CL,,FC Barcelona,Juventus,ESP,ITA,0,0,,,SEASON_ONLY
2016-06-30,2016,EUR_CL,,AS Monaco,Borussia Dortmund,FRA,GER,3,1,,,SEASON_ONLY
2016-06-30,2016,EUR_CL,,Real Madrid,Atlético Madrid,ESP,ESP,3,0,,,SEASON_ONLY
2016-06-30,2016,EUR_CL,,AS Monaco,Juventus,FRA,ITA,0,2,,,SEASON_ONLY
2016-06-30,2016,EUR_CL,,Juventus,AS Monaco,ITA,FRA,2,1,,,SEASON_ONLY
2016-06-30,2016,EUR_CL,,Atlético Madrid,Real Madrid,ESP,ESP,2,1,,,SEASON_ONLY
2016-06-30,2016,EUR_CL,,Juventus,Real Madrid,ITA,ESP,1,4,,,SEASON_ONLY
2017-06-30,2017,EUR_CL,,Manchester United,FC Basel 1893,ENG,SUI,3,0,,,SEASON_ONLY
2017-06-30,2017,EUR_CL,,SL Benfica,CSKA Moskva,POR,RUS,1,2,,,SEASON_ONLY
2017-06-30,2017,EUR_CL,,FC Basel 1893,SL Benfica,SUI,POR,5,0,,,SEASON_ONLY
2017-06-30,2017,EUR_CL,,CSKA Moskva,Manchester United,RUS,ENG,1,4,,,SEASON_ONLY
2017-06-30,2017,EUR_CL,,SL Benfica,Manchester United,POR,ENG,0,1,,,SEASON_ONLY
2017-06-30,2017,EUR_CL,,CSKA Moskva,FC Basel 1893,RUS,SUI,0,2,,,SEASON_ONLY
2017-06-30,2017,EUR_CL,,Manchester United,SL Benfica,ENG,POR,2,0,,,SEASON_ONLY
2017-06-30,2017,EUR_CL,,FC Basel 1893,CSKA Moskva,SUI,RUS,1,2,,,SEASON_ONLY
2017-06-30,2017,EUR_CL,,CSKA Moskva,SL Benfica,RUS,POR,2,0,,,SEASON_ONLY
2017-06-30,2017,EUR_CL,,FC Basel 1893,Manchester United,SUI,ENG,1,0,,,SEASON_ONLY
2017-06-30,2017,EUR_CL,,SL Benfica,FC Basel 1893,POR,SUI,0,2,,,SEASON_ONLY
2017-06-30,2017,EUR_CL,,Manchester United,CSKA Moskva,ENG,RUS,2,1,,,SEASON_ONLY
2017-06-30,2017,EUR_CL,,Bayern München,RSC Anderlecht,GER,BEL,3,0,,,SEASON_ONLY
2017-06-30,2017,EUR_CL,,Celtic FC,Paris Saint-Germain,SCO,FRA,0,5,,,SEASON_ONLY
2017-06-30,2017,EUR_CL,,Paris Saint-Germain,Bayern München,FRA,GER,3,0,,,SEASON_ONLY
2017-06-30,2017,EUR_CL,,RSC Anderlecht,Celtic FC,BEL,SCO,0,3,,,SEASON_ONLY
2017-06-30,2017,EUR_CL,,RSC Anderlecht,Paris Saint-Germain,BEL,FRA,0,4,,,SEASON_ONLY
2017-06-30,2017,EUR_CL,,Bayern München,Celtic FC,GER,SCO,3,0,,,SEASON_ONLY
2017-06-30,2017,EUR_CL,,Paris Saint-Germain,RSC Anderlecht,FRA,BEL,5,0,,,SEASON_ONLY
2017-06-30,2017,EUR_CL,,Celtic FC,Bayern München,SCO,GER,1,2,,,SEASON_ONLY
2017-06-30,2017,EUR_CL,,RSC Anderlecht,Bayern München,BEL,GER,1,2,,,SEASON_ONLY
2017-06-30,2017,EUR_CL,,Paris Saint-Germain,Celtic FC,FRA,SCO,7,1,,,SEASON_ONLY
2017-06-30,2017,EUR_CL,,Bayern München,Paris Saint-Germain,GER,FRA,3,1,,,SEASON_ONLY
2017-06-30,2017,EUR_CL,,Celtic FC,RSC Anderlecht,SCO,BEL,0,1,,,SEASON_ONLY
2017-06-30,2017,EUR_CL,,AS Roma,Atlético Madrid,ITA,ESP,0,0,,,SEASON_ONLY
2017-06-30,2017,EUR_CL,,Chelsea FC,Qarabağ FK,ENG,AZE,6,0,,,SEASON_ONLY
2017-06-30,2017,EUR_CL,,Qarabağ FK,AS Roma,AZE,ITA,1,2,,,SEASON_ONLY
2017-06-30,2017,EUR_CL,,Atlético Madrid,Chelsea FC,ESP,ENG,1,2,,,SEASON_ONLY
2017-06-30,2017,EUR_CL,,Qarabağ FK,Atlético Madrid,AZE,ESP,0,0,,,SEASON_ONLY
2017-06-30,2017,EUR_CL,,Chelsea FC,AS Roma,ENG,ITA,3,3,,,SEASON_ONLY
2017-06-30,2017,EUR_CL,,AS Roma,Chelsea FC,ITA,ENG,3,0,,,SEASON_ONLY
2017-06-30,2017,EUR_CL,,Atlético Madrid,Qarabağ FK,ESP,AZE,1,1,,,SEASON_ONLY
2017-06-30,2017,EUR_CL,,Qarabağ FK,Chelsea FC,AZE,ENG,0,4,,,SEASON_ONLY
2017-06-30,2017,EUR_CL,,Atlético Madrid,AS Roma,ESP,ITA,2,0,,,SEASON_ONLY
2017-06-30,2017,EUR_CL,,Chelsea FC,Atlético Madrid,ENG,ESP,1,1,,,SEASON_ONLY
2017-06-30,2017,EUR_CL,,AS Roma,Qarabağ FK,ITA,AZE,1,0,,,SEASON_ONLY
2017-06-30,2017,EUR_CL,,FC Barcelona,Juventus,ESP,ITA,3,0,,,SEASON_ONLY
2017-06-30,2017,EUR_CL,,Olympiakos Piraeus,Sporting CP,GRE,POR,2,3,,,SEASON_ONLY
2017-06-30,2017,EUR_CL,,Juventus,Olympiakos Piraeus,ITA,GRE,2,0,,,SEASON_ONLY
2017-06-30,2017,EUR_CL,,Sporting CP,FC Barcelona,POR,ESP,0,1,,,SEASON_ONLY
2017-06-30,2017,EUR_CL,,FC Barcelona,Olympiakos Piraeus,ESP,GRE,3,1,,,SEASON_ONLY
2017-06-30,2017,EUR_CL,,Juventus,Sporting CP,ITA,POR,2,1,,,SEASON_ONLY
2017-06-30,2017,EUR_CL,,Olympiakos Piraeus,FC Barcelona,GRE,ESP,0,0,,,SEASON_ONLY
2017-06-30,2017,EUR_CL,,Sporting CP,Juventus,POR,ITA,1,1,,,SEASON_ONLY
2017-06-30,2017,EUR_CL,,Juventus,FC Barcelona,ITA,ESP,0,0,,,SEASON_ONLY
2017-06-30,2017,EUR_CL,,Sporting CP,Olympiakos Piraeus,POR,GRE,3,1,,,SEASON_ONLY
2017-06-30,2017,EUR_CL,,FC Barcelona,Sporting CP,ESP,POR,2,0,,,SEASON_ONLY
2017-06-30,2017,EUR_CL,,Olympiakos Piraeus,Juventus,GRE,ITA,0,2,,,SEASON_ONLY
2017-06-30,2017,EUR_CL,,Liverpool FC,Sevilla FC,ENG,ESP,2,2,,,SEASON_ONLY
2017-06-30,2017,EUR_CL,,NK Maribor,Spartak Moskva,SVN,RUS,1,1,,,SEASON_ONLY
2017-06-30,2017,EUR_CL,,Spartak Moskva,Liverpool FC,RUS,ENG,1,1,,,SEASON_ONLY
2017-06-30,2017,EUR_CL,,Sevilla FC,NK Maribor,ESP,SVN,3,0,,,SEASON_ONLY
2017-06-30,2017,EUR_CL,,Spartak Moskva,Sevilla FC,RUS,ESP,5,1,,,SEASON_ONLY
2017-06-30,2017,EUR_CL,,NK Maribor,Liverpool FC,SVN,ENG,0,7,,,SEASON_ONLY
2017-06-30,2017,EUR_CL,,Sevilla FC,Spartak Moskva,ESP,RUS,2,1,,,SEASON_ONLY
2017-06-30,2017,EUR_CL,,Liverpool FC,NK Maribor,ENG,SVN,3,0,,,SEASON_ONLY
2017-06-30,2017,EUR_CL,,Spartak Moskva,NK Maribor,RUS,SVN,1,1,,,SEASON_ONLY
2017-06-30,2017,EUR_CL,,Sevilla FC,Liverpool FC,ESP,ENG,3,3,,,SEASON_ONLY
2017-06-30,2017,EUR_CL,,Liverpool FC,Spartak Moskva,ENG,RUS,7,0,,,SEASON_ONLY
2017-06-30,2017,EUR_CL,,NK Maribor,Sevilla FC,SVN,ESP,1,1,,,SEASON_ONLY
2017-06-30,2017,EUR_CL,,Shakhtar Donetsk,SSC Napoli,UKR,ITA,2,1,,,SEASON_ONLY
2017-06-30,2017,EUR_CL,,Feyenoord,Manchester City,NED,ENG,0,4,,,SEASON_ONLY
2017-06-30,2017,EUR_CL,,Manchester City,Shakhtar Donetsk,ENG,UKR,2,0,,,SEASON_ONLY
2017-06-30,2017,EUR_CL,,SSC Napoli,Feyenoord,ITA,NED,3,1,,,SEASON_ONLY
2017-06-30,2017,EUR_CL,,Manchester City,SSC Napoli,ENG,ITA,2,1,,,SEASON_ONLY
2017-06-30,2017,EUR_CL,,Feyenoord,Shakhtar Donetsk,NED,UKR,1,2,,,SEASON_ONLY
2017-06-30,2017,EUR_CL,,SSC Napoli,Manchester City,ITA,ENG,2,4,,,SEASON_ONLY
2017-06-30,2017,EUR_CL,,Shakhtar Donetsk,Feyenoord,UKR,NED,3,1,,,SEASON_ONLY
2017-06-30,2017,EUR_CL,,SSC Napoli,Shakhtar Donetsk,ITA,UKR,3,0,,,SEASON_ONLY
2017-06-30,2017,EUR_CL,,Manchester City,Feyenoord,ENG,NED,1,0,,,SEASON_ONLY
2017-06-30,2017,EUR_CL,,Shakhtar Donetsk,Manchester City,UKR,ENG,2,1,,,SEASON_ONLY
2017-06-30,2017,EUR_CL,,Feyenoord,SSC Napoli,NED,ITA,2,1,,,SEASON_ONLY
2017-06-30,2017,EUR_CL,,FC Porto,Beşiktaş,POR,TUR,1,3,,,SEASON_ONLY
2017-06-30,2017,EUR_CL,,RB Leipzig,AS Monaco,GER,FRA,1,1,,,SEASON_ONLY
2017-06-30,2017,EUR_CL,,AS Monaco,FC Porto,FRA,POR,0,3,,,SEASON_ONLY
2017-06-30,2017,EUR_CL,,Beşiktaş,RB Leipzig,TUR,GER,2,0,,,SEASON_ONLY
2017-06-30,2017,EUR_CL,,AS Monaco,Beşiktaş,FRA,TUR,1,2,,,SEASON_ONLY
2017-06-30,2017,EUR_CL,,RB Leipzig,FC Porto,GER,POR,3,2,,,SEASON_ONLY
2017-06-30,2017,EUR_CL,,Beşiktaş,AS Monaco,TUR,FRA,1,1,,,SEASON_ONLY
2017-06-30,2017,EUR_CL,,FC Porto,RB Leipzig,POR,GER,3,1,,,SEASON_ONLY
2017-06-30,2017,EUR_CL,,Beşiktaş,FC Porto,TUR,POR,1,1,,,SEASON_ONLY
2017-06-30,2017,EUR_CL,,AS Monaco,RB Leipzig,FRA,GER,1,4,,,SEASON_ONLY
2017-06-30,2017,EUR_CL,,FC Porto,AS Monaco,POR,FRA,5,2,,,SEASON_ONLY
2017-06-30,2017,EUR_CL,,RB Leipzig,Beşiktaş,GER,TUR,1,2,,,SEASON_ONLY
2017-06-30,2017,EUR_CL,,Tottenham Hotspur,Borussia Dortmund,ENG,GER,3,1,,,SEASON_ONLY
2017-06-30,2017,EUR_CL,,Real Madrid,APOEL Nikosia,ESP,CYP,3,0,,,SEASON_ONLY
2017-06-30,2017,EUR_CL,,Borussia Dortmund,Real Madrid,GER,ESP,1,3,,,SEASON_ONLY
2017-06-30,2017,EUR_CL,,APOEL Nikosia,Tottenham Hotspur,CYP,ENG,0,3,,,SEASON_ONLY
2017-06-30,2017,EUR_CL,,Real Madrid,Tottenham Hotspur,ESP,ENG,1,1,,,SEASON_ONLY
2017-06-30,2017,EUR_CL,,APOEL Nikosia,Borussia Dortmund,CYP,GER,1,1,,,SEASON_ONLY
2017-06-30,2017,EUR_CL,,Tottenham Hotspur,Real Madrid,ENG,ESP,3,1,,,SEASON_ONLY
2017-06-30,2017,EUR_CL,,Borussia Dortmund,APOEL Nikosia,GER,CYP,1,1,,,SEASON_ONLY
2017-06-30,2017,EUR_CL,,Borussia Dortmund,Tottenham Hotspur,GER,ENG,1,2,,,SEASON_ONLY
2017-06-30,2017,EUR_CL,,APOEL Nikosia,Real Madrid,CYP,ESP,0,6,,,SEASON_ONLY
2017-06-30,2017,EUR_CL,,Real Madrid,Borussia Dortmund,ESP,GER,3,2,,,SEASON_ONLY
2017-06-30,2017,EUR_CL,,Tottenham Hotspur,APOEL Nikosia,ENG,CYP,3,0,,,SEASON_ONLY
2017-06-30,2017,EUR_CL,,Juventus,Tottenham Hotspur,ITA,ENG,2,2,,,SEASON_ONLY
2017-06-30,2017,EUR_CL,,FC Basel 1893,Manchester City,SUI,ENG,0,4,,,SEASON_ONLY
2017-06-30,2017,EUR_CL,,FC Porto,Liverpool FC,POR,ENG,0,5,,,SEASON_ONLY
2017-06-30,2017,EUR_CL,,Real Madrid,Paris Saint-Germain,ESP,FRA,3,1,,,SEASON_ONLY
2017-06-30,2017,EUR_CL,,Chelsea FC,FC Barcelona,ENG,ESP,1,1,,,SEASON_ONLY
2017-06-30,2017,EUR_CL,,Bayern München,Beşiktaş,GER,TUR,5,0,,,SEASON_ONLY
2017-06-30,2017,EUR_CL,,Sevilla FC,Manchester United,ESP,ENG,0,0,,,SEASON_ONLY
2017-06-30,2017,EUR_CL,,Shakhtar Donetsk,AS Roma,UKR,ITA,2,1,,,SEASON_ONLY
2017-06-30,2017,EUR_CL,,Liverpool FC,FC Porto,ENG,POR,0,0,,,SEASON_ONLY
2017-06-30,2017,EUR_CL,,Paris Saint-Germain,Real Madrid,FRA,ESP,1,2,,,SEASON_ONLY
2017-06-30,2017,EUR_CL,,Tottenham Hotspur,Juventus,ENG,ITA,1,2,,,SEASON_ONLY
2017-06-30,2017,EUR_CL,,Manchester City,FC Basel 1893,ENG,SUI,1,2,,,SEASON_ONLY
2017-06-30,2017,EUR_CL,,Manchester United,Sevilla FC,ENG,ESP,1,2,,,SEASON_ONLY
2017-06-30,2017,EUR_CL,,AS Roma,Shakhtar Donetsk,ITA,UKR,1,0,,,SEASON_ONLY
2017-06-30,2017,EUR_CL,,Beşiktaş,Bayern München,TUR,GER,1,3,,,SEASON_ONLY
2017-06-30,2017,EUR_CL,,FC Barcelona,Chelsea FC,ESP,ENG,3,0,,,SEASON_ONLY
2017-06-30,2017,EUR_CL,,Sevilla FC,Bayern München,ESP,GER,1,2,,,SEASON_ONLY
2017-06-30,2017,EUR_CL,,Juventus,Real Madrid,ITA,ESP,0,3,,,SEASON_ONLY
2017-06-30,2017,EUR_CL,,FC Barcelona,AS Roma,ESP,ITA,4,1,,,SEASON_ONLY
2017-06-30,2017,EUR_CL,,Liverpool FC,Manchester City,ENG,ENG,3,0,,,SEASON_ONLY
2017-06-30,2017,EUR_CL,,AS Roma,FC Barcelona,ITA,ESP,3,0,,,SEASON_ONLY
2017-06-30,2017,EUR_CL,,Manchester City,Liverpool FC,ENG,ENG,1,2,,,SEASON_ONLY
2017-06-30,2017,EUR_CL,,Bayern München,Sevilla FC,GER,ESP,0,0,,,SEASON_ONLY
2017-06-30,2017,EUR_CL,,Real Madrid,Juventus,ESP,ITA,1,3,,,SEASON_ONLY
2017-06-30,2017,EUR_CL,,Liverpool FC,AS Roma,ENG,ITA,5,2,,,SEASON_ONLY
2017-06-30,2017,EUR_CL,,Bayern München,Real Madrid,GER,ESP,1,2,,,SEASON_ONLY
2017-06-30,2017,EUR_CL,,Real Madrid,Bayern München,ESP,GER,2,2,,,SEASON_ONLY
2017-06-30,2017,EUR_CL,,AS Roma,Liverpool FC,ITA,ENG,4,2,,,SEASON_ONLY
2017-06-30,2017,EUR_CL,,Real Madrid,Liverpool FC,ESP,ENG,3,1,,,SEASON_ONLY
2018-06-30,2018,EUR_CL,,AS Monaco,Atlético Madrid,FRA,ESP,1,2,,,SEASON_ONLY
2018-06-30,2018,EUR_CL,,Club Brugge KV,Borussia Dortmund,BEL,GER,0,1,,,SEASON_ONLY
2018-06-30,2018,EUR_CL,,Borussia Dortmund,AS Monaco,GER,FRA,3,0,,,SEASON_ONLY
2018-06-30,2018,EUR_CL,,Atlético Madrid,Club Brugge KV,ESP,BEL,3,1,,,SEASON_ONLY
2018-06-30,2018,EUR_CL,,Club Brugge KV,AS Monaco,BEL,FRA,1,1,,,SEASON_ONLY
2018-06-30,2018,EUR_CL,,Borussia Dortmund,Atlético Madrid,GER,ESP,4,0,,,SEASON_ONLY
2018-06-30,2018,EUR_CL,,AS Monaco,Club Brugge KV,FRA,BEL,0,4,,,SEASON_ONLY
2018-06-30,2018,EUR_CL,,Atlético Madrid,Borussia Dortmund,ESP,GER,2,0,,,SEASON_ONLY
2018-06-30,2018,EUR_CL,,Atlético Madrid,AS Monaco,ESP,FRA,2,0,,,SEASON_ONLY
2018-06-30,2018,EUR_CL,,Borussia Dortmund,Club Brugge KV,GER,BEL,0,0,,,SEASON_ONLY
2018-06-30,2018,EUR_CL,,AS Monaco,Borussia Dortmund,FRA,GER,0,2,,,SEASON_ONLY
2018-06-30,2018,EUR_CL,,Club Brugge KV,Atlético Madrid,BEL,ESP,0,0,,,SEASON_ONLY
2018-06-30,2018,EUR_CL,,FC Barcelona,PSV Eindhoven,ESP,NED,4,0,,,SEASON_ONLY
2018-06-30,2018,EUR_CL,,Inter,Tottenham Hotspur,ITA,ENG,2,1,,,SEASON_ONLY
2018-06-30,2018,EUR_CL,,Tottenham Hotspur,FC Barcelona,ENG,ESP,2,4,,,SEASON_ONLY
2018-06-30,2018,EUR_CL,,PSV Eindhoven,Inter,NED,ITA,1,2,,,SEASON_ONLY
2018-06-30,2018,EUR_CL,,PSV Eindhoven,Tottenham Hotspur,NED,ENG,2,2,,,SEASON_ONLY
2018-06-30,2018,EUR_CL,,FC Barcelona,Inter,ESP,ITA,2,0,,,SEASON_ONLY
2018-06-30,2018,EUR_CL,,Tottenham Hotspur,PSV Eindhoven,ENG,NED,2,1,,,SEASON_ONLY
2018-06-30,2018,EUR_CL,,Inter,FC Barcelona,ITA,ESP,1,1,,,SEASON_ONLY
2018-06-30,2018,EUR_CL,,PSV Eindhoven,FC Barcelona,NED,ESP,1,2,,,SEASON_ONLY
2018-06-30,2018,EUR_CL,,Tottenham Hotspur,Inter,ENG,ITA,1,0,,,SEASON_ONLY
2018-06-30,2018,EUR_CL,,FC Barcelona,Tottenham Hotspur,ESP,ENG,1,1,,,SEASON_ONLY
2018-06-30,2018,EUR_CL,,Inter,PSV Eindhoven,ITA,NED,1,1,,,SEASON_ONLY
2018-06-30,2018,EUR_CL,,Liverpool FC,Paris Saint-Germain,ENG,FRA,3,2,,,SEASON_ONLY
2018-06-30,2018,EUR_CL,,Crvena Zvezda,SSC Napoli,SRB,ITA,0,0,,,SEASON_ONLY
2018-06-30,2018,EUR_CL,,Paris Saint-Germain,Crvena Zvezda,FRA,SRB,6,1,,,SEASON_ONLY
2018-06-30,2018,EUR_CL,,SSC Napoli,Liverpool FC,ITA,ENG,1,0,,,SEASON_ONLY
2018-06-30,2018,EUR_CL,,Paris Saint-Germain,SSC Napoli,FRA,ITA,2,2,,,SEASON_ONLY
2018-06-30,2018,EUR_CL,,Liverpool FC,Crvena Zvezda,ENG,SRB,4,0,,,SEASON_ONLY
2018-06-30,2018,EUR_CL,,Crvena Zvezda,Liverpool FC,SRB,ENG,2,0,,,SEASON_ONLY
2018-06-30,2018,EUR_CL,,SSC Napoli,Paris Saint-Germain,ITA,FRA,1,1,,,SEASON_ONLY
2018-06-30,2018,EUR_CL,,Paris Saint-Germain,Liverpool FC,FRA,ENG,2,1,,,SEASON_ONLY
2018-06-30,2018,EUR_CL,,SSC Napoli,Crvena Zvezda,ITA,SRB,3,1,,,SEASON_ONLY
2018-06-30,2018,EUR_CL,,Liverpool FC,SSC Napoli,ENG,ITA,1,0,,,SEASON_ONLY
2018-06-30,2018,EUR_CL,,Crvena Zvezda,Paris Saint-Germain,SRB,FRA,1,4,,,SEASON_ONLY
2018-06-30,2018,EUR_CL,,FC Schalke 04,FC Porto,GER,POR,1,1,,,SEASON_ONLY
2018-06-30,2018,EUR_CL,,Galatasaray,Lokomotiv Moskva,TUR,RUS,3,0,,,SEASON_ONLY
2018-06-30,2018,EUR_CL,,Lokomotiv Moskva,FC Schalke 04,RUS,GER,0,1,,,SEASON_ONLY
2018-06-30,2018,EUR_CL,,FC Porto,Galatasaray,POR,TUR,1,0,,,SEASON_ONLY
2018-06-30,2018,EUR_CL,,Lokomotiv Moskva,FC Porto,RUS,POR,1,3,,,SEASON_ONLY
2018-06-30,2018,EUR_CL,,Galatasaray,FC Schalke 04,TUR,GER,0,0,,,SEASON_ONLY
2018-06-30,2018,EUR_CL,,FC Porto,Lokomotiv Moskva,POR,RUS,4,1,,,SEASON_ONLY
2018-06-30,2018,EUR_CL,,FC Schalke 04,Galatasaray,GER,TUR,2,0,,,SEASON_ONLY
2018-06-30,2018,EUR_CL,,Lokomotiv Moskva,Galatasaray,RUS,TUR,2,0,,,SEASON_ONLY
2018-06-30,2018,EUR_CL,,FC Porto,FC Schalke 04,POR,GER,3,1,,,SEASON_ONLY
2018-06-30,2018,EUR_CL,,FC Schalke 04,Lokomotiv Moskva,GER,RUS,1,0,,,SEASON_ONLY
2018-06-30,2018,EUR_CL,,Galatasaray,FC Porto,TUR,POR,2,3,,,SEASON_ONLY
2018-06-30,2018,EUR_CL,,AFC Ajax,AEK Athen,NED,GRE,3,0,,,SEASON_ONLY
2018-06-30,2018,EUR_CL,,SL Benfica,Bayern München,POR,GER,0,2,,,SEASON_ONLY
2018-06-30,2018,EUR_CL,,Bayern München,AFC Ajax,GER,NED,1,1,,,SEASON_ONLY
2018-06-30,2018,EUR_CL,,AEK Athen,SL Benfica,GRE,POR,2,3,,,SEASON_ONLY
2018-06-30,2018,EUR_CL,,AEK Athen,Bayern München,GRE,GER,0,2,,,SEASON_ONLY
2018-06-30,2018,EUR_CL,,AFC Ajax,SL Benfica,NED,POR,1,0,,,SEASON_ONLY
2018-06-30,2018,EUR_CL,,SL Benfica,AFC Ajax,POR,NED,1,1,,,SEASON_ONLY
2018-06-30,2018,EUR_CL,,Bayern München,AEK Athen,GER,GRE,2,0,,,SEASON_ONLY
2018-06-30,2018,EUR_CL,,AEK Athen,AFC Ajax,GRE,NED,0,2,,,SEASON_ONLY
2018-06-30,2018,EUR_CL,,Bayern München,SL Benfica,GER,POR,5,1,,,SEASON_ONLY
2018-06-30,2018,EUR_CL,,AFC Ajax,Bayern München,NED,GER,3,3,,,SEASON_ONLY
2018-06-30,2018,EUR_CL,,SL Benfica,AEK Athen,POR,GRE,1,0,,,SEASON_ONLY
2018-06-30,2018,EUR_CL,,Shakhtar Donetsk,1899 Hoffenheim,UKR,GER,2,2,,,SEASON_ONLY
2018-06-30,2018,EUR_CL,,Manchester City,Olympique Lyonnais,ENG,FRA,1,2,,,SEASON_ONLY
2018-06-30,2018,EUR_CL,,1899 Hoffenheim,Manchester City,GER,ENG,1,2,,,SEASON_ONLY
2018-06-30,2018,EUR_CL,,Olympique Lyonnais,Shakhtar Donetsk,FRA,UKR,2,2,,,SEASON_ONLY
2018-06-30,2018,EUR_CL,,Shakhtar Donetsk,Manchester City,UKR,ENG,0,3,,,SEASON_ONLY
2018-06-30,2018,EUR_CL,,1899 Hoffenheim,Olympique Lyonnais,GER,FRA,3,3,,,SEASON_ONLY
2018-06-30,2018,EUR_CL,,Manchester City,Shakhtar Donetsk,ENG,UKR,6,0,,,SEASON_ONLY
2018-06-30,2018,EUR_CL,,Olympique Lyonnais,1899 Hoffenheim,FRA,GER,2,2,,,SEASON_ONLY
2018-06-30,2018,EUR_CL,,Olympique Lyonnais,Manchester City,FRA,ENG,2,2,,,SEASON_ONLY
2018-06-30,2018,EUR_CL,,1899 Hoffenheim,Shakhtar Donetsk,GER,UKR,2,3,,,SEASON_ONLY
2018-06-30,2018,EUR_CL,,Shakhtar Donetsk,Olympique Lyonnais,UKR,FRA,1,1,,,SEASON_ONLY
2018-06-30,2018,EUR_CL,,Manchester City,1899 Hoffenheim,ENG,GER,2,1,,,SEASON_ONLY
2018-06-30,2018,EUR_CL,,Real Madrid,AS Roma,ESP,ITA,3,0,,,SEASON_ONLY
2018-06-30,2018,EUR_CL,,Viktoria Plzeň,CSKA Moskva,CZE,RUS,2,2,,,SEASON_ONLY
2018-06-30,2018,EUR_CL,,CSKA Moskva,Real Madrid,RUS,ESP,1,0,,,SEASON_ONLY
2018-06-30,2018,EUR_CL,,AS Roma,Viktoria Plzeň,ITA,CZE,5,0,,,SEASON_ONLY
2018-06-30,2018,EUR_CL,,AS Roma,CSKA Moskva,ITA,RUS,3,0,,,SEASON_ONLY
2018-06-30,2018,EUR_CL,,Real Madrid,Viktoria Plzeň,ESP,CZE,2,1,,,SEASON_ONLY
2018-06-30,2018,EUR_CL,,CSKA Moskva,AS Roma,RUS,ITA,1,2,,,SEASON_ONLY
2018-06-30,2018,EUR_CL,,Viktoria Plzeň,Real Madrid,CZE,ESP,0,5,,,SEASON_ONLY
2018-06-30,2018,EUR_CL,,CSKA Moskva,Viktoria Plzeň,RUS,CZE,1,2,,,SEASON_ONLY
2018-06-30,2018,EUR_CL,,AS Roma,Real Madrid,ITA,ESP,0,2,,,SEASON_ONLY
2018-06-30,2018,EUR_CL,,Real Madrid,CSKA Moskva,ESP,RUS,0,3,,,SEASON_ONLY
2018-06-30,2018,EUR_CL,,Viktoria Plzeň,AS Roma,CZE,ITA,2,1,,,SEASON_ONLY
2018-06-30,2018,EUR_CL,,Valencia CF,Juventus,ESP,ITA,0,2,,,SEASON_ONLY
2018-06-30,2018,EUR_CL,,BSC Young Boys,Manchester United,SUI,ENG,0,3,,,SEASON_ONLY
2018-06-30,2018,EUR_CL,,Juventus,BSC Young Boys,ITA,SUI,3,0,,,SEASON_ONLY
2018-06-30,2018,EUR_CL,,Manchester United,Valencia CF,ENG,ESP,0,0,,,SEASON_ONLY
2018-06-30,2018,EUR_CL,,BSC Young Boys,Valencia CF,SUI,ESP,1,1,,,SEASON_ONLY
2018-06-30,2018,EUR_CL,,Manchester United,Juventus,ENG,ITA,0,1,,,SEASON_ONLY
2018-06-30,2018,EUR_CL,,Valencia CF,BSC Young Boys,ESP,SUI,3,1,,,SEASON_ONLY
2018-06-30,2018,EUR_CL,,Juventus,Manchester United,ITA,ENG,1,2,,,SEASON_ONLY
2018-06-30,2018,EUR_CL,,Juventus,Valencia CF,ITA,ESP,1,0,,,SEASON_ONLY
2018-06-30,2018,EUR_CL,,Manchester United,BSC Young Boys,ENG,SUI,1,0,,,SEASON_ONLY
2018-06-30,2018,EUR_CL,,Valencia CF,Manchester United,ESP,ENG,2,1,,,SEASON_ONLY
2018-06-30,2018,EUR_CL,,BSC Young Boys,Juventus,SUI,ITA,2,1,,,SEASON_ONLY
2018-06-30,2018,EUR_CL,,Manchester United,Paris Saint-Germain,ENG,FRA,0,2,,,SEASON_ONLY
2018-06-30,2018,EUR_CL,,AS Roma,FC Porto,ITA,POR,2,1,,,SEASON_ONLY
2018-06-30,2018,EUR_CL,,Tottenham Hotspur,Borussia Dortmund,ENG,GER,3,0,,,SEASON_ONLY
2018-06-30,2018,EUR_CL,,AFC Ajax,Real Madrid,NED,ESP,1,2,,,SEASON_ONLY
2018-06-30,2018,EUR_CL,,Olympique Lyonnais,FC Barcelona,FRA,ESP,0,0,,,SEASON_ONLY
2018-06-30,2018,EUR_CL,,Liverpool FC,Bayern München,ENG,GER,0,0,,,SEASON_ONLY
2018-06-30,2018,EUR_CL,,FC Schalke 04,Manchester City,GER,ENG,2,3,,,SEASON_ONLY
2018-06-30,2018,EUR_CL,,Atlético Madrid,Juventus,ESP,ITA,2,0,,,SEASON_ONLY
2018-06-30,2018,EUR_CL,,Borussia Dortmund,Tottenham Hotspur,GER,ENG,0,1,,,SEASON_ONLY
2018-06-30,2018,EUR_CL,,Real Madrid,AFC Ajax,ESP,NED,1,4,,,SEASON_ONLY
2018-06-30,2018,EUR_CL,,Paris Saint-Germain,Manchester United,FRA,ENG,1,3,,,SEASON_ONLY
2018-06-30,2018,EUR_CL,,FC Porto,AS Roma,POR,ITA,3,1,,,SEASON_ONLY
2018-06-30,2018,EUR_CL,,Manchester City,FC Schalke 04,ENG,GER,7,0,,,SEASON_ONLY
2018-06-30,2018,EUR_CL,,Juventus,Atlético Madrid,ITA,ESP,3,0,,,SEASON_ONLY
2018-06-30,2018,EUR_CL,,FC Barcelona,Olympique Lyonnais,ESP,FRA,5,1,,,SEASON_ONLY
2018-06-30,2018,EUR_CL,,Bayern München,Liverpool FC,GER,ENG,1,3,,,SEASON_ONLY
2018-06-30,2018,EUR_CL,,Liverpool FC,FC Porto,ENG,POR,2,0,,,SEASON_ONLY
2018-06-30,2018,EUR_CL,,Tottenham Hotspur,Manchester City,ENG,ENG,1,0,,,SEASON_ONLY
2018-06-30,2018,EUR_CL,,AFC Ajax,Juventus,NED,ITA,1,1,,,SEASON_ONLY
2018-06-30,2018,EUR_CL,,Manchester United,FC Barcelona,ENG,ESP,0,1,,,SEASON_ONLY
2018-06-30,2018,EUR_CL,,Juventus,AFC Ajax,ITA,NED,1,2,,,SEASON_ONLY
2018-06-30,2018,EUR_CL,,FC Barcelona,Manchester United,ESP,ENG,3,0,,,SEASON_ONLY
2018-06-30,2018,EUR_CL,,FC Porto,Liverpool FC,POR,ENG,1,4,,,SEASON_ONLY
2018-06-30,2018,EUR_CL,,Manchester City,Tottenham Hotspur,ENG,ENG,4,3,,,SEASON_ONLY
2018-06-30,2018,EUR_CL,,Tottenham Hotspur,AFC Ajax,ENG,NED,0,1,,,SEASON_ONLY
2018-06-30,2018,EUR_CL,,FC Barcelona,Liverpool FC,ESP,ENG,3,0,,,SEASON_ONLY
2018-06-30,2018,EUR_CL,,Liverpool FC,FC Barcelona,ENG,ESP,4,0,,,SEASON_ONLY
2018-06-30,2018,EUR_CL,,AFC Ajax,Tottenham Hotspur,NED,ENG,2,3,,,SEASON_ONLY
2018-06-30,2018,EUR_CL,,Tottenham Hotspur,Liverpool FC,ENG,ENG,0,2,,,SEASON_ONLY
2019-06-30,2019,EUR_CL,,Club Brugge KV,Galatasaray,BEL,TUR,0,0,,,SEASON_ONLY
2019-06-30,2019,EUR_CL,,Paris Saint-Germain,Real Madrid,FRA,ESP,3,0,,,SEASON_ONLY
2019-06-30,2019,EUR_CL,,Real Madrid,Club Brugge KV,ESP,BEL,2,2,,,SEASON_ONLY
2019-06-30,2019,EUR_CL,,Galatasaray,Paris Saint-Germain,TUR,FRA,0,1,,,SEASON_ONLY
2019-06-30,2019,EUR_CL,,Club Brugge KV,Paris Saint-Germain,BEL,FRA,0,5,,,SEASON_ONLY
2019-06-30,2019,EUR_CL,,Galatasaray,Real Madrid,TUR,ESP,0,1,,,SEASON_ONLY
2019-06-30,2019,EUR_CL,,Paris Saint-Germain,Club Brugge KV,FRA,BEL,1,0,,,SEASON_ONLY
2019-06-30,2019,EUR_CL,,Real Madrid,Galatasaray,ESP,TUR,6,0,,,SEASON_ONLY
2019-06-30,2019,EUR_CL,,Galatasaray,Club Brugge KV,TUR,BEL,1,1,,,SEASON_ONLY
2019-06-30,2019,EUR_CL,,Real Madrid,Paris Saint-Germain,ESP,FRA,2,2,,,SEASON_ONLY
2019-06-30,2019,EUR_CL,,Paris Saint-Germain,Galatasaray,FRA,TUR,5,0,,,SEASON_ONLY
2019-06-30,2019,EUR_CL,,Club Brugge KV,Real Madrid,BEL,ESP,1,3,,,SEASON_ONLY
2019-06-30,2019,EUR_CL,,Olympiakos Piraeus,Tottenham Hotspur,GRE,ENG,2,2,,,SEASON_ONLY
2019-06-30,2019,EUR_CL,,Bayern München,Crvena Zvezda,GER,SRB,3,0,,,SEASON_ONLY
2019-06-30,2019,EUR_CL,,Tottenham Hotspur,Bayern München,ENG,GER,2,7,,,SEASON_ONLY
2019-06-30,2019,EUR_CL,,Crvena Zvezda,Olympiakos Piraeus,SRB,GRE,3,1,,,SEASON_ONLY
2019-06-30,2019,EUR_CL,,Tottenham Hotspur,Crvena Zvezda,ENG,SRB,5,0,,,SEASON_ONLY
2019-06-30,2019,EUR_CL,,Olympiakos Piraeus,Bayern München,GRE,GER,2,3,,,SEASON_ONLY
2019-06-30,2019,EUR_CL,,Bayern München,Olympiakos Piraeus,GER,GRE,2,0,,,SEASON_ONLY
2019-06-30,2019,EUR_CL,,Crvena Zvezda,Tottenham Hotspur,SRB,ENG,0,4,,,SEASON_ONLY
2019-06-30,2019,EUR_CL,,Tottenham Hotspur,Olympiakos Piraeus,ENG,GRE,4,2,,,SEASON_ONLY
2019-06-30,2019,EUR_CL,,Crvena Zvezda,Bayern München,SRB,GER,0,6,,,SEASON_ONLY
2019-06-30,2019,EUR_CL,,Bayern München,Tottenham Hotspur,GER,ENG,3,1,,,SEASON_ONLY
2019-06-30,2019,EUR_CL,,Olympiakos Piraeus,Crvena Zvezda,GRE,SRB,1,0,,,SEASON_ONLY
2019-06-30,2019,EUR_CL,,Shakhtar Donetsk,Manchester City,UKR,ENG,0,3,,,SEASON_ONLY
2019-06-30,2019,EUR_CL,,Dinamo Zagreb,Atalanta,CRO,ITA,4,0,,,SEASON_ONLY
2019-06-30,2019,EUR_CL,,Atalanta,Shakhtar Donetsk,ITA,UKR,1,2,,,SEASON_ONLY
2019-06-30,2019,EUR_CL,,Manchester City,Dinamo Zagreb,ENG,CRO,2,0,,,SEASON_ONLY
2019-06-30,2019,EUR_CL,,Shakhtar Donetsk,Dinamo Zagreb,UKR,CRO,2,2,,,SEASON_ONLY
2019-06-30,2019,EUR_CL,,Manchester City,Atalanta,ENG,ITA,5,1,,,SEASON_ONLY
2019-06-30,2019,EUR_CL,,Dinamo Zagreb,Shakhtar Donetsk,CRO,UKR,3,3,,,SEASON_ONLY
2019-06-30,2019,EUR_CL,,Atalanta,Manchester City,ITA,ENG,1,1,,,SEASON_ONLY
2019-06-30,2019,EUR_CL,,Manchester City,Shakhtar Donetsk,ENG,UKR,1,1,,,SEASON_ONLY
2019-06-30,2019,EUR_CL,,Atalanta,Dinamo Zagreb,ITA,CRO,2,0,,,SEASON_ONLY
2019-06-30,2019,EUR_CL,,Shakhtar Donetsk,Atalanta,UKR,ITA,0,3,,,SEASON_ONLY
2019-06-30,2019,EUR_CL,,Dinamo Zagreb,Manchester City,CRO,ENG,1,4,,,SEASON_ONLY
2019-06-30,2019,EUR_CL,,Atlético Madrid,Juventus,ESP,ITA,2,2,,,SEASON_ONLY
2019-06-30,2019,EUR_CL,,Bayer Leverkusen,Lokomotiv Moskva,GER,RUS,1,2,,,SEASON_ONLY
2019-06-30,2019,EUR_CL,,Juventus,Bayer Leverkusen,ITA,GER,3,0,,,SEASON_ONLY
2019-06-30,2019,EUR_CL,,Lokomotiv Moskva,Atlético Madrid,RUS,ESP,0,2,,,SEASON_ONLY
2019-06-30,2019,EUR_CL,,Atlético Madrid,Bayer Leverkusen,ESP,GER,1,0,,,SEASON_ONLY
2019-06-30,2019,EUR_CL,,Juventus,Lokomotiv Moskva,ITA,RUS,2,1,,,SEASON_ONLY
2019-06-30,2019,EUR_CL,,Lokomotiv Moskva,Juventus,RUS,ITA,1,2,,,SEASON_ONLY
2019-06-30,2019,EUR_CL,,Bayer Leverkusen,Atlético Madrid,GER,ESP,2,1,,,SEASON_ONLY
2019-06-30,2019,EUR_CL,,Lokomotiv Moskva,Bayer Leverkusen,RUS,GER,0,2,,,SEASON_ONLY
2019-06-30,2019,EUR_CL,,Juventus,Atlético Madrid,ITA,ESP,1,0,,,SEASON_ONLY
2019-06-30,2019,EUR_CL,,Atlético Madrid,Lokomotiv Moskva,ESP,RUS,2,0,,,SEASON_ONLY
2019-06-30,2019,EUR_CL,,Bayer Leverkusen,Juventus,GER,ITA,0,2,,,SEASON_ONLY
2019-06-30,2019,EUR_CL,,SSC Napoli,Liverpool FC,ITA,ENG,2,0,,,SEASON_ONLY
2019-06-30,2019,EUR_CL,,RB Salzburg,KRC Genk,AUT,BEL,6,2,,,SEASON_ONLY
2019-06-30,2019,EUR_CL,,KRC Genk,SSC Napoli,BEL,ITA,0,0,,,SEASON_ONLY
2019-06-30,2019,EUR_CL,,Liverpool FC,RB Salzburg,ENG,AUT,4,3,,,SEASON_ONLY
2019-06-30,2019,EUR_CL,,RB Salzburg,SSC Napoli,AUT,ITA,2,3,,,SEASON_ONLY
2019-06-30,2019,EUR_CL,,KRC Genk,Liverpool FC,BEL,ENG,1,4,,,SEASON_ONLY
2019-06-30,2019,EUR_CL,,Liverpool FC,KRC Genk,ENG,BEL,2,1,,,SEASON_ONLY
2019-06-30,2019,EUR_CL,,SSC Napoli,RB Salzburg,ITA,AUT,1,1,,,SEASON_ONLY
2019-06-30,2019,EUR_CL,,Liverpool FC,SSC Napoli,ENG,ITA,1,1,,,SEASON_ONLY
2019-06-30,2019,EUR_CL,,KRC Genk,RB Salzburg,BEL,AUT,1,4,,,SEASON_ONLY
2019-06-30,2019,EUR_CL,,SSC Napoli,KRC Genk,ITA,BEL,4,0,,,SEASON_ONLY
2019-06-30,2019,EUR_CL,,RB Salzburg,Liverpool FC,AUT,ENG,0,2,,,SEASON_ONLY
2019-06-30,2019,EUR_CL,,Inter,Slavia Praha,ITA,CZE,1,1,,,SEASON_ONLY
2019-06-30,2019,EUR_CL,,Borussia Dortmund,FC Barcelona,GER,ESP,0,0,,,SEASON_ONLY
2019-06-30,2019,EUR_CL,,Slavia Praha,Borussia Dortmund,CZE,GER,0,2,,,SEASON_ONLY
2019-06-30,2019,EUR_CL,,FC Barcelona,Inter,ESP,ITA,2,1,,,SEASON_ONLY
2019-06-30,2019,EUR_CL,,Inter,Borussia Dortmund,ITA,GER,2,0,,,SEASON_ONLY
2019-06-30,2019,EUR_CL,,Slavia Praha,FC Barcelona,CZE,ESP,1,2,,,SEASON_ONLY
2019-06-30,2019,EUR_CL,,FC Barcelona,Slavia Praha,ESP,CZE,0,0,,,SEASON_ONLY
2019-06-30,2019,EUR_CL,,Borussia Dortmund,Inter,GER,ITA,3,2,,,SEASON_ONLY
2019-06-30,2019,EUR_CL,,FC Barcelona,Borussia Dortmund,ESP,GER,3,1,,,SEASON_ONLY
2019-06-30,2019,EUR_CL,,Slavia Praha,Inter,CZE,ITA,1,3,,,SEASON_ONLY
2019-06-30,2019,EUR_CL,,Borussia Dortmund,Slavia Praha,GER,CZE,2,1,,,SEASON_ONLY
2019-06-30,2019,EUR_CL,,Inter,FC Barcelona,ITA,ESP,1,2,,,SEASON_ONLY
2019-06-30,2019,EUR_CL,,Olympique Lyonnais,Zenit St. Petersburg,FRA,RUS,1,1,,,SEASON_ONLY
2019-06-30,2019,EUR_CL,,SL Benfica,RB Leipzig,POR,GER,1,2,,,SEASON_ONLY
2019-06-30,2019,EUR_CL,,Zenit St. Petersburg,SL Benfica,RUS,POR,3,1,,,SEASON_ONLY
2019-06-30,2019,EUR_CL,,RB Leipzig,Olympique Lyonnais,GER,FRA,0,2,,,SEASON_ONLY
2019-06-30,2019,EUR_CL,,RB Leipzig,Zenit St. Petersburg,GER,RUS,2,1,,,SEASON_ONLY
2019-06-30,2019,EUR_CL,,SL Benfica,Olympique Lyonnais,POR,FRA,2,1,,,SEASON_ONLY
2019-06-30,2019,EUR_CL,,Zenit St. Petersburg,RB Leipzig,RUS,GER,0,2,,,SEASON_ONLY
2019-06-30,2019,EUR_CL,,Olympique Lyonnais,SL Benfica,FRA,POR,3,1,,,SEASON_ONLY
2019-06-30,2019,EUR_CL,,Zenit St. Petersburg,Olympique Lyonnais,RUS,FRA,2,0,,,SEASON_ONLY
2019-06-30,2019,EUR_CL,,RB Leipzig,SL Benfica,GER,POR,2,2,,,SEASON_ONLY
2019-06-30,2019,EUR_CL,,SL Benfica,Zenit St. Petersburg,POR,RUS,3,0,,,SEASON_ONLY
2019-06-30,2019,EUR_CL,,Olympique Lyonnais,RB Leipzig,FRA,GER,2,2,,,SEASON_ONLY
2019-06-30,2019,EUR_CL,,Chelsea FC,Valencia CF,ENG,ESP,0,1,,,SEASON_ONLY
2019-06-30,2019,EUR_CL,,AFC Ajax,Lille OSC,NED,FRA,3,0,,,SEASON_ONLY
2019-06-30,2019,EUR_CL,,Valencia CF,AFC Ajax,ESP,NED,0,3,,,SEASON_ONLY
2019-06-30,2019,EUR_CL,,Lille OSC,Chelsea FC,FRA,ENG,1,2,,,SEASON_ONLY
2019-06-30,2019,EUR_CL,,AFC Ajax,Chelsea FC,NED,ENG,0,1,,,SEASON_ONLY
2019-06-30,2019,EUR_CL,,Lille OSC,Valencia CF,FRA,ESP,1,1,,,SEASON_ONLY
2019-06-30,2019,EUR_CL,,Chelsea FC,AFC Ajax,ENG,NED,4,4,,,SEASON_ONLY
2019-06-30,2019,EUR_CL,,Valencia CF,Lille OSC,ESP,FRA,4,1,,,SEASON_ONLY
2019-06-30,2019,EUR_CL,,Valencia CF,Chelsea FC,ESP,ENG,2,2,,,SEASON_ONLY
2019-06-30,2019,EUR_CL,,Lille OSC,AFC Ajax,FRA,NED,0,2,,,SEASON_ONLY
2019-06-30,2019,EUR_CL,,Chelsea FC,Lille OSC,ENG,FRA,2,1,,,SEASON_ONLY
2019-06-30,2019,EUR_CL,,AFC Ajax,Valencia CF,NED,ESP,0,1,,,SEASON_ONLY
2019-06-30,2019,EUR_CL,,Borussia Dortmund,Paris Saint-Germain,GER,FRA,2,1,,,SEASON_ONLY
2019-06-30,2019,EUR_CL,,Atlético Madrid,Liverpool FC,ESP,ENG,1,0,,,SEASON_ONLY
2019-06-30,2019,EUR_CL,,Atalanta,Valencia CF,ITA,ESP,4,1,,,SEASON_ONLY
2019-06-30,2019,EUR_CL,,Tottenham Hotspur,RB Leipzig,ENG,GER,0,1,,,SEASON_ONLY
2019-06-30,2019,EUR_CL,,Chelsea FC,Bayern München,ENG,GER,0,3,,,SEASON_ONLY
2019-06-30,2019,EUR_CL,,SSC Napoli,FC Barcelona,ITA,ESP,1,1,,,SEASON_ONLY
2019-06-30,2019,EUR_CL,,Real Madrid,Manchester City,ESP,ENG,1,2,,,SEASON_ONLY
2019-06-30,2019,EUR_CL,,Olympique Lyonnais,Juventus,FRA,ITA,1,0,,,SEASON_ONLY
2019-06-30,2019,EUR_CL,,Valencia CF,Atalanta,ESP,ITA,3,4,,,SEASON_ONLY
2019-06-30,2019,EUR_CL,,RB Leipzig,Tottenham Hotspur,GER,ENG,3,0,,,SEASON_ONLY
2019-06-30,2019,EUR_CL,,Paris Saint-Germain,Borussia Dortmund,FRA,GER,2,0,,,SEASON_ONLY
2019-06-30,2019,EUR_CL,,Liverpool FC,Atlético Madrid,ENG,ESP,2,3,,,SEASON_ONLY
2019-06-30,2019,EUR_CL,,Manchester City,Real Madrid,ENG,ESP,2,1,,,SEASON_ONLY
2019-06-30,2019,EUR_CL,,Juventus,Olympique Lyonnais,ITA,FRA,2,1,,,SEASON_ONLY
2019-06-30,2019,EUR_CL,,Bayern München,Chelsea FC,GER,ENG,4,1,,,SEASON_ONLY
2019-06-30,2019,EUR_CL,,FC Barcelona,SSC Napoli,ESP,ITA,3,1,,,SEASON_ONLY
2019-06-30,2019,EUR_CL,,Atalanta,Paris Saint-Germain,ITA,FRA,1,2,,,SEASON_ONLY
2019-06-30,2019,EUR_CL,,RB Leipzig,Atlético Madrid,GER,ESP,2,1,,,SEASON_ONLY
2019-06-30,2019,EUR_CL,,FC Barcelona,Bayern München,ESP,GER,2,8,,,SEASON_ONLY
2019-06-30,2019,EUR_CL,,Manchester City,Olympique Lyonnais,ENG,FRA,1,3,,,SEASON_ONLY
2019-06-30,2019,EUR_CL,,RB Leipzig,Paris Saint-Germain,GER,FRA,0,3,,,SEASON_ONLY
2019-06-30,2019,EUR_CL,,Olympique Lyonnais,Bayern München,FRA,GER,0,3,,,SEASON_ONLY
2019-06-30,2019,EUR_CL,,Paris Saint-Germain,Bayern München,FRA,GER,0,1,,,SEASON_ONLY
2020-06-30,2020,EUR_CL,,RB Salzburg,Lokomotiv Moskva,AUT,RUS,2,2,,,SEASON_ONLY
2020-06-30,2020,EUR_CL,,Bayern München,Atlético Madrid,GER,ESP,4,0,,,SEASON_ONLY
2020-06-30,2020,EUR_CL,,Lokomotiv Moskva,Bayern München,RUS,GER,1,2,,,SEASON_ONLY
2020-06-30,2020,EUR_CL,,Atlético Madrid,RB Salzburg,ESP,AUT,3,2,,,SEASON_ONLY
2020-06-30,2020,EUR_CL,,Lokomotiv Moskva,Atlético Madrid,RUS,ESP,1,1,,,SEASON_ONLY
2020-06-30,2020,EUR_CL,,RB Salzburg,Bayern München,AUT,GER,2,6,,,SEASON_ONLY
2020-06-30,2020,EUR_CL,,Atlético Madrid,Lokomotiv Moskva,ESP,RUS,0,0,,,SEASON_ONLY
2020-06-30,2020,EUR_CL,,Bayern München,RB Salzburg,GER,AUT,3,1,,,SEASON_ONLY
2020-06-30,2020,EUR_CL,,Lokomotiv Moskva,RB Salzburg,RUS,AUT,1,3,,,SEASON_ONLY
2020-06-30,2020,EUR_CL,,Atlético Madrid,Bayern München,ESP,GER,1,1,,,SEASON_ONLY
2020-06-30,2020,EUR_CL,,Bayern München,Lokomotiv Moskva,GER,RUS,2,0,,,SEASON_ONLY
2020-06-30,2020,EUR_CL,,RB Salzburg,Atlético Madrid,AUT,ESP,0,2,,,SEASON_ONLY
2020-06-30,2020,EUR_CL,,Real Madrid,Shakhtar Donetsk,ESP,UKR,2,3,,,SEASON_ONLY
2020-06-30,2020,EUR_CL,,Inter,Bor. Mönchengladbach,ITA,GER,2,2,,,SEASON_ONLY
2020-06-30,2020,EUR_CL,,Shakhtar Donetsk,Inter,UKR,ITA,0,0,,,SEASON_ONLY
2020-06-30,2020,EUR_CL,,Bor. Mönchengladbach,Real Madrid,GER,ESP,2,2,,,SEASON_ONLY
2020-06-30,2020,EUR_CL,,Shakhtar Donetsk,Bor. Mönchengladbach,UKR,GER,0,6,,,SEASON_ONLY
2020-06-30,2020,EUR_CL,,Real Madrid,Inter,ESP,ITA,3,2,,,SEASON_ONLY
2020-06-30,2020,EUR_CL,,Bor. Mönchengladbach,Shakhtar Donetsk,GER,UKR,4,0,,,SEASON_ONLY
2020-06-30,2020,EUR_CL,,Inter,Real Madrid,ITA,ESP,0,2,,,SEASON_ONLY
2020-06-30,2020,EUR_CL,,Shakhtar Donetsk,Real Madrid,UKR,ESP,2,0,,,SEASON_ONLY
2020-06-30,2020,EUR_CL,,Bor. Mönchengladbach,Inter,GER,ITA,2,3,,,SEASON_ONLY
2020-06-30,2020,EUR_CL,,Inter,Shakhtar Donetsk,ITA,UKR,0,0,,,SEASON_ONLY
2020-06-30,2020,EUR_CL,,Real Madrid,Bor. Mönchengladbach,ESP,GER,2,0,,,SEASON_ONLY
2020-06-30,2020,EUR_CL,,Manchester City,FC Porto,ENG,POR,3,1,,,SEASON_ONLY
2020-06-30,2020,EUR_CL,,Olympiakos Piraeus,Olympique Marseille,GRE,FRA,1,0,,,SEASON_ONLY
2020-06-30,2020,EUR_CL,,FC Porto,Olympiakos Piraeus,POR,GRE,2,0,,,SEASON_ONLY
2020-06-30,2020,EUR_CL,,Olympique Marseille,Manchester City,FRA,ENG,0,3,,,SEASON_ONLY
2020-06-30,2020,EUR_CL,,FC Porto,Olympique Marseille,POR,FRA,3,0,,,SEASON_ONLY
2020-06-30,2020,EUR_CL,,Manchester City,Olympiakos Piraeus,ENG,GRE,3,0,,,SEASON_ONLY
2020-06-30,2020,EUR_CL,,Olympiakos Piraeus,Manchester City,GRE,ENG,0,1,,,SEASON_ONLY
2020-06-30,2020,EUR_CL,,Olympique Marseille,FC Porto,FRA,POR,0,2,,,SEASON_ONLY
2020-06-30,2020,EUR_CL,,FC Porto,Manchester City,POR,ENG,0,0,,,SEASON_ONLY
2020-06-30,2020,EUR_CL,,Olympique Marseille,Olympiakos Piraeus,FRA,GRE,2,1,,,SEASON_ONLY
2020-06-30,2020,EUR_CL,,Manchester City,Olympique Marseille,ENG,FRA,3,0,,,SEASON_ONLY
2020-06-30,2020,EUR_CL,,Olympiakos Piraeus,FC Porto,GRE,POR,0,2,,,SEASON_ONLY
2020-06-30,2020,EUR_CL,,AFC Ajax,Liverpool FC,NED,ENG,0,1,,,SEASON_ONLY
2020-06-30,2020,EUR_CL,,FC Midtjylland,Atalanta,DEN,ITA,0,4,,,SEASON_ONLY
2020-06-30,2020,EUR_CL,,Atalanta,AFC Ajax,ITA,NED,2,2,,,SEASON_ONLY
2020-06-30,2020,EUR_CL,,Liverpool FC,FC Midtjylland,ENG,DEN,2,0,,,SEASON_ONLY
2020-06-30,2020,EUR_CL,,Atalanta,Liverpool FC,ITA,ENG,0,5,,,SEASON_ONLY
2020-06-30,2020,EUR_CL,,FC Midtjylland,AFC Ajax,DEN,NED,1,2,,,SEASON_ONLY
2020-06-30,2020,EUR_CL,,AFC Ajax,FC Midtjylland,NED,DEN,3,1,,,SEASON_ONLY
2020-06-30,2020,EUR_CL,,Liverpool FC,Atalanta,ENG,ITA,0,2,,,SEASON_ONLY
2020-06-30,2020,EUR_CL,,Atalanta,FC Midtjylland,ITA,DEN,1,1,,,SEASON_ONLY
2020-06-30,2020,EUR_CL,,Liverpool FC,AFC Ajax,ENG,NED,1,0,,,SEASON_ONLY
2020-06-30,2020,EUR_CL,,AFC Ajax,Atalanta,NED,ITA,0,1,,,SEASON_ONLY
2020-06-30,2020,EUR_CL,,FC Midtjylland,Liverpool FC,DEN,ENG,1,1,,,SEASON_ONLY
2020-06-30,2020,EUR_CL,,Chelsea FC,Sevilla FC,ENG,ESP,0,0,,,SEASON_ONLY
2020-06-30,2020,EUR_CL,,Stade Rennais,FK Krasnodar,FRA,RUS,1,1,,,SEASON_ONLY
2020-06-30,2020,EUR_CL,,FK Krasnodar,Chelsea FC,RUS,ENG,0,4,,,SEASON_ONLY
2020-06-30,2020,EUR_CL,,Sevilla FC,Stade Rennais,ESP,FRA,1,0,,,SEASON_ONLY
2020-06-30,2020,EUR_CL,,Chelsea FC,Stade Rennais,ENG,FRA,3,0,,,SEASON_ONLY
2020-06-30,2020,EUR_CL,,Sevilla FC,FK Krasnodar,ESP,RUS,3,2,,,SEASON_ONLY
2020-06-30,2020,EUR_CL,,Stade Rennais,Chelsea FC,FRA,ENG,1,2,,,SEASON_ONLY
2020-06-30,2020,EUR_CL,,FK Krasnodar,Sevilla FC,RUS,ESP,1,2,,,SEASON_ONLY
2020-06-30,2020,EUR_CL,,FK Krasnodar,Stade Rennais,RUS,FRA,1,0,,,SEASON_ONLY
2020-06-30,2020,EUR_CL,,Sevilla FC,Chelsea FC,ESP,ENG,0,4,,,SEASON_ONLY
2020-06-30,2020,EUR_CL,,Chelsea FC,FK Krasnodar,ENG,RUS,1,1,,,SEASON_ONLY
2020-06-30,2020,EUR_CL,,Stade Rennais,Sevilla FC,FRA,ESP,1,3,,,SEASON_ONLY
2020-06-30,2020,EUR_CL,,Zenit St. Petersburg,Club Brugge KV,RUS,BEL,1,2,,,SEASON_ONLY
2020-06-30,2020,EUR_CL,,Lazio Roma,Borussia Dortmund,ITA,GER,3,1,,,SEASON_ONLY
2020-06-30,2020,EUR_CL,,Borussia Dortmund,Zenit St. Petersburg,GER,RUS,2,0,,,SEASON_ONLY
2020-06-30,2020,EUR_CL,,Club Brugge KV,Lazio Roma,BEL,ITA,1,1,,,SEASON_ONLY
2020-06-30,2020,EUR_CL,,Zenit St. Petersburg,Lazio Roma,RUS,ITA,1,1,,,SEASON_ONLY
2020-06-30,2020,EUR_CL,,Club Brugge KV,Borussia Dortmund,BEL,GER,0,3,,,SEASON_ONLY
2020-06-30,2020,EUR_CL,,Borussia Dortmund,Club Brugge KV,GER,BEL,3,0,,,SEASON_ONLY
2020-06-30,2020,EUR_CL,,Lazio Roma,Zenit St. Petersburg,ITA,RUS,3,1,,,SEASON_ONLY
2020-06-30,2020,EUR_CL,,Borussia Dortmund,Lazio Roma,GER,ITA,1,1,,,SEASON_ONLY
2020-06-30,2020,EUR_CL,,Club Brugge KV,Zenit St. Petersburg,BEL,RUS,3,0,,,SEASON_ONLY
2020-06-30,2020,EUR_CL,,Zenit St. Petersburg,Borussia Dortmund,RUS,GER,1,2,,,SEASON_ONLY
2020-06-30,2020,EUR_CL,,Lazio Roma,Club Brugge KV,ITA,BEL,2,2,,,SEASON_ONLY
2020-06-30,2020,EUR_CL,,Dinamo Kiev,Juventus,UKR,ITA,0,2,,,SEASON_ONLY
2020-06-30,2020,EUR_CL,,FC Barcelona,Ferencvárosi TC,ESP,HUN,5,1,,,SEASON_ONLY
2020-06-30,2020,EUR_CL,,Ferencvárosi TC,Dinamo Kiev,HUN,UKR,2,2,,,SEASON_ONLY
2020-06-30,2020,EUR_CL,,Juventus,FC Barcelona,ITA,ESP,0,2,,,SEASON_ONLY
2020-06-30,2020,EUR_CL,,FC Barcelona,Dinamo Kiev,ESP,UKR,2,1,,,SEASON_ONLY
2020-06-30,2020,EUR_CL,,Ferencvárosi TC,Juventus,HUN,ITA,1,4,,,SEASON_ONLY
2020-06-30,2020,EUR_CL,,Dinamo Kiev,FC Barcelona,UKR,ESP,0,4,,,SEASON_ONLY
2020-06-30,2020,EUR_CL,,Juventus,Ferencvárosi TC,ITA,HUN,2,1,,,SEASON_ONLY
2020-06-30,2020,EUR_CL,,Juventus,Dinamo Kiev,ITA,UKR,3,0,,,SEASON_ONLY
2020-06-30,2020,EUR_CL,,Ferencvárosi TC,FC Barcelona,HUN,ESP,0,3,,,SEASON_ONLY
2020-06-30,2020,EUR_CL,,Dinamo Kiev,Ferencvárosi TC,UKR,HUN,1,0,,,SEASON_ONLY
2020-06-30,2020,EUR_CL,,FC Barcelona,Juventus,ESP,ITA,0,3,,,SEASON_ONLY
2020-06-30,2020,EUR_CL,,RB Leipzig,İstanbul Başakşehir,GER,TUR,2,0,,,SEASON_ONLY
2020-06-30,2020,EUR_CL,,Paris Saint-Germain,Manchester United,FRA,ENG,1,2,,,SEASON_ONLY
2020-06-30,2020,EUR_CL,,İstanbul Başakşehir,Paris Saint-Germain,TUR,FRA,0,2,,,SEASON_ONLY
2020-06-30,2020,EUR_CL,,Manchester United,RB Leipzig,ENG,GER,5,0,,,SEASON_ONLY
2020-06-30,2020,EUR_CL,,İstanbul Başakşehir,Manchester United,TUR,ENG,2,1,,,SEASON_ONLY
2020-06-30,2020,EUR_CL,,RB Leipzig,Paris Saint-Germain,GER,FRA,2,1,,,SEASON_ONLY
2020-06-30,2020,EUR_CL,,Manchester United,İstanbul Başakşehir,ENG,TUR,4,1,,,SEASON_ONLY
2020-06-30,2020,EUR_CL,,Paris Saint-Germain,RB Leipzig,FRA,GER,1,0,,,SEASON_ONLY
2020-06-30,2020,EUR_CL,,İstanbul Başakşehir,RB Leipzig,TUR,GER,3,4,,,SEASON_ONLY
2020-06-30,2020,EUR_CL,,Manchester United,Paris Saint-Germain,ENG,FRA,1,3,,,SEASON_ONLY
2020-06-30,2020,EUR_CL,,RB Leipzig,Manchester United,GER,ENG,3,2,,,SEASON_ONLY
2020-06-30,2020,EUR_CL,,Paris Saint-Germain,İstanbul Başakşehir,FRA,TUR,5,1,,,SEASON_ONLY
2020-06-30,2020,EUR_CL,,RB Leipzig,Liverpool FC,GER,ENG,0,2,,,SEASON_ONLY
2020-06-30,2020,EUR_CL,,FC Barcelona,Paris Saint-Germain,ESP,FRA,1,4,,,SEASON_ONLY
2020-06-30,2020,EUR_CL,,FC Porto,Juventus,POR,ITA,2,1,,,SEASON_ONLY
2020-06-30,2020,EUR_CL,,Sevilla FC,Borussia Dortmund,ESP,GER,2,3,,,SEASON_ONLY
2020-06-30,2020,EUR_CL,,Lazio Roma,Bayern München,ITA,GER,1,4,,,SEASON_ONLY
2020-06-30,2020,EUR_CL,,Atlético Madrid,Chelsea FC,ESP,ENG,0,1,,,SEASON_ONLY
2020-06-30,2020,EUR_CL,,Bor. Mönchengladbach,Manchester City,GER,ENG,0,2,,,SEASON_ONLY
2020-06-30,2020,EUR_CL,,Atalanta,Real Madrid,ITA,ESP,0,1,,,SEASON_ONLY
2020-06-30,2020,EUR_CL,,Juventus,FC Porto,ITA,POR,3,2,,,SEASON_ONLY
2020-06-30,2020,EUR_CL,,Borussia Dortmund,Sevilla FC,GER,ESP,2,2,,,SEASON_ONLY
2020-06-30,2020,EUR_CL,,Liverpool FC,RB Leipzig,ENG,GER,2,0,,,SEASON_ONLY
2020-06-30,2020,EUR_CL,,Paris Saint-Germain,FC Barcelona,FRA,ESP,1,1,,,SEASON_ONLY
2020-06-30,2020,EUR_CL,,Manchester City,Bor. Mönchengladbach,ENG,GER,2,0,,,SEASON_ONLY
2020-06-30,2020,EUR_CL,,Real Madrid,Atalanta,ESP,ITA,3,1,,,SEASON_ONLY
2020-06-30,2020,EUR_CL,,Bayern München,Lazio Roma,GER,ITA,2,1,,,SEASON_ONLY
2020-06-30,2020,EUR_CL,,Chelsea FC,Atlético Madrid,ENG,ESP,2,0,,,SEASON_ONLY
2020-06-30,2020,EUR_CL,,Manchester City,Borussia Dortmund,ENG,GER,2,1,,,SEASON_ONLY
2020-06-30,2020,EUR_CL,,Real Madrid,Liverpool FC,ESP,ENG,3,1,,,SEASON_ONLY
2020-06-30,2020,EUR_CL,,FC Porto,Chelsea FC,POR,ENG,0,2,,,SEASON_ONLY
2020-06-30,2020,EUR_CL,,Bayern München,Paris Saint-Germain,GER,FRA,2,3,,,SEASON_ONLY
2020-06-30,2020,EUR_CL,,Chelsea FC,FC Porto,ENG,POR,0,1,,,SEASON_ONLY
2020-06-30,2020,EUR_CL,,Paris Saint-Germain,Bayern München,FRA,GER,0,1,,,SEASON_ONLY
2020-06-30,2020,EUR_CL,,Borussia Dortmund,Manchester City,GER,ENG,1,2,,,SEASON_ONLY
2020-06-30,2020,EUR_CL,,Liverpool FC,Real Madrid,ENG,ESP,0,0,,,SEASON_ONLY
2020-06-30,2020,EUR_CL,,Real Madrid,Chelsea FC,ESP,ENG,1,1,,,SEASON_ONLY
2020-06-30,2020,EUR_CL,,Paris Saint-Germain,Manchester City,FRA,ENG,1,2,,,SEASON_ONLY
2020-06-30,2020,EUR_CL,,Manchester City,Paris Saint-Germain,ENG,FRA,2,0,,,SEASON_ONLY
2020-06-30,2020,EUR_CL,,Chelsea FC,Real Madrid,ENG,ESP,2,0,,,SEASON_ONLY
2020-06-30,2020,EUR_CL,,Manchester City,Chelsea FC,ENG,ENG,0,1,,,SEASON_ONLY
2020-06-30,2020,EUR_EL,,BSC Young Boys,AS Roma,SUI,ITA,1,2,,,SEASON_ONLY
2020-06-30,2020,EUR_EL,,CSKA Sofia,CFR Cluj,BUL,ROU,0,2,,,SEASON_ONLY
2020-06-30,2020,EUR_EL,,AS Roma,CSKA Sofia,ITA,BUL,0,0,,,SEASON_ONLY
2020-06-30,2020,EUR_EL,,CFR Cluj,BSC Young Boys,ROU,SUI,1,1,,,SEASON_ONLY
2020-06-30,2020,EUR_EL,,AS Roma,CFR Cluj,ITA,ROU,5,0,,,SEASON_ONLY
2020-06-30,2020,EUR_EL,,BSC Young Boys,CSKA Sofia,SUI,BUL,3,0,,,SEASON_ONLY
2020-06-30,2020,EUR_EL,,CSKA Sofia,BSC Young Boys,BUL,SUI,0,1,,,SEASON_ONLY
2020-06-30,2020,EUR_EL,,CFR Cluj,AS Roma,ROU,ITA,0,2,,,SEASON_ONLY
2020-06-30,2020,EUR_EL,,AS Roma,BSC Young Boys,ITA,SUI,3,1,,,SEASON_ONLY
2020-06-30,2020,EUR_EL,,CFR Cluj,CSKA Sofia,ROU,BUL,0,0,,,SEASON_ONLY
2020-06-30,2020,EUR_EL,,CSKA Sofia,AS Roma,BUL,ITA,3,1,,,SEASON_ONLY
2020-06-30,2020,EUR_EL,,BSC Young Boys,CFR Cluj,SUI,ROU,2,1,,,SEASON_ONLY
2020-06-30,2020,EUR_EL,,Rapid Wien,Arsenal FC,AUT,ENG,1,2,,,SEASON_ONLY
2020-06-30,2020,EUR_EL,,Dundalk FC,Molde FK,IRL,NOR,1,2,,,SEASON_ONLY
2020-06-30,2020,EUR_EL,,Arsenal FC,Dundalk FC,ENG,IRL,3,0,,,SEASON_ONLY
2020-06-30,2020,EUR_EL,,Molde FK,Rapid Wien,NOR,AUT,1,0,,,SEASON_ONLY
2020-06-30,2020,EUR_EL,,Rapid Wien,Dundalk FC,AUT,IRL,4,3,,,SEASON_ONLY
2020-06-30,2020,EUR_EL,,Arsenal FC,Molde FK,ENG,NOR,4,1,,,SEASON_ONLY
2020-06-30,2020,EUR_EL,,Molde FK,Arsenal FC,NOR,ENG,0,3,,,SEASON_ONLY
2020-06-30,2020,EUR_EL,,Dundalk FC,Rapid Wien,IRL,AUT,1,3,,,SEASON_ONLY
2020-06-30,2020,EUR_EL,,Arsenal FC,Rapid Wien,ENG,AUT,4,1,,,SEASON_ONLY
2020-06-30,2020,EUR_EL,,Molde FK,Dundalk FC,NOR,IRL,3,1,,,SEASON_ONLY
2020-06-30,2020,EUR_EL,,Dundalk FC,Arsenal FC,IRL,ENG,2,4,,,SEASON_ONLY
2020-06-30,2020,EUR_EL,,Rapid Wien,Molde FK,AUT,NOR,2,2,,,SEASON_ONLY
2020-06-30,2020,EUR_EL,,Bayer Leverkusen,OGC Nice,GER,FRA,6,2,,,SEASON_ONLY
2020-06-30,2020,EUR_EL,,Hapoel Be'er Sheva,Slavia Praha,ISR,CZE,3,1,,,SEASON_ONLY
2020-06-30,2020,EUR_EL,,Slavia Praha,Bayer Leverkusen,CZE,GER,1,0,,,SEASON_ONLY
2020-06-30,2020,EUR_EL,,OGC Nice,Hapoel Be'er Sheva,FRA,ISR,1,0,,,SEASON_ONLY
2020-06-30,2020,EUR_EL,,Hapoel Be'er Sheva,Bayer Leverkusen,ISR,GER,2,4,,,SEASON_ONLY
2020-06-30,2020,EUR_EL,,Slavia Praha,OGC Nice,CZE,FRA,3,2,,,SEASON_ONLY
2020-06-30,2020,EUR_EL,,Bayer Leverkusen,Hapoel Be'er Sheva,GER,ISR,4,1,,,SEASON_ONLY
2020-06-30,2020,EUR_EL,,OGC Nice,Slavia Praha,FRA,CZE,1,3,,,SEASON_ONLY
2020-06-30,2020,EUR_EL,,OGC Nice,Bayer Leverkusen,FRA,GER,2,3,,,SEASON_ONLY
2020-06-30,2020,EUR_EL,,Slavia Praha,Hapoel Be'er Sheva,CZE,ISR,3,0,,,SEASON_ONLY
2020-06-30,2020,EUR_EL,,Bayer Leverkusen,Slavia Praha,GER,CZE,4,0,,,SEASON_ONLY
2020-06-30,2020,EUR_EL,,Hapoel Be'er Sheva,OGC Nice,ISR,FRA,1,0,,,SEASON_ONLY
2020-06-30,2020,EUR_EL,,Lech Poznań,SL Benfica,POL,POR,2,4,,,SEASON_ONLY
2020-06-30,2020,EUR_EL,,Standard Liège,Rangers FC,BEL,SCO,0,2,,,SEASON_ONLY
2020-06-30,2020,EUR_EL,,Rangers FC,Lech Poznań,SCO,POL,1,0,,,SEASON_ONLY
2020-06-30,2020,EUR_EL,,SL Benfica,Standard Liège,POR,BEL,3,0,,,SEASON_ONLY
2020-06-30,2020,EUR_EL,,Lech Poznań,Standard Liège,POL,BEL,3,1,,,SEASON_ONLY
2020-06-30,2020,EUR_EL,,SL Benfica,Rangers FC,POR,SCO,3,3,,,SEASON_ONLY
2020-06-30,2020,EUR_EL,,Standard Liège,Lech Poznań,BEL,POL,2,1,,,SEASON_ONLY
2020-06-30,2020,EUR_EL,,Rangers FC,SL Benfica,SCO,POR,2,2,,,SEASON_ONLY
2020-06-30,2020,EUR_EL,,SL Benfica,Lech Poznań,POR,POL,4,0,,,SEASON_ONLY
2020-06-30,2020,EUR_EL,,Rangers FC,Standard Liège,SCO,BEL,3,2,,,SEASON_ONLY
2020-06-30,2020,EUR_EL,,Lech Poznań,Rangers FC,POL,SCO,0,2,,,SEASON_ONLY
2020-06-30,2020,EUR_EL,,Standard Liège,SL Benfica,BEL,POR,2,2,,,SEASON_ONLY
2020-06-30,2020,EUR_EL,,PSV Eindhoven,Granada CF,NED,ESP,1,2,,,SEASON_ONLY
2020-06-30,2020,EUR_EL,,PAOK Saloniki,Omonia Nikosia,GRE,CYP,1,1,,,SEASON_ONLY
2020-06-30,2020,EUR_EL,,Granada CF,PAOK Saloniki,ESP,GRE,0,0,,,SEASON_ONLY
2020-06-30,2020,EUR_EL,,Omonia Nikosia,PSV Eindhoven,CYP,NED,1,2,,,SEASON_ONLY
2020-06-30,2020,EUR_EL,,Omonia Nikosia,Granada CF,CYP,ESP,0,2,,,SEASON_ONLY
2020-06-30,2020,EUR_EL,,PAOK Saloniki,PSV Eindhoven,GRE,NED,4,1,,,SEASON_ONLY
2020-06-30,2020,EUR_EL,,Granada CF,Omonia Nikosia,ESP,CYP,2,1,,,SEASON_ONLY
2020-06-30,2020,EUR_EL,,PSV Eindhoven,PAOK Saloniki,NED,GRE,3,2,,,SEASON_ONLY
2020-06-30,2020,EUR_EL,,Granada CF,PSV Eindhoven,ESP,NED,0,1,,,SEASON_ONLY
2020-06-30,2020,EUR_EL,,Omonia Nikosia,PAOK Saloniki,CYP,GRE,2,1,,,SEASON_ONLY
2020-06-30,2020,EUR_EL,,PAOK Saloniki,Granada CF,GRE,ESP,0,0,,,SEASON_ONLY
2020-06-30,2020,EUR_EL,,PSV Eindhoven,Omonia Nikosia,NED,CYP,4,0,,,SEASON_ONLY
2020-06-30,2020,EUR_EL,,SSC Napoli,AZ Alkmaar,ITA,NED,0,1,,,SEASON_ONLY
2020-06-30,2020,EUR_EL,,HNK Rijeka,Real Sociedad,CRO,ESP,0,1,,,SEASON_ONLY
2020-06-30,2020,EUR_EL,,AZ Alkmaar,HNK Rijeka,NED,CRO,4,1,,,SEASON_ONLY
2020-06-30,2020,EUR_EL,,Real Sociedad,SSC Napoli,ESP,ITA,0,1,,,SEASON_ONLY
2020-06-30,2020,EUR_EL,,Real Sociedad,AZ Alkmaar,ESP,NED,1,0,,,SEASON_ONLY
2020-06-30,2020,EUR_EL,,HNK Rijeka,SSC Napoli,CRO,ITA,1,2,,,SEASON_ONLY
2020-06-30,2020,EUR_EL,,AZ Alkmaar,Real Sociedad,NED,ESP,0,0,,,SEASON_ONLY
2020-06-30,2020,EUR_EL,,SSC Napoli,HNK Rijeka,ITA,CRO,2,0,,,SEASON_ONLY
2020-06-30,2020,EUR_EL,,AZ Alkmaar,SSC Napoli,NED,ITA,1,1,,,SEASON_ONLY
2020-06-30,2020,EUR_EL,,Real Sociedad,HNK Rijeka,ESP,CRO,2,2,,,SEASON_ONLY
2020-06-30,2020,EUR_EL,,HNK Rijeka,AZ Alkmaar,CRO,NED,2,1,,,SEASON_ONLY
2020-06-30,2020,EUR_EL,,SSC Napoli,Real Sociedad,ITA,ESP,1,1,,,SEASON_ONLY
2020-06-30,2020,EUR_EL,,Sporting Braga,AEK Athen,POR,GRE,3,0,,,SEASON_ONLY
2020-06-30,2020,EUR_EL,,Leicester City,Zorya Lugansk,ENG,UKR,3,0,,,SEASON_ONLY
2020-06-30,2020,EUR_EL,,AEK Athen,Leicester City,GRE,ENG,1,2,,,SEASON_ONLY
2020-06-30,2020,EUR_EL,,Zorya Lugansk,Sporting Braga,UKR,POR,1,2,,,SEASON_ONLY
2020-06-30,2020,EUR_EL,,Zorya Lugansk,AEK Athen,UKR,GRE,1,4,,,SEASON_ONLY
2020-06-30,2020,EUR_EL,,Leicester City,Sporting Braga,ENG,POR,4,0,,,SEASON_ONLY
2020-06-30,2020,EUR_EL,,AEK Athen,Zorya Lugansk,GRE,UKR,0,3,,,SEASON_ONLY
2020-06-30,2020,EUR_EL,,Sporting Braga,Leicester City,POR,ENG,3,3,,,SEASON_ONLY
2020-06-30,2020,EUR_EL,,AEK Athen,Sporting Braga,GRE,POR,2,4,,,SEASON_ONLY
2020-06-30,2020,EUR_EL,,Zorya Lugansk,Leicester City,UKR,ENG,1,0,,,SEASON_ONLY
2020-06-30,2020,EUR_EL,,Leicester City,AEK Athen,ENG,GRE,2,0,,,SEASON_ONLY
2020-06-30,2020,EUR_EL,,Sporting Braga,Zorya Lugansk,POR,UKR,2,0,,,SEASON_ONLY
2020-06-30,2020,EUR_EL,,Celtic FC,AC Milan,SCO,ITA,1,3,,,SEASON_ONLY
2020-06-30,2020,EUR_EL,,AC Sparta Praha,Lille OSC,CZE,FRA,1,4,,,SEASON_ONLY
2020-06-30,2020,EUR_EL,,AC Milan,AC Sparta Praha,ITA,CZE,3,0,,,SEASON_ONLY
2020-06-30,2020,EUR_EL,,Lille OSC,Celtic FC,FRA,SCO,2,2,,,SEASON_ONLY
2020-06-30,2020,EUR_EL,,AC Milan,Lille OSC,ITA,FRA,0,3,,,SEASON_ONLY
2020-06-30,2020,EUR_EL,,Celtic FC,AC Sparta Praha,SCO,CZE,1,4,,,SEASON_ONLY
2020-06-30,2020,EUR_EL,,Lille OSC,AC Milan,FRA,ITA,1,1,,,SEASON_ONLY
2020-06-30,2020,EUR_EL,,AC Sparta Praha,Celtic FC,CZE,SCO,4,1,,,SEASON_ONLY
2020-06-30,2020,EUR_EL,,AC Milan,Celtic FC,ITA,SCO,4,2,,,SEASON_ONLY
2020-06-30,2020,EUR_EL,,Lille OSC,AC Sparta Praha,FRA,CZE,2,1,,,SEASON_ONLY
2020-06-30,2020,EUR_EL,,AC Sparta Praha,AC Milan,CZE,ITA,0,1,,,SEASON_ONLY
2020-06-30,2020,EUR_EL,,Celtic FC,Lille OSC,SCO,FRA,3,2,,,SEASON_ONLY
2020-06-30,2020,EUR_EL,,Maccabi Tel Aviv,Qarabağ FK,ISR,AZE,1,0,,,SEASON_ONLY
2020-06-30,2020,EUR_EL,,Villarreal CF,Sivasspor,ESP,TUR,5,3,,,SEASON_ONLY
2020-06-30,2020,EUR_EL,,Sivasspor,Maccabi Tel Aviv,TUR,ISR,1,2,,,SEASON_ONLY
2020-06-30,2020,EUR_EL,,Qarabağ FK,Villarreal CF,AZE,ESP,1,3,,,SEASON_ONLY
2020-06-30,2020,EUR_EL,,Sivasspor,Qarabağ FK,TUR,AZE,2,0,,,SEASON_ONLY
2020-06-30,2020,EUR_EL,,Villarreal CF,Maccabi Tel Aviv,ESP,ISR,4,0,,,SEASON_ONLY
2020-06-30,2020,EUR_EL,,Maccabi Tel Aviv,Villarreal CF,ISR,ESP,1,1,,,SEASON_ONLY
2020-06-30,2020,EUR_EL,,Qarabağ FK,Sivasspor,AZE,TUR,2,3,,,SEASON_ONLY
2020-06-30,2020,EUR_EL,,Qarabağ FK,Maccabi Tel Aviv,AZE,ISR,1,1,,,SEASON_ONLY
2020-06-30,2020,EUR_EL,,Sivasspor,Villarreal CF,TUR,ESP,0,1,,,SEASON_ONLY
2020-06-30,2020,EUR_EL,,Villarreal CF,Qarabağ FK,ESP,AZE,3,0,,,SEASON_ONLY
2020-06-30,2020,EUR_EL,,Maccabi Tel Aviv,Sivasspor,ISR,TUR,1,0,,,SEASON_ONLY
2020-06-30,2020,EUR_EL,,Tottenham Hotspur,LASK,ENG,AUT,3,0,,,SEASON_ONLY
2020-06-30,2020,EUR_EL,,PFC Ludogorets Razgrad,Royal Antwerp FC,BUL,BEL,1,2,,,SEASON_ONLY
2020-06-30,2020,EUR_EL,,LASK,PFC Ludogorets Razgrad,AUT,BUL,4,3,,,SEASON_ONLY
2020-06-30,2020,EUR_EL,,Royal Antwerp FC,Tottenham Hotspur,BEL,ENG,1,0,,,SEASON_ONLY
2020-06-30,2020,EUR_EL,,PFC Ludogorets Razgrad,Tottenham Hotspur,BUL,ENG,1,3,,,SEASON_ONLY
2020-06-30,2020,EUR_EL,,Royal Antwerp FC,LASK,BEL,AUT,0,1,,,SEASON_ONLY
2020-06-30,2020,EUR_EL,,LASK,Royal Antwerp FC,AUT,BEL,0,2,,,SEASON_ONLY
2020-06-30,2020,EUR_EL,,Tottenham Hotspur,PFC Ludogorets Razgrad,ENG,BUL,4,0,,,SEASON_ONLY
2020-06-30,2020,EUR_EL,,LASK,Tottenham Hotspur,AUT,ENG,3,3,,,SEASON_ONLY
2020-06-30,2020,EUR_EL,,Royal Antwerp FC,PFC Ludogorets Razgrad,BEL,BUL,3,1,,,SEASON_ONLY
2020-06-30,2020,EUR_EL,,PFC Ludogorets Razgrad,LASK,BUL,AUT,1,3,,,SEASON_ONLY
2020-06-30,2020,EUR_EL,,Tottenham Hotspur,Royal Antwerp FC,ENG,BEL,2,0,,,SEASON_ONLY
2020-06-30,2020,EUR_EL,,Wolfsberger AC,CSKA Moskva,AUT,RUS,1,1,,,SEASON_ONLY
2020-06-30,2020,EUR_EL,,Dinamo Zagreb,Feyenoord,CRO,NED,0,0,,,SEASON_ONLY
2020-06-30,2020,EUR_EL,,CSKA Moskva,Dinamo Zagreb,RUS,CRO,0,0,,,SEASON_ONLY
2020-06-30,2020,EUR_EL,,Feyenoord,Wolfsberger AC,NED,AUT,1,4,,,SEASON_ONLY
2020-06-30,2020,EUR_EL,,Feyenoord,CSKA Moskva,NED,RUS,3,1,,,SEASON_ONLY
2020-06-30,2020,EUR_EL,,Dinamo Zagreb,Wolfsberger AC,CRO,AUT,1,0,,,SEASON_ONLY
2020-06-30,2020,EUR_EL,,CSKA Moskva,Feyenoord,RUS,NED,0,0,,,SEASON_ONLY
2020-06-30,2020,EUR_EL,,Wolfsberger AC,Dinamo Zagreb,AUT,CRO,0,3,,,SEASON_ONLY
2020-06-30,2020,EUR_EL,,CSKA Moskva,Wolfsberger AC,RUS,AUT,0,1,,,SEASON_ONLY
2020-06-30,2020,EUR_EL,,Feyenoord,Dinamo Zagreb,NED,CRO,0,2,,,SEASON_ONLY
2020-06-30,2020,EUR_EL,,Dinamo Zagreb,CSKA Moskva,CRO,RUS,3,1,,,SEASON_ONLY
2020-06-30,2020,EUR_EL,,Wolfsberger AC,Feyenoord,AUT,NED,1,0,,,SEASON_ONLY
2020-06-30,2020,EUR_EL,,1899 Hoffenheim,Crvena Zvezda,GER,SRB,2,0,,,SEASON_ONLY
2020-06-30,2020,EUR_EL,,Slovan Liberec,KAA Gent,CZE,BEL,1,0,,,SEASON_ONLY
2020-06-30,2020,EUR_EL,,KAA Gent,1899 Hoffenheim,BEL,GER,1,4,,,SEASON_ONLY
2020-06-30,2020,EUR_EL,,Crvena Zvezda,Slovan Liberec,SRB,CZE,5,1,,,SEASON_ONLY
2020-06-30,2020,EUR_EL,,1899 Hoffenheim,Slovan Liberec,GER,CZE,5,0,,,SEASON_ONLY
2020-06-30,2020,EUR_EL,,Crvena Zvezda,KAA Gent,SRB,BEL,2,1,,,SEASON_ONLY
2020-06-30,2020,EUR_EL,,Slovan Liberec,1899 Hoffenheim,CZE,GER,0,2,,,SEASON_ONLY
2020-06-30,2020,EUR_EL,,KAA Gent,Crvena Zvezda,BEL,SRB,0,2,,,SEASON_ONLY
2020-06-30,2020,EUR_EL,,Crvena Zvezda,1899 Hoffenheim,SRB,GER,0,0,,,SEASON_ONLY
2020-06-30,2020,EUR_EL,,KAA Gent,Slovan Liberec,BEL,CZE,1,2,,,SEASON_ONLY
2020-06-30,2020,EUR_EL,,1899 Hoffenheim,KAA Gent,GER,BEL,4,1,,,SEASON_ONLY
2020-06-30,2020,EUR_EL,,Slovan Liberec,Crvena Zvezda,CZE,SRB,0,0,,,SEASON_ONLY
2020-06-30,2020,EUR_EL,,Dinamo Kiev,Club Brugge KV,UKR,BEL,1,1,,,SEASON_ONLY
2020-06-30,2020,EUR_EL,,Wolfsberger AC,Tottenham Hotspur,AUT,ENG,1,4,,,SEASON_ONLY
2020-06-30,2020,EUR_EL,,Real Sociedad,Manchester United,ESP,ENG,0,4,,,SEASON_ONLY
2020-06-30,2020,EUR_EL,,Crvena Zvezda,AC Milan,SRB,ITA,2,2,,,SEASON_ONLY
2020-06-30,2020,EUR_EL,,Slavia Praha,Leicester City,CZE,ENG,0,0,,,SEASON_ONLY
2020-06-30,2020,EUR_EL,,Sporting Braga,AS Roma,POR,ITA,0,2,,,SEASON_ONLY
2020-06-30,2020,EUR_EL,,FK Krasnodar,Dinamo Zagreb,RUS,CRO,2,3,,,SEASON_ONLY
2020-06-30,2020,EUR_EL,,BSC Young Boys,Bayer Leverkusen,SUI,GER,4,3,,,SEASON_ONLY
2020-06-30,2020,EUR_EL,,Olympiakos Piraeus,PSV Eindhoven,GRE,NED,4,2,,,SEASON_ONLY
2020-06-30,2020,EUR_EL,,SL Benfica,Arsenal FC,POR,ENG,1,1,,,SEASON_ONLY
2020-06-30,2020,EUR_EL,,Royal Antwerp FC,Rangers FC,BEL,SCO,3,4,,,SEASON_ONLY
2020-06-30,2020,EUR_EL,,RB Salzburg,Villarreal CF,AUT,ESP,0,2,,,SEASON_ONLY
2020-06-30,2020,EUR_EL,,Molde FK,1899 Hoffenheim,NOR,GER,3,3,,,SEASON_ONLY
2020-06-30,2020,EUR_EL,,Granada CF,SSC Napoli,ESP,ITA,2,0,,,SEASON_ONLY
2020-06-30,2020,EUR_EL,,Maccabi Tel Aviv,Shakhtar Donetsk,ISR,UKR,0,2,,,SEASON_ONLY
2020-06-30,2020,EUR_EL,,Lille OSC,AFC Ajax,FRA,NED,1,2,,,SEASON_ONLY
2020-06-30,2020,EUR_EL,,Tottenham Hotspur,Wolfsberger AC,ENG,AUT,4,0,,,SEASON_ONLY
2020-06-30,2020,EUR_EL,,Arsenal FC,SL Benfica,ENG,POR,3,2,,,SEASON_ONLY
2020-06-30,2020,EUR_EL,,Rangers FC,Royal Antwerp FC,SCO,BEL,5,2,,,SEASON_ONLY
2020-06-30,2020,EUR_EL,,Villarreal CF,RB Salzburg,ESP,AUT,2,1,,,SEASON_ONLY
2020-06-30,2020,EUR_EL,,1899 Hoffenheim,Molde FK,GER,NOR,0,2,,,SEASON_ONLY
2020-06-30,2020,EUR_EL,,SSC Napoli,Granada CF,ITA,ESP,2,1,,,SEASON_ONLY
2020-06-30,2020,EUR_EL,,Shakhtar Donetsk,Maccabi Tel Aviv,UKR,ISR,1,0,,,SEASON_ONLY
2020-06-30,2020,EUR_EL,,AFC Ajax,Lille OSC,NED,FRA,2,1,,,SEASON_ONLY
2020-06-30,2020,EUR_EL,,Club Brugge KV,Dinamo Kiev,BEL,UKR,0,1,,,SEASON_ONLY
2020-06-30,2020,EUR_EL,,Manchester United,Real Sociedad,ENG,ESP,0,0,,,SEASON_ONLY
2020-06-30,2020,EUR_EL,,AC Milan,Crvena Zvezda,ITA,SRB,1,1,,,SEASON_ONLY
2020-06-30,2020,EUR_EL,,Leicester City,Slavia Praha,ENG,CZE,0,2,,,SEASON_ONLY
2020-06-30,2020,EUR_EL,,AS Roma,Sporting Braga,ITA,POR,3,1,,,SEASON_ONLY
2020-06-30,2020,EUR_EL,,Dinamo Zagreb,FK Krasnodar,CRO,RUS,1,0,,,SEASON_ONLY
2020-06-30,2020,EUR_EL,,Bayer Leverkusen,BSC Young Boys,GER,SUI,0,2,,,SEASON_ONLY
2020-06-30,2020,EUR_EL,,PSV Eindhoven,Olympiakos Piraeus,NED,GRE,2,1,,,SEASON_ONLY
2020-06-30,2020,EUR_EL,,AFC Ajax,BSC Young Boys,NED,SUI,3,0,,,SEASON_ONLY
2020-06-30,2020,EUR_EL,,Dinamo Kiev,Villarreal CF,UKR,ESP,0,2,,,SEASON_ONLY
2020-06-30,2020,EUR_EL,,Manchester United,AC Milan,ENG,ITA,1,1,,,SEASON_ONLY
2020-06-30,2020,EUR_EL,,Slavia Praha,Rangers FC,CZE,SCO,1,1,,,SEASON_ONLY
2020-06-30,2020,EUR_EL,,AS Roma,Shakhtar Donetsk,ITA,UKR,3,0,,,SEASON_ONLY
2020-06-30,2020,EUR_EL,,Olympiakos Piraeus,Arsenal FC,GRE,ENG,1,3,,,SEASON_ONLY
2020-06-30,2020,EUR_EL,,Tottenham Hotspur,Dinamo Zagreb,ENG,CRO,2,0,,,SEASON_ONLY
2020-06-30,2020,EUR_EL,,Granada CF,Molde FK,ESP,NOR,2,0,,,SEASON_ONLY
2020-06-30,2020,EUR_EL,,Shakhtar Donetsk,AS Roma,UKR,ITA,1,2,,,SEASON_ONLY
2020-06-30,2020,EUR_EL,,Arsenal FC,Olympiakos Piraeus,ENG,GRE,0,1,,,SEASON_ONLY
2020-06-30,2020,EUR_EL,,Dinamo Zagreb,Tottenham Hotspur,CRO,ENG,3,0,,,SEASON_ONLY
2020-06-30,2020,EUR_EL,,Molde FK,Granada CF,NOR,ESP,2,1,,,SEASON_ONLY
2020-06-30,2020,EUR_EL,,BSC Young Boys,AFC Ajax,SUI,NED,0,2,,,SEASON_ONLY
2020-06-30,2020,EUR_EL,,Villarreal CF,Dinamo Kiev,ESP,UKR,2,0,,,SEASON_ONLY
2020-06-30,2020,EUR_EL,,AC Milan,Manchester United,ITA,ENG,0,1,,,SEASON_ONLY
2020-06-30,2020,EUR_EL,,Rangers FC,Slavia Praha,SCO,CZE,0,2,,,SEASON_ONLY
2020-06-30,2020,EUR_EL,,Granada CF,Manchester United,ESP,ENG,0,2,,,SEASON_ONLY
2020-06-30,2020,EUR_EL,,Arsenal FC,Slavia Praha,ENG,CZE,1,1,,,SEASON_ONLY
2020-06-30,2020,EUR_EL,,AFC Ajax,AS Roma,NED,ITA,1,2,,,SEASON_ONLY
2020-06-30,2020,EUR_EL,,Dinamo Zagreb,Villarreal CF,CRO,ESP,0,1,,,SEASON_ONLY
2020-06-30,2020,EUR_EL,,Manchester United,Granada CF,ENG,ESP,2,0,,,SEASON_ONLY
2020-06-30,2020,EUR_EL,,Slavia Praha,Arsenal FC,CZE,ENG,0,4,,,SEASON_ONLY
2020-06-30,2020,EUR_EL,,AS Roma,AFC Ajax,ITA,NED,1,1,,,SEASON_ONLY
2020-06-30,2020,EUR_EL,,Villarreal CF,Dinamo Zagreb,ESP,CRO,2,1,,,SEASON_ONLY
2020-06-30,2020,EUR_EL,,Manchester United,AS Roma,ENG,ITA,6,2,,,SEASON_ONLY
2020-06-30,2020,EUR_EL,,Villarreal CF,Arsenal FC,ESP,ENG,2,1,,,SEASON_ONLY
2020-06-30,2020,EUR_EL,,AS Roma,Manchester United,ITA,ENG,3,2,,,SEASON_ONLY
2020-06-30,2020,EUR_EL,,Arsenal FC,Villarreal CF,ENG,ESP,0,0,,,SEASON_ONLY
2020-06-30,2020,EUR_EL,,Villarreal CF,Manchester United,ESP,ENG,11,10,,,SEASON_ONLY
2021-06-30,2021,EUR_CL,,Manchester City,RB Leipzig,ENG,GER,6,3,,,SEASON_ONLY
2021-06-30,2021,EUR_CL,,Club Brugge KV,Paris Saint-Germain,BEL,FRA,1,1,,,SEASON_ONLY
2021-06-30,2021,EUR_CL,,Paris Saint-Germain,Manchester City,FRA,ENG,2,0,,,SEASON_ONLY
2021-06-30,2021,EUR_CL,,RB Leipzig,Club Brugge KV,GER,BEL,1,2,,,SEASON_ONLY
2021-06-30,2021,EUR_CL,,Club Brugge KV,Manchester City,BEL,ENG,1,5,,,SEASON_ONLY
2021-06-30,2021,EUR_CL,,Paris Saint-Germain,RB Leipzig,FRA,GER,3,2,,,SEASON_ONLY
2021-06-30,2021,EUR_CL,,RB Leipzig,Paris Saint-Germain,GER,FRA,2,2,,,SEASON_ONLY
2021-06-30,2021,EUR_CL,,Manchester City,Club Brugge KV,ENG,BEL,4,1,,,SEASON_ONLY
2021-06-30,2021,EUR_CL,,Manchester City,Paris Saint-Germain,ENG,FRA,2,1,,,SEASON_ONLY
2021-06-30,2021,EUR_CL,,Club Brugge KV,RB Leipzig,BEL,GER,0,5,,,SEASON_ONLY
2021-06-30,2021,EUR_CL,,RB Leipzig,Manchester City,GER,ENG,2,1,,,SEASON_ONLY
2021-06-30,2021,EUR_CL,,Paris Saint-Germain,Club Brugge KV,FRA,BEL,4,1,,,SEASON_ONLY
2021-06-30,2021,EUR_CL,,Atlético Madrid,FC Porto,ESP,POR,0,0,,,SEASON_ONLY
2021-06-30,2021,EUR_CL,,Liverpool FC,AC Milan,ENG,ITA,3,2,,,SEASON_ONLY
2021-06-30,2021,EUR_CL,,FC Porto,Liverpool FC,POR,ENG,1,5,,,SEASON_ONLY
2021-06-30,2021,EUR_CL,,AC Milan,Atlético Madrid,ITA,ESP,1,2,,,SEASON_ONLY
2021-06-30,2021,EUR_CL,,Atlético Madrid,Liverpool FC,ESP,ENG,2,3,,,SEASON_ONLY
2021-06-30,2021,EUR_CL,,FC Porto,AC Milan,POR,ITA,1,0,,,SEASON_ONLY
2021-06-30,2021,EUR_CL,,AC Milan,FC Porto,ITA,POR,1,1,,,SEASON_ONLY
2021-06-30,2021,EUR_CL,,Liverpool FC,Atlético Madrid,ENG,ESP,2,0,,,SEASON_ONLY
2021-06-30,2021,EUR_CL,,Liverpool FC,FC Porto,ENG,POR,2,0,,,SEASON_ONLY
2021-06-30,2021,EUR_CL,,Atlético Madrid,AC Milan,ESP,ITA,0,1,,,SEASON_ONLY
2021-06-30,2021,EUR_CL,,FC Porto,Atlético Madrid,POR,ESP,1,3,,,SEASON_ONLY
2021-06-30,2021,EUR_CL,,AC Milan,Liverpool FC,ITA,ENG,1,2,,,SEASON_ONLY
2021-06-30,2021,EUR_CL,,Beşiktaş,Borussia Dortmund,TUR,GER,1,2,,,SEASON_ONLY
2021-06-30,2021,EUR_CL,,Sporting CP,AFC Ajax,POR,NED,1,5,,,SEASON_ONLY
2021-06-30,2021,EUR_CL,,AFC Ajax,Beşiktaş,NED,TUR,2,0,,,SEASON_ONLY
2021-06-30,2021,EUR_CL,,Borussia Dortmund,Sporting CP,GER,POR,1,0,,,SEASON_ONLY
2021-06-30,2021,EUR_CL,,Beşiktaş,Sporting CP,TUR,POR,1,4,,,SEASON_ONLY
2021-06-30,2021,EUR_CL,,AFC Ajax,Borussia Dortmund,NED,GER,4,0,,,SEASON_ONLY
2021-06-30,2021,EUR_CL,,Borussia Dortmund,AFC Ajax,GER,NED,1,3,,,SEASON_ONLY
2021-06-30,2021,EUR_CL,,Sporting CP,Beşiktaş,POR,TUR,4,0,,,SEASON_ONLY
2021-06-30,2021,EUR_CL,,Beşiktaş,AFC Ajax,TUR,NED,1,2,,,SEASON_ONLY
2021-06-30,2021,EUR_CL,,Sporting CP,Borussia Dortmund,POR,GER,3,1,,,SEASON_ONLY
2021-06-30,2021,EUR_CL,,AFC Ajax,Sporting CP,NED,POR,4,2,,,SEASON_ONLY
2021-06-30,2021,EUR_CL,,Borussia Dortmund,Beşiktaş,GER,TUR,5,0,,,SEASON_ONLY
2021-06-30,2021,EUR_CL,,FC Sheriff,Shakhtar Donetsk,MDA,UKR,2,0,,,SEASON_ONLY
2021-06-30,2021,EUR_CL,,Inter,Real Madrid,ITA,ESP,0,1,,,SEASON_ONLY
2021-06-30,2021,EUR_CL,,Shakhtar Donetsk,Inter,UKR,ITA,0,0,,,SEASON_ONLY
2021-06-30,2021,EUR_CL,,Real Madrid,FC Sheriff,ESP,MDA,1,2,,,SEASON_ONLY
2021-06-30,2021,EUR_CL,,Shakhtar Donetsk,Real Madrid,UKR,ESP,0,5,,,SEASON_ONLY
2021-06-30,2021,EUR_CL,,Inter,FC Sheriff,ITA,MDA,3,1,,,SEASON_ONLY
2021-06-30,2021,EUR_CL,,Real Madrid,Shakhtar Donetsk,ESP,UKR,2,1,,,SEASON_ONLY
2021-06-30,2021,EUR_CL,,FC Sheriff,Inter,MDA,ITA,1,3,,,SEASON_ONLY
2021-06-30,2021,EUR_CL,,Inter,Shakhtar Donetsk,ITA,UKR,2,0,,,SEASON_ONLY
2021-06-30,2021,EUR_CL,,FC Sheriff,Real Madrid,MDA,ESP,0,3,,,SEASON_ONLY
2021-06-30,2021,EUR_CL,,Real Madrid,Inter,ESP,ITA,2,0,,,SEASON_ONLY
2021-06-30,2021,EUR_CL,,Shakhtar Donetsk,FC Sheriff,UKR,MDA,1,1,,,SEASON_ONLY
2021-06-30,2021,EUR_CL,,FC Barcelona,Bayern München,ESP,GER,0,3,,,SEASON_ONLY
2021-06-30,2021,EUR_CL,,Dinamo Kiev,SL Benfica,UKR,POR,0,0,,,SEASON_ONLY
2021-06-30,2021,EUR_CL,,SL Benfica,FC Barcelona,POR,ESP,3,0,,,SEASON_ONLY
2021-06-30,2021,EUR_CL,,Bayern München,Dinamo Kiev,GER,UKR,5,0,,,SEASON_ONLY
2021-06-30,2021,EUR_CL,,FC Barcelona,Dinamo Kiev,ESP,UKR,1,0,,,SEASON_ONLY
2021-06-30,2021,EUR_CL,,SL Benfica,Bayern München,POR,GER,0,4,,,SEASON_ONLY
2021-06-30,2021,EUR_CL,,Bayern München,SL Benfica,GER,POR,5,2,,,SEASON_ONLY
2021-06-30,2021,EUR_CL,,Dinamo Kiev,FC Barcelona,UKR,ESP,0,1,,,SEASON_ONLY
2021-06-30,2021,EUR_CL,,Dinamo Kiev,Bayern München,UKR,GER,1,2,,,SEASON_ONLY
2021-06-30,2021,EUR_CL,,FC Barcelona,SL Benfica,ESP,POR,0,0,,,SEASON_ONLY
2021-06-30,2021,EUR_CL,,Bayern München,FC Barcelona,GER,ESP,3,0,,,SEASON_ONLY
2021-06-30,2021,EUR_CL,,SL Benfica,Dinamo Kiev,POR,UKR,2,0,,,SEASON_ONLY
2021-06-30,2021,EUR_CL,,BSC Young Boys,Manchester United,SUI,ENG,2,1,,,SEASON_ONLY
2021-06-30,2021,EUR_CL,,Villarreal CF,Atalanta,ESP,ITA,2,2,,,SEASON_ONLY
2021-06-30,2021,EUR_CL,,Atalanta,BSC Young Boys,ITA,SUI,1,0,,,SEASON_ONLY
2021-06-30,2021,EUR_CL,,Manchester United,Villarreal CF,ENG,ESP,2,1,,,SEASON_ONLY
2021-06-30,2021,EUR_CL,,Manchester United,Atalanta,ENG,ITA,3,2,,,SEASON_ONLY
2021-06-30,2021,EUR_CL,,BSC Young Boys,Villarreal CF,SUI,ESP,1,4,,,SEASON_ONLY
2021-06-30,2021,EUR_CL,,Atalanta,Manchester United,ITA,ENG,2,2,,,SEASON_ONLY
2021-06-30,2021,EUR_CL,,Villarreal CF,BSC Young Boys,ESP,SUI,2,0,,,SEASON_ONLY
2021-06-30,2021,EUR_CL,,Villarreal CF,Manchester United,ESP,ENG,0,2,,,SEASON_ONLY
2021-06-30,2021,EUR_CL,,BSC Young Boys,Atalanta,SUI,ITA,3,3,,,SEASON_ONLY
2021-06-30,2021,EUR_CL,,Manchester United,BSC Young Boys,ENG,SUI,1,1,,,SEASON_ONLY
2021-06-30,2021,EUR_CL,,Atalanta,Villarreal CF,ITA,ESP,2,3,,,SEASON_ONLY
2021-06-30,2021,EUR_CL,,Sevilla FC,RB Salzburg,ESP,AUT,1,1,,,SEASON_ONLY
2021-06-30,2021,EUR_CL,,Lille OSC,VfL Wolfsburg,FRA,GER,0,0,,,SEASON_ONLY
2021-06-30,2021,EUR_CL,,RB Salzburg,Lille OSC,AUT,FRA,2,1,,,SEASON_ONLY
2021-06-30,2021,EUR_CL,,VfL Wolfsburg,Sevilla FC,GER,ESP,1,1,,,SEASON_ONLY
2021-06-30,2021,EUR_CL,,RB Salzburg,VfL Wolfsburg,AUT,GER,3,1,,,SEASON_ONLY
2021-06-30,2021,EUR_CL,,Lille OSC,Sevilla FC,FRA,ESP,0,0,,,SEASON_ONLY
2021-06-30,2021,EUR_CL,,VfL Wolfsburg,RB Salzburg,GER,AUT,2,1,,,SEASON_ONLY
2021-06-30,2021,EUR_CL,,Sevilla FC,Lille OSC,ESP,FRA,1,2,,,SEASON_ONLY
2021-06-30,2021,EUR_CL,,Lille OSC,RB Salzburg,FRA,AUT,1,0,,,SEASON_ONLY
2021-06-30,2021,EUR_CL,,Sevilla FC,VfL Wolfsburg,ESP,GER,2,0,,,SEASON_ONLY
2021-06-30,2021,EUR_CL,,RB Salzburg,Sevilla FC,AUT,ESP,1,0,,,SEASON_ONLY
2021-06-30,2021,EUR_CL,,VfL Wolfsburg,Lille OSC,GER,FRA,1,3,,,SEASON_ONLY
2021-06-30,2021,EUR_CL,,Chelsea FC,Zenit St. Petersburg,ENG,RUS,1,0,,,SEASON_ONLY
2021-06-30,2021,EUR_CL,,Malmö FF,Juventus,SWE,ITA,0,3,,,SEASON_ONLY
2021-06-30,2021,EUR_CL,,Zenit St. Petersburg,Malmö FF,RUS,SWE,4,0,,,SEASON_ONLY
2021-06-30,2021,EUR_CL,,Juventus,Chelsea FC,ITA,ENG,1,0,,,SEASON_ONLY
2021-06-30,2021,EUR_CL,,Zenit St. Petersburg,Juventus,RUS,ITA,0,1,,,SEASON_ONLY
2021-06-30,2021,EUR_CL,,Chelsea FC,Malmö FF,ENG,SWE,4,0,,,SEASON_ONLY
2021-06-30,2021,EUR_CL,,Malmö FF,Chelsea FC,SWE,ENG,0,1,,,SEASON_ONLY
2021-06-30,2021,EUR_CL,,Juventus,Zenit St. Petersburg,ITA,RUS,4,2,,,SEASON_ONLY
2021-06-30,2021,EUR_CL,,Chelsea FC,Juventus,ENG,ITA,4,0,,,SEASON_ONLY
2021-06-30,2021,EUR_CL,,Malmö FF,Zenit St. Petersburg,SWE,RUS,1,1,,,SEASON_ONLY
2021-06-30,2021,EUR_CL,,Zenit St. Petersburg,Chelsea FC,RUS,ENG,3,3,,,SEASON_ONLY
2021-06-30,2021,EUR_CL,,Juventus,Malmö FF,ITA,SWE,1,0,,,SEASON_ONLY
2021-06-30,2021,EUR_CL,,Sporting CP,Manchester City,POR,ENG,0,5,,,SEASON_ONLY
2021-06-30,2021,EUR_CL,,Paris Saint-Germain,Real Madrid,FRA,ESP,1,0,,,SEASON_ONLY
2021-06-30,2021,EUR_CL,,RB Salzburg,Bayern München,AUT,GER,1,1,,,SEASON_ONLY
2021-06-30,2021,EUR_CL,,Inter,Liverpool FC,ITA,ENG,0,2,,,SEASON_ONLY
2021-06-30,2021,EUR_CL,,Chelsea FC,Lille OSC,ENG,FRA,2,0,,,SEASON_ONLY
2021-06-30,2021,EUR_CL,,Villarreal CF,Juventus,ESP,ITA,1,1,,,SEASON_ONLY
2021-06-30,2021,EUR_CL,,SL Benfica,AFC Ajax,POR,NED,2,2,,,SEASON_ONLY
2021-06-30,2021,EUR_CL,,Atlético Madrid,Manchester United,ESP,ENG,1,1,,,SEASON_ONLY
2021-06-30,2021,EUR_CL,,Bayern München,RB Salzburg,GER,AUT,7,1,,,SEASON_ONLY
2021-06-30,2021,EUR_CL,,Liverpool FC,Inter,ENG,ITA,0,1,,,SEASON_ONLY
2021-06-30,2021,EUR_CL,,Manchester City,Sporting CP,ENG,POR,0,0,,,SEASON_ONLY
2021-06-30,2021,EUR_CL,,Real Madrid,Paris Saint-Germain,ESP,FRA,3,1,,,SEASON_ONLY
2021-06-30,2021,EUR_CL,,AFC Ajax,SL Benfica,NED,POR,0,1,,,SEASON_ONLY
2021-06-30,2021,EUR_CL,,Manchester United,Atlético Madrid,ENG,ESP,0,1,,,SEASON_ONLY
2021-06-30,2021,EUR_CL,,Lille OSC,Chelsea FC,FRA,ENG,1,2,,,SEASON_ONLY
2021-06-30,2021,EUR_CL,,Juventus,Villarreal CF,ITA,ESP,0,3,,,SEASON_ONLY
2021-06-30,2021,EUR_CL,,Manchester City,Atlético Madrid,ENG,ESP,1,0,,,SEASON_ONLY
2021-06-30,2021,EUR_CL,,SL Benfica,Liverpool FC,POR,ENG,1,3,,,SEASON_ONLY
2021-06-30,2021,EUR_CL,,Chelsea FC,Real Madrid,ENG,ESP,1,3,,,SEASON_ONLY
2021-06-30,2021,EUR_CL,,Villarreal CF,Bayern München,ESP,GER,1,0,,,SEASON_ONLY
2021-06-30,2021,EUR_CL,,Real Madrid,Chelsea FC,ESP,ENG,2,3,,,SEASON_ONLY
2021-06-30,2021,EUR_CL,,Bayern München,Villarreal CF,GER,ESP,1,1,,,SEASON_ONLY
2021-06-30,2021,EUR_CL,,Atlético Madrid,Manchester City,ESP,ENG,0,0,,,SEASON_ONLY
2021-06-30,2021,EUR_CL,,Liverpool FC,SL Benfica,ENG,POR,3,3,,,SEASON_ONLY
2021-06-30,2021,EUR_CL,,Manchester City,Real Madrid,ENG,ESP,4,3,,,SEASON_ONLY
2021-06-30,2021,EUR_CL,,Liverpool FC,Villarreal CF,ENG,ESP,2,0,,,SEASON_ONLY
2021-06-30,2021,EUR_CL,,Villarreal CF,Liverpool FC,ESP,ENG,2,3,,,SEASON_ONLY
2021-06-30,2021,EUR_CL,,Real Madrid,Manchester City,ESP,ENG,3,1,,,SEASON_ONLY
2021-06-30,2021,EUR_CL,,Liverpool FC,Real Madrid,ENG,ESP,0,1,,,SEASON_ONLY
2021-06-30,2021,EUR_CONF,,Maccabi Tel Aviv,FC Alashkert,ISR,ARM,4,1,,,SEASON_ONLY
2021-06-30,2021,EUR_CONF,,HJK Helsinki,LASK,FIN,AUT,0,2,,,SEASON_ONLY
2021-06-30,2021,EUR_CONF,,FC Alashkert,HJK Helsinki,ARM,FIN,2,4,,,SEASON_ONLY
2021-06-30,2021,EUR_CONF,,LASK,Maccabi Tel Aviv,AUT,ISR,1,1,,,SEASON_ONLY
2021-06-30,2021,EUR_CONF,,HJK Helsinki,Maccabi Tel Aviv,FIN,ISR,0,5,,,SEASON_ONLY
2021-06-30,2021,EUR_CONF,,FC Alashkert,LASK,ARM,AUT,0,3,,,SEASON_ONLY
2021-06-30,2021,EUR_CONF,,LASK,FC Alashkert,AUT,ARM,2,0,,,SEASON_ONLY
2021-06-30,2021,EUR_CONF,,Maccabi Tel Aviv,HJK Helsinki,ISR,FIN,3,0,,,SEASON_ONLY
2021-06-30,2021,EUR_CONF,,HJK Helsinki,FC Alashkert,FIN,ARM,1,0,,,SEASON_ONLY
2021-06-30,2021,EUR_CONF,,Maccabi Tel Aviv,LASK,ISR,AUT,0,1,,,SEASON_ONLY
2021-06-30,2021,EUR_CONF,,FC Alashkert,Maccabi Tel Aviv,ARM,ISR,1,1,,,SEASON_ONLY
2021-06-30,2021,EUR_CONF,,LASK,HJK Helsinki,AUT,FIN,3,0,,,SEASON_ONLY
2021-06-30,2021,EUR_CONF,,FC Flora,KAA Gent,EST,BEL,0,1,,,SEASON_ONLY
2021-06-30,2021,EUR_CONF,,Anorthosis Famagusta,Partizan,CYP,SRB,0,2,,,SEASON_ONLY
2021-06-30,2021,EUR_CONF,,KAA Gent,Anorthosis Famagusta,BEL,CYP,2,0,,,SEASON_ONLY
2021-06-30,2021,EUR_CONF,,Partizan,FC Flora,SRB,EST,2,0,,,SEASON_ONLY
2021-06-30,2021,EUR_CONF,,Anorthosis Famagusta,FC Flora,CYP,EST,2,2,,,SEASON_ONLY
2021-06-30,2021,EUR_CONF,,Partizan,KAA Gent,SRB,BEL,0,1,,,SEASON_ONLY
2021-06-30,2021,EUR_CONF,,FC Flora,Anorthosis Famagusta,EST,CYP,2,2,,,SEASON_ONLY
2021-06-30,2021,EUR_CONF,,KAA Gent,Partizan,BEL,SRB,1,1,,,SEASON_ONLY
2021-06-30,2021,EUR_CONF,,FC Flora,Partizan,EST,SRB,1,0,,,SEASON_ONLY
2021-06-30,2021,EUR_CONF,,Anorthosis Famagusta,KAA Gent,CYP,BEL,1,0,,,SEASON_ONLY
2021-06-30,2021,EUR_CONF,,Partizan,Anorthosis Famagusta,SRB,CYP,1,1,,,SEASON_ONLY
2021-06-30,2021,EUR_CONF,,KAA Gent,FC Flora,BEL,EST,1,0,,,SEASON_ONLY
2021-06-30,2021,EUR_CONF,,AS Roma,CSKA Sofia,ITA,BUL,5,1,,,SEASON_ONLY
2021-06-30,2021,EUR_CONF,,FK Bodø/Glimt,Zorya Lugansk,NOR,UKR,3,1,,,SEASON_ONLY
2021-06-30,2021,EUR_CONF,,Zorya Lugansk,AS Roma,UKR,ITA,0,3,,,SEASON_ONLY
2021-06-30,2021,EUR_CONF,,CSKA Sofia,FK Bodø/Glimt,BUL,NOR,0,0,,,SEASON_ONLY
2021-06-30,2021,EUR_CONF,,FK Bodø/Glimt,AS Roma,NOR,ITA,6,1,,,SEASON_ONLY
2021-06-30,2021,EUR_CONF,,CSKA Sofia,Zorya Lugansk,BUL,UKR,0,1,,,SEASON_ONLY
2021-06-30,2021,EUR_CONF,,Zorya Lugansk,CSKA Sofia,UKR,BUL,2,0,,,SEASON_ONLY
2021-06-30,2021,EUR_CONF,,AS Roma,FK Bodø/Glimt,ITA,NOR,2,2,,,SEASON_ONLY
2021-06-30,2021,EUR_CONF,,AS Roma,Zorya Lugansk,ITA,UKR,4,0,,,SEASON_ONLY
2021-06-30,2021,EUR_CONF,,FK Bodø/Glimt,CSKA Sofia,NOR,BUL,2,0,,,SEASON_ONLY
2021-06-30,2021,EUR_CONF,,CSKA Sofia,AS Roma,BUL,ITA,2,3,,,SEASON_ONLY
2021-06-30,2021,EUR_CONF,,Zorya Lugansk,FK Bodø/Glimt,UKR,NOR,1,1,,,SEASON_ONLY
2021-06-30,2021,EUR_CONF,,Randers FC,AZ Alkmaar,DEN,NED,2,2,,,SEASON_ONLY
2021-06-30,2021,EUR_CONF,,FK Jablonec,CFR Cluj,CZE,ROU,1,0,,,SEASON_ONLY
2021-06-30,2021,EUR_CONF,,AZ Alkmaar,FK Jablonec,NED,CZE,1,0,,,SEASON_ONLY
2021-06-30,2021,EUR_CONF,,CFR Cluj,Randers FC,ROU,DEN,1,1,,,SEASON_ONLY
2021-06-30,2021,EUR_CONF,,CFR Cluj,AZ Alkmaar,ROU,NED,0,1,,,SEASON_ONLY
2021-06-30,2021,EUR_CONF,,FK Jablonec,Randers FC,CZE,DEN,2,2,,,SEASON_ONLY
2021-06-30,2021,EUR_CONF,,AZ Alkmaar,CFR Cluj,NED,ROU,2,0,,,SEASON_ONLY
2021-06-30,2021,EUR_CONF,,Randers FC,FK Jablonec,DEN,CZE,2,2,,,SEASON_ONLY
2021-06-30,2021,EUR_CONF,,FK Jablonec,AZ Alkmaar,CZE,NED,1,1,,,SEASON_ONLY
2021-06-30,2021,EUR_CONF,,Randers FC,CFR Cluj,DEN,ROU,2,1,,,SEASON_ONLY
2021-06-30,2021,EUR_CONF,,AZ Alkmaar,Randers FC,NED,DEN,1,0,,,SEASON_ONLY
2021-06-30,2021,EUR_CONF,,CFR Cluj,FK Jablonec,ROU,CZE,2,0,,,SEASON_ONLY
2021-06-30,2021,EUR_CONF,,Maccabi Haifa,Feyenoord,ISR,NED,0,0,,,SEASON_ONLY
2021-06-30,2021,EUR_CONF,,Slavia Praha,1. FC Union Berlin,CZE,GER,3,1,,,SEASON_ONLY
2021-06-30,2021,EUR_CONF,,1. FC Union Berlin,Maccabi Haifa,GER,ISR,3,0,,,SEASON_ONLY
2021-06-30,2021,EUR_CONF,,Feyenoord,Slavia Praha,NED,CZE,2,1,,,SEASON_ONLY
2021-06-30,2021,EUR_CONF,,Feyenoord,1. FC Union Berlin,NED,GER,3,1,,,SEASON_ONLY
2021-06-30,2021,EUR_CONF,,Maccabi Haifa,Slavia Praha,ISR,CZE,1,0,,,SEASON_ONLY
2021-06-30,2021,EUR_CONF,,1. FC Union Berlin,Feyenoord,GER,NED,1,2,,,SEASON_ONLY
2021-06-30,2021,EUR_CONF,,Slavia Praha,Maccabi Haifa,CZE,ISR,1,0,,,SEASON_ONLY
2021-06-30,2021,EUR_CONF,,Maccabi Haifa,1. FC Union Berlin,ISR,GER,0,1,,,SEASON_ONLY
2021-06-30,2021,EUR_CONF,,Slavia Praha,Feyenoord,CZE,NED,2,2,,,SEASON_ONLY
2021-06-30,2021,EUR_CONF,,1. FC Union Berlin,Slavia Praha,GER,CZE,1,1,,,SEASON_ONLY
2021-06-30,2021,EUR_CONF,,Feyenoord,Maccabi Haifa,NED,ISR,2,1,,,SEASON_ONLY
2021-06-30,2021,EUR_CONF,,Slovan Bratislava,FC København,SVK,DEN,1,3,,,SEASON_ONLY
2021-06-30,2021,EUR_CONF,,Lincoln Red Imps,PAOK Saloniki,GIB,GRE,0,2,,,SEASON_ONLY
2021-06-30,2021,EUR_CONF,,FC København,Lincoln Red Imps,DEN,GIB,3,1,,,SEASON_ONLY
2021-06-30,2021,EUR_CONF,,PAOK Saloniki,Slovan Bratislava,GRE,SVK,1,1,,,SEASON_ONLY
2021-06-30,2021,EUR_CONF,,FC København,PAOK Saloniki,DEN,GRE,1,2,,,SEASON_ONLY
2021-06-30,2021,EUR_CONF,,Slovan Bratislava,Lincoln Red Imps,SVK,GIB,2,0,,,SEASON_ONLY
2021-06-30,2021,EUR_CONF,,Lincoln Red Imps,Slovan Bratislava,GIB,SVK,1,4,,,SEASON_ONLY
2021-06-30,2021,EUR_CONF,,PAOK Saloniki,FC København,GRE,DEN,1,2,,,SEASON_ONLY
2021-06-30,2021,EUR_CONF,,Lincoln Red Imps,FC København,GIB,DEN,0,4,,,SEASON_ONLY
2021-06-30,2021,EUR_CONF,,Slovan Bratislava,PAOK Saloniki,SVK,GRE,0,0,,,SEASON_ONLY
2021-06-30,2021,EUR_CONF,,FC København,Slovan Bratislava,DEN,SVK,2,0,,,SEASON_ONLY
2021-06-30,2021,EUR_CONF,,PAOK Saloniki,Lincoln Red Imps,GRE,GIB,2,0,,,SEASON_ONLY
2021-06-30,2021,EUR_CONF,,NŠ Mura,Vitesse,SVN,NED,0,2,,,SEASON_ONLY
2021-06-30,2021,EUR_CONF,,Stade Rennais,Tottenham Hotspur,FRA,ENG,2,2,,,SEASON_ONLY
2021-06-30,2021,EUR_CONF,,Tottenham Hotspur,NŠ Mura,ENG,SVN,5,1,,,SEASON_ONLY
2021-06-30,2021,EUR_CONF,,Vitesse,Stade Rennais,NED,FRA,1,2,,,SEASON_ONLY
2021-06-30,2021,EUR_CONF,,NŠ Mura,Stade Rennais,SVN,FRA,1,2,,,SEASON_ONLY
2021-06-30,2021,EUR_CONF,,Vitesse,Tottenham Hotspur,NED,ENG,1,0,,,SEASON_ONLY
2021-06-30,2021,EUR_CONF,,Stade Rennais,NŠ Mura,FRA,SVN,1,0,,,SEASON_ONLY
2021-06-30,2021,EUR_CONF,,Tottenham Hotspur,Vitesse,ENG,NED,3,2,,,SEASON_ONLY
2021-06-30,2021,EUR_CONF,,NŠ Mura,Tottenham Hotspur,SVN,ENG,2,1,,,SEASON_ONLY
2021-06-30,2021,EUR_CONF,,Stade Rennais,Vitesse,FRA,NED,3,3,,,SEASON_ONLY
2021-06-30,2021,EUR_CONF,,Tottenham Hotspur,Stade Rennais,ENG,FRA,0,3,,,SEASON_ONLY
2021-06-30,2021,EUR_CONF,,Vitesse,NŠ Mura,NED,SVN,3,1,,,SEASON_ONLY
2021-06-30,2021,EUR_CONF,,FK Kairat,Omonia Nikosia,KAZ,CYP,0,0,,,SEASON_ONLY
2021-06-30,2021,EUR_CONF,,Qarabağ FK,FC Basel 1893,AZE,SUI,0,0,,,SEASON_ONLY
2021-06-30,2021,EUR_CONF,,FC Basel 1893,FK Kairat,SUI,KAZ,4,2,,,SEASON_ONLY
2021-06-30,2021,EUR_CONF,,Omonia Nikosia,Qarabağ FK,CYP,AZE,1,4,,,SEASON_ONLY
2021-06-30,2021,EUR_CONF,,Qarabağ FK,FK Kairat,AZE,KAZ,2,1,,,SEASON_ONLY
2021-06-30,2021,EUR_CONF,,FC Basel 1893,Omonia Nikosia,SUI,CYP,3,1,,,SEASON_ONLY
2021-06-30,2021,EUR_CONF,,FK Kairat,Qarabağ FK,KAZ,AZE,1,2,,,SEASON_ONLY
2021-06-30,2021,EUR_CONF,,Omonia Nikosia,FC Basel 1893,CYP,SUI,1,1,,,SEASON_ONLY
2021-06-30,2021,EUR_CONF,,FK Kairat,FC Basel 1893,KAZ,SUI,2,3,,,SEASON_ONLY
2021-06-30,2021,EUR_CONF,,Qarabağ FK,Omonia Nikosia,AZE,CYP,2,2,,,SEASON_ONLY
2021-06-30,2021,EUR_CONF,,FC Basel 1893,Qarabağ FK,SUI,AZE,3,0,,,SEASON_ONLY
2021-06-30,2021,EUR_CONF,,Omonia Nikosia,FK Kairat,CYP,KAZ,0,0,,,SEASON_ONLY
2021-06-30,2021,EUR_CONF,,PSV Eindhoven,Maccabi Tel Aviv,NED,ISR,1,0,,,SEASON_ONLY
2021-06-30,2021,EUR_CONF,,Fenerbahçe,Slavia Praha,TUR,CZE,2,3,,,SEASON_ONLY
2021-06-30,2021,EUR_CONF,,FC Midtjylland,PAOK Saloniki,DEN,GRE,1,0,,,SEASON_ONLY
2021-06-30,2021,EUR_CONF,,Rapid Wien,Vitesse,AUT,NED,2,1,,,SEASON_ONLY
2021-06-30,2021,EUR_CONF,,Olympique Marseille,Qarabağ FK,FRA,AZE,3,1,,,SEASON_ONLY
2021-06-30,2021,EUR_CONF,,Leicester City,Randers FC,ENG,DEN,4,1,,,SEASON_ONLY
2021-06-30,2021,EUR_CONF,,Celtic FC,FK Bodø/Glimt,SCO,NOR,1,3,,,SEASON_ONLY
2021-06-30,2021,EUR_CONF,,AC Sparta Praha,Partizan,CZE,SRB,0,1,,,SEASON_ONLY
2021-06-30,2021,EUR_CONF,,Qarabağ FK,Olympique Marseille,AZE,FRA,0,3,,,SEASON_ONLY
2021-06-30,2021,EUR_CONF,,Maccabi Tel Aviv,PSV Eindhoven,ISR,NED,1,1,,,SEASON_ONLY
2021-06-30,2021,EUR_CONF,,Randers FC,Leicester City,DEN,ENG,1,3,,,SEASON_ONLY
2021-06-30,2021,EUR_CONF,,FK Bodø/Glimt,Celtic FC,NOR,SCO,2,0,,,SEASON_ONLY
2021-06-30,2021,EUR_CONF,,Partizan,AC Sparta Praha,SRB,CZE,2,1,,,SEASON_ONLY
2021-06-30,2021,EUR_CONF,,Slavia Praha,Fenerbahçe,CZE,TUR,3,2,,,SEASON_ONLY
2021-06-30,2021,EUR_CONF,,PAOK Saloniki,FC Midtjylland,GRE,DEN,5,3,,,SEASON_ONLY
2021-06-30,2021,EUR_CONF,,Vitesse,Rapid Wien,NED,AUT,2,0,,,SEASON_ONLY
2021-06-30,2021,EUR_CONF,,PAOK Saloniki,KAA Gent,GRE,BEL,1,0,,,SEASON_ONLY
2021-06-30,2021,EUR_CONF,,Vitesse,AS Roma,NED,ITA,0,1,,,SEASON_ONLY
2021-06-30,2021,EUR_CONF,,Slavia Praha,LASK,CZE,AUT,4,1,,,SEASON_ONLY
2021-06-30,2021,EUR_CONF,,Partizan,Feyenoord,SRB,NED,2,5,,,SEASON_ONLY
2021-06-30,2021,EUR_CONF,,Olympique Marseille,FC Basel 1893,FRA,SUI,2,1,,,SEASON_ONLY
2021-06-30,2021,EUR_CONF,,Leicester City,Stade Rennais,ENG,FRA,2,0,,,SEASON_ONLY
2021-06-30,2021,EUR_CONF,,PSV Eindhoven,FC København,NED,DEN,4,4,,,SEASON_ONLY
2021-06-30,2021,EUR_CONF,,FK Bodø/Glimt,AZ Alkmaar,NOR,NED,2,1,,,SEASON_ONLY
2021-06-30,2021,EUR_CONF,,FC Basel 1893,Olympique Marseille,SUI,FRA,1,2,,,SEASON_ONLY
2021-06-30,2021,EUR_CONF,,Stade Rennais,Leicester City,FRA,ENG,2,1,,,SEASON_ONLY
2021-06-30,2021,EUR_CONF,,FC København,PSV Eindhoven,DEN,NED,0,4,,,SEASON_ONLY
2021-06-30,2021,EUR_CONF,,AZ Alkmaar,FK Bodø/Glimt,NED,NOR,2,2,,,SEASON_ONLY
2021-06-30,2021,EUR_CONF,,KAA Gent,PAOK Saloniki,BEL,GRE,1,2,,,SEASON_ONLY
2021-06-30,2021,EUR_CONF,,AS Roma,Vitesse,ITA,NED,1,1,,,SEASON_ONLY
2021-06-30,2021,EUR_CONF,,LASK,Slavia Praha,AUT,CZE,4,3,,,SEASON_ONLY
2021-06-30,2021,EUR_CONF,,Feyenoord,Partizan,NED,SRB,3,1,,,SEASON_ONLY
2021-06-30,2021,EUR_CONF,,Feyenoord,Slavia Praha,NED,CZE,3,3,,,SEASON_ONLY
2021-06-30,2021,EUR_CONF,,FK Bodø/Glimt,AS Roma,NOR,ITA,2,1,,,SEASON_ONLY
2021-06-30,2021,EUR_CONF,,Olympique Marseille,PAOK Saloniki,FRA,GRE,2,1,,,SEASON_ONLY
2021-06-30,2021,EUR_CONF,,Leicester City,PSV Eindhoven,ENG,NED,0,0,,,SEASON_ONLY
2021-06-30,2021,EUR_CONF,,PSV Eindhoven,Leicester City,NED,ENG,1,2,,,SEASON_ONLY
2021-06-30,2021,EUR_CONF,,AS Roma,FK Bodø/Glimt,ITA,NOR,4,0,,,SEASON_ONLY
2021-06-30,2021,EUR_CONF,,Slavia Praha,Feyenoord,CZE,NED,1,3,,,SEASON_ONLY
2021-06-30,2021,EUR_CONF,,PAOK Saloniki,Olympique Marseille,GRE,FRA,0,1,,,SEASON_ONLY
2021-06-30,2021,EUR_CONF,,Leicester City,AS Roma,ENG,ITA,1,1,,,SEASON_ONLY
2021-06-30,2021,EUR_CONF,,Feyenoord,Olympique Marseille,NED,FRA,3,2,,,SEASON_ONLY
2021-06-30,2021,EUR_CONF,,AS Roma,Leicester City,ITA,ENG,1,0,,,SEASON_ONLY
2021-06-30,2021,EUR_CONF,,Olympique Marseille,Feyenoord,FRA,NED,0,0,,,SEASON_ONLY
2021-06-30,2021,EUR_CONF,,AS Roma,Feyenoord,ITA,NED,1,0,,,SEASON_ONLY
2021-06-30,2021,EUR_EL,,Brøndby IF,AC Sparta Praha,DEN,CZE,0,0,,,SEASON_ONLY
2021-06-30,2021,EUR_EL,,Rangers FC,Olympique Lyonnais,SCO,FRA,0,2,,,SEASON_ONLY
2021-06-30,2021,EUR_EL,,Olympique Lyonnais,Brøndby IF,FRA,DEN,3,0,,,SEASON_ONLY
2021-06-30,2021,EUR_EL,,AC Sparta Praha,Rangers FC,CZE,SCO,1,0,,,SEASON_ONLY
2021-06-30,2021,EUR_EL,,Rangers FC,Brøndby IF,SCO,DEN,2,0,,,SEASON_ONLY
2021-06-30,2021,EUR_EL,,AC Sparta Praha,Olympique Lyonnais,CZE,FRA,3,4,,,SEASON_ONLY
2021-06-30,2021,EUR_EL,,Brøndby IF,Rangers FC,DEN,SCO,1,1,,,SEASON_ONLY
2021-06-30,2021,EUR_EL,,Olympique Lyonnais,AC Sparta Praha,FRA,CZE,3,0,,,SEASON_ONLY
2021-06-30,2021,EUR_EL,,Brøndby IF,Olympique Lyonnais,DEN,FRA,1,3,,,SEASON_ONLY
2021-06-30,2021,EUR_EL,,Rangers FC,AC Sparta Praha,SCO,CZE,2,0,,,SEASON_ONLY
2021-06-30,2021,EUR_EL,,AC Sparta Praha,Brøndby IF,CZE,DEN,2,0,,,SEASON_ONLY
2021-06-30,2021,EUR_EL,,Olympique Lyonnais,Rangers FC,FRA,SCO,1,1,,,SEASON_ONLY
2021-06-30,2021,EUR_EL,,AS Monaco,Sturm Graz,FRA,AUT,1,0,,,SEASON_ONLY
2021-06-30,2021,EUR_EL,,PSV Eindhoven,Real Sociedad,NED,ESP,2,2,,,SEASON_ONLY
2021-06-30,2021,EUR_EL,,Real Sociedad,AS Monaco,ESP,FRA,1,1,,,SEASON_ONLY
2021-06-30,2021,EUR_EL,,Sturm Graz,PSV Eindhoven,AUT,NED,1,4,,,SEASON_ONLY
2021-06-30,2021,EUR_EL,,PSV Eindhoven,AS Monaco,NED,FRA,1,2,,,SEASON_ONLY
2021-06-30,2021,EUR_EL,,Sturm Graz,Real Sociedad,AUT,ESP,0,1,,,SEASON_ONLY
2021-06-30,2021,EUR_EL,,AS Monaco,PSV Eindhoven,FRA,NED,0,0,,,SEASON_ONLY
2021-06-30,2021,EUR_EL,,Real Sociedad,Sturm Graz,ESP,AUT,1,1,,,SEASON_ONLY
2021-06-30,2021,EUR_EL,,AS Monaco,Real Sociedad,FRA,ESP,2,1,,,SEASON_ONLY
2021-06-30,2021,EUR_EL,,PSV Eindhoven,Sturm Graz,NED,AUT,2,0,,,SEASON_ONLY
2021-06-30,2021,EUR_EL,,Sturm Graz,AS Monaco,AUT,FRA,1,1,,,SEASON_ONLY
2021-06-30,2021,EUR_EL,,Real Sociedad,PSV Eindhoven,ESP,NED,3,0,,,SEASON_ONLY
2021-06-30,2021,EUR_EL,,Spartak Moskva,Legia Warszawa,RUS,POL,0,1,,,SEASON_ONLY
2021-06-30,2021,EUR_EL,,Leicester City,SSC Napoli,ENG,ITA,2,2,,,SEASON_ONLY
2021-06-30,2021,EUR_EL,,Legia Warszawa,Leicester City,POL,ENG,1,0,,,SEASON_ONLY
2021-06-30,2021,EUR_EL,,SSC Napoli,Spartak Moskva,ITA,RUS,2,3,,,SEASON_ONLY
2021-06-30,2021,EUR_EL,,Spartak Moskva,Leicester City,RUS,ENG,3,4,,,SEASON_ONLY
2021-06-30,2021,EUR_EL,,SSC Napoli,Legia Warszawa,ITA,POL,3,0,,,SEASON_ONLY
2021-06-30,2021,EUR_EL,,Legia Warszawa,SSC Napoli,POL,ITA,1,4,,,SEASON_ONLY
2021-06-30,2021,EUR_EL,,Leicester City,Spartak Moskva,ENG,RUS,1,1,,,SEASON_ONLY
2021-06-30,2021,EUR_EL,,Spartak Moskva,SSC Napoli,RUS,ITA,2,1,,,SEASON_ONLY
2021-06-30,2021,EUR_EL,,Leicester City,Legia Warszawa,ENG,POL,3,1,,,SEASON_ONLY
2021-06-30,2021,EUR_EL,,Legia Warszawa,Spartak Moskva,POL,RUS,0,1,,,SEASON_ONLY
2021-06-30,2021,EUR_EL,,SSC Napoli,Leicester City,ITA,ENG,3,2,,,SEASON_ONLY
2021-06-30,2021,EUR_EL,,Eintracht Frankfurt,Fenerbahçe,GER,TUR,1,1,,,SEASON_ONLY
2021-06-30,2021,EUR_EL,,Olympiakos Piraeus,Royal Antwerp FC,GRE,BEL,2,1,,,SEASON_ONLY
2021-06-30,2021,EUR_EL,,Royal Antwerp FC,Eintracht Frankfurt,BEL,GER,0,1,,,SEASON_ONLY
2021-06-30,2021,EUR_EL,,Fenerbahçe,Olympiakos Piraeus,TUR,GRE,0,3,,,SEASON_ONLY
2021-06-30,2021,EUR_EL,,Fenerbahçe,Royal Antwerp FC,TUR,BEL,2,2,,,SEASON_ONLY
2021-06-30,2021,EUR_EL,,Eintracht Frankfurt,Olympiakos Piraeus,GER,GRE,3,1,,,SEASON_ONLY
2021-06-30,2021,EUR_EL,,Olympiakos Piraeus,Eintracht Frankfurt,GRE,GER,1,2,,,SEASON_ONLY
2021-06-30,2021,EUR_EL,,Royal Antwerp FC,Fenerbahçe,BEL,TUR,0,3,,,SEASON_ONLY
2021-06-30,2021,EUR_EL,,Eintracht Frankfurt,Royal Antwerp FC,GER,BEL,2,2,,,SEASON_ONLY
2021-06-30,2021,EUR_EL,,Olympiakos Piraeus,Fenerbahçe,GRE,TUR,1,0,,,SEASON_ONLY
2021-06-30,2021,EUR_EL,,Fenerbahçe,Eintracht Frankfurt,TUR,GER,1,1,,,SEASON_ONLY
2021-06-30,2021,EUR_EL,,Royal Antwerp FC,Olympiakos Piraeus,BEL,GRE,1,0,,,SEASON_ONLY
2021-06-30,2021,EUR_EL,,Galatasaray,Lazio Roma,TUR,ITA,1,0,,,SEASON_ONLY
2021-06-30,2021,EUR_EL,,Lokomotiv Moskva,Olympique Marseille,RUS,FRA,1,1,,,SEASON_ONLY
2021-06-30,2021,EUR_EL,,Olympique Marseille,Galatasaray,FRA,TUR,0,0,,,SEASON_ONLY
2021-06-30,2021,EUR_EL,,Lazio Roma,Lokomotiv Moskva,ITA,RUS,2,0,,,SEASON_ONLY
2021-06-30,2021,EUR_EL,,Lazio Roma,Olympique Marseille,ITA,FRA,0,0,,,SEASON_ONLY
2021-06-30,2021,EUR_EL,,Lokomotiv Moskva,Galatasaray,RUS,TUR,0,1,,,SEASON_ONLY
2021-06-30,2021,EUR_EL,,Galatasaray,Lokomotiv Moskva,TUR,RUS,1,1,,,SEASON_ONLY
2021-06-30,2021,EUR_EL,,Olympique Marseille,Lazio Roma,FRA,ITA,2,2,,,SEASON_ONLY
2021-06-30,2021,EUR_EL,,Galatasaray,Olympique Marseille,TUR,FRA,4,2,,,SEASON_ONLY
2021-06-30,2021,EUR_EL,,Lokomotiv Moskva,Lazio Roma,RUS,ITA,0,3,,,SEASON_ONLY
2021-06-30,2021,EUR_EL,,Lazio Roma,Galatasaray,ITA,TUR,0,0,,,SEASON_ONLY
2021-06-30,2021,EUR_EL,,Olympique Marseille,Lokomotiv Moskva,FRA,RUS,1,0,,,SEASON_ONLY
2021-06-30,2021,EUR_EL,,Crvena Zvezda,Sporting Braga,SRB,POR,2,1,,,SEASON_ONLY
2021-06-30,2021,EUR_EL,,FC Midtjylland,PFC Ludogorets Razgrad,DEN,BUL,1,1,,,SEASON_ONLY
2021-06-30,2021,EUR_EL,,PFC Ludogorets Razgrad,Crvena Zvezda,BUL,SRB,0,1,,,SEASON_ONLY
2021-06-30,2021,EUR_EL,,Sporting Braga,FC Midtjylland,POR,DEN,3,1,,,SEASON_ONLY
2021-06-30,2021,EUR_EL,,FC Midtjylland,Crvena Zvezda,DEN,SRB,1,1,,,SEASON_ONLY
2021-06-30,2021,EUR_EL,,PFC Ludogorets Razgrad,Sporting Braga,BUL,POR,0,1,,,SEASON_ONLY
2021-06-30,2021,EUR_EL,,Crvena Zvezda,FC Midtjylland,SRB,DEN,0,1,,,SEASON_ONLY
2021-06-30,2021,EUR_EL,,Sporting Braga,PFC Ludogorets Razgrad,POR,BUL,4,2,,,SEASON_ONLY
2021-06-30,2021,EUR_EL,,Crvena Zvezda,PFC Ludogorets Razgrad,SRB,BUL,1,0,,,SEASON_ONLY
2021-06-30,2021,EUR_EL,,FC Midtjylland,Sporting Braga,DEN,POR,3,2,,,SEASON_ONLY
2021-06-30,2021,EUR_EL,,Sporting Braga,Crvena Zvezda,POR,SRB,1,1,,,SEASON_ONLY
2021-06-30,2021,EUR_EL,,PFC Ludogorets Razgrad,FC Midtjylland,BUL,DEN,0,0,,,SEASON_ONLY
2021-06-30,2021,EUR_EL,,Bayer Leverkusen,Ferencvárosi TC,GER,HUN,2,1,,,SEASON_ONLY
2021-06-30,2021,EUR_EL,,Real Betis,Celtic FC,ESP,SCO,4,3,,,SEASON_ONLY
2021-06-30,2021,EUR_EL,,Celtic FC,Bayer Leverkusen,SCO,GER,0,4,,,SEASON_ONLY
2021-06-30,2021,EUR_EL,,Ferencvárosi TC,Real Betis,HUN,ESP,1,3,,,SEASON_ONLY
2021-06-30,2021,EUR_EL,,Celtic FC,Ferencvárosi TC,SCO,HUN,2,0,,,SEASON_ONLY
2021-06-30,2021,EUR_EL,,Real Betis,Bayer Leverkusen,ESP,GER,1,1,,,SEASON_ONLY
2021-06-30,2021,EUR_EL,,Bayer Leverkusen,Real Betis,GER,ESP,4,0,,,SEASON_ONLY
2021-06-30,2021,EUR_EL,,Ferencvárosi TC,Celtic FC,HUN,SCO,2,3,,,SEASON_ONLY
2021-06-30,2021,EUR_EL,,Bayer Leverkusen,Celtic FC,GER,SCO,3,2,,,SEASON_ONLY
2021-06-30,2021,EUR_EL,,Real Betis,Ferencvárosi TC,ESP,HUN,2,0,,,SEASON_ONLY
2021-06-30,2021,EUR_EL,,Ferencvárosi TC,Bayer Leverkusen,HUN,GER,1,0,,,SEASON_ONLY
2021-06-30,2021,EUR_EL,,Celtic FC,Real Betis,SCO,ESP,3,2,,,SEASON_ONLY
2021-06-30,2021,EUR_EL,,Dinamo Zagreb,West Ham United,CRO,ENG,0,2,,,SEASON_ONLY
2021-06-30,2021,EUR_EL,,Rapid Wien,KRC Genk,AUT,BEL,0,1,,,SEASON_ONLY
2021-06-30,2021,EUR_EL,,KRC Genk,Dinamo Zagreb,BEL,CRO,0,3,,,SEASON_ONLY
2021-06-30,2021,EUR_EL,,West Ham United,Rapid Wien,ENG,AUT,2,0,,,SEASON_ONLY
2021-06-30,2021,EUR_EL,,Rapid Wien,Dinamo Zagreb,AUT,CRO,2,1,,,SEASON_ONLY
2021-06-30,2021,EUR_EL,,West Ham United,KRC Genk,ENG,BEL,3,0,,,SEASON_ONLY
2021-06-30,2021,EUR_EL,,KRC Genk,West Ham United,BEL,ENG,2,2,,,SEASON_ONLY
2021-06-30,2021,EUR_EL,,Dinamo Zagreb,Rapid Wien,CRO,AUT,3,1,,,SEASON_ONLY
2021-06-30,2021,EUR_EL,,Dinamo Zagreb,KRC Genk,CRO,BEL,1,1,,,SEASON_ONLY
2021-06-30,2021,EUR_EL,,Rapid Wien,West Ham United,AUT,ENG,0,2,,,SEASON_ONLY
2021-06-30,2021,EUR_EL,,West Ham United,Dinamo Zagreb,ENG,CRO,0,1,,,SEASON_ONLY
2021-06-30,2021,EUR_EL,,KRC Genk,Rapid Wien,BEL,AUT,0,1,,,SEASON_ONLY
2021-06-30,2021,EUR_EL,,FC Barcelona,SSC Napoli,ESP,ITA,1,1,,,SEASON_ONLY
2021-06-30,2021,EUR_EL,,Zenit St. Petersburg,Real Betis,RUS,ESP,2,3,,,SEASON_ONLY
2021-06-30,2021,EUR_EL,,Borussia Dortmund,Rangers FC,GER,SCO,2,4,,,SEASON_ONLY
2021-06-30,2021,EUR_EL,,FC Sheriff,Sporting Braga,MDA,POR,2,0,,,SEASON_ONLY
2021-06-30,2021,EUR_EL,,Sevilla FC,Dinamo Zagreb,ESP,CRO,3,1,,,SEASON_ONLY
2021-06-30,2021,EUR_EL,,Atalanta,Olympiakos Piraeus,ITA,GRE,2,1,,,SEASON_ONLY
2021-06-30,2021,EUR_EL,,RB Leipzig,Real Sociedad,GER,ESP,2,2,,,SEASON_ONLY
2021-06-30,2021,EUR_EL,,FC Porto,Lazio Roma,POR,ITA,2,1,,,SEASON_ONLY
2021-06-30,2021,EUR_EL,,Dinamo Zagreb,Sevilla FC,CRO,ESP,1,0,,,SEASON_ONLY
2021-06-30,2021,EUR_EL,,Olympiakos Piraeus,Atalanta,GRE,ITA,0,3,,,SEASON_ONLY
2021-06-30,2021,EUR_EL,,Real Sociedad,RB Leipzig,ESP,GER,1,3,,,SEASON_ONLY
2021-06-30,2021,EUR_EL,,Lazio Roma,FC Porto,ITA,POR,2,2,,,SEASON_ONLY
2021-06-30,2021,EUR_EL,,SSC Napoli,FC Barcelona,ITA,ESP,2,4,,,SEASON_ONLY
2021-06-30,2021,EUR_EL,,Real Betis,Zenit St. Petersburg,ESP,RUS,0,0,,,SEASON_ONLY
2021-06-30,2021,EUR_EL,,Rangers FC,Borussia Dortmund,SCO,GER,2,2,,,SEASON_ONLY
2021-06-30,2021,EUR_EL,,Sporting Braga,FC Sheriff,POR,MDA,3,2,,,SEASON_ONLY
2021-06-30,2021,EUR_EL,,FC Porto,Olympique Lyonnais,POR,FRA,0,1,,,SEASON_ONLY
2021-06-30,2021,EUR_EL,,Real Betis,Eintracht Frankfurt,ESP,GER,1,2,,,SEASON_ONLY
2021-06-30,2021,EUR_EL,,Sevilla FC,West Ham United,ESP,ENG,1,0,,,SEASON_ONLY
2021-06-30,2021,EUR_EL,,Rangers FC,Crvena Zvezda,SCO,SRB,3,0,,,SEASON_ONLY
2021-06-30,2021,EUR_EL,,Sporting Braga,AS Monaco,POR,FRA,2,0,,,SEASON_ONLY
2021-06-30,2021,EUR_EL,,Atalanta,Bayer Leverkusen,ITA,GER,3,2,,,SEASON_ONLY
2021-06-30,2021,EUR_EL,,FC Barcelona,Galatasaray,ESP,TUR,0,0,,,SEASON_ONLY
2021-06-30,2021,EUR_EL,,Crvena Zvezda,Rangers FC,SRB,SCO,2,1,,,SEASON_ONLY
2021-06-30,2021,EUR_EL,,AS Monaco,Sporting Braga,FRA,POR,1,1,,,SEASON_ONLY
2021-06-30,2021,EUR_EL,,Bayer Leverkusen,Atalanta,GER,ITA,0,1,,,SEASON_ONLY
2021-06-30,2021,EUR_EL,,Galatasaray,FC Barcelona,TUR,ESP,1,2,,,SEASON_ONLY
2021-06-30,2021,EUR_EL,,Olympique Lyonnais,FC Porto,FRA,POR,1,1,,,SEASON_ONLY
2021-06-30,2021,EUR_EL,,West Ham United,Sevilla FC,ENG,ESP,2,0,,,SEASON_ONLY
2021-06-30,2021,EUR_EL,,Eintracht Frankfurt,Real Betis,GER,ESP,1,1,,,SEASON_ONLY
2021-06-30,2021,EUR_EL,,RB Leipzig,Atalanta,GER,ITA,1,1,,,SEASON_ONLY
2021-06-30,2021,EUR_EL,,Eintracht Frankfurt,FC Barcelona,GER,ESP,1,1,,,SEASON_ONLY
2021-06-30,2021,EUR_EL,,West Ham United,Olympique Lyonnais,ENG,FRA,1,1,,,SEASON_ONLY
2021-06-30,2021,EUR_EL,,Sporting Braga,Rangers FC,POR,SCO,1,0,,,SEASON_ONLY
2021-06-30,2021,EUR_EL,,Atalanta,RB Leipzig,ITA,GER,0,2,,,SEASON_ONLY
2021-06-30,2021,EUR_EL,,FC Barcelona,Eintracht Frankfurt,ESP,GER,2,3,,,SEASON_ONLY
2021-06-30,2021,EUR_EL,,Olympique Lyonnais,West Ham United,FRA,ENG,0,3,,,SEASON_ONLY
2021-06-30,2021,EUR_EL,,Rangers FC,Sporting Braga,SCO,POR,3,1,,,SEASON_ONLY
2021-06-30,2021,EUR_EL,,RB Leipzig,Rangers FC,GER,SCO,1,0,,,SEASON_ONLY
2021-06-30,2021,EUR_EL,,West Ham United,Eintracht Frankfurt,ENG,GER,1,2,,,SEASON_ONLY
2021-06-30,2021,EUR_EL,,Rangers FC,RB Leipzig,SCO,GER,3,1,,,SEASON_ONLY
2021-06-30,2021,EUR_EL,,Eintracht Frankfurt,West Ham United,GER,ENG,1,0,,,SEASON_ONLY
2021-06-30,2021,EUR_EL,,Eintracht Frankfurt,Rangers FC,GER,SCO,5,4,,,SEASON_ONLY
2022-06-30,2022,EUR_CL,,AFC Ajax,Rangers FC,NED,SCO,4,0,,,SEASON_ONLY
2022-06-30,2022,EUR_CL,,SSC Napoli,Liverpool FC,ITA,ENG,4,1,,,SEASON_ONLY
2022-06-30,2022,EUR_CL,,Liverpool FC,AFC Ajax,ENG,NED,2,1,,,SEASON_ONLY
2022-06-30,2022,EUR_CL,,Rangers FC,SSC Napoli,SCO,ITA,0,3,,,SEASON_ONLY
2022-06-30,2022,EUR_CL,,AFC Ajax,SSC Napoli,NED,ITA,1,6,,,SEASON_ONLY
2022-06-30,2022,EUR_CL,,Liverpool FC,Rangers FC,ENG,SCO,2,0,,,SEASON_ONLY
2022-06-30,2022,EUR_CL,,SSC Napoli,AFC Ajax,ITA,NED,4,2,,,SEASON_ONLY
2022-06-30,2022,EUR_CL,,Rangers FC,Liverpool FC,SCO,ENG,1,7,,,SEASON_ONLY
2022-06-30,2022,EUR_CL,,AFC Ajax,Liverpool FC,NED,ENG,0,3,,,SEASON_ONLY
2022-06-30,2022,EUR_CL,,SSC Napoli,Rangers FC,ITA,SCO,3,0,,,SEASON_ONLY
2022-06-30,2022,EUR_CL,,Rangers FC,AFC Ajax,SCO,NED,1,3,,,SEASON_ONLY
2022-06-30,2022,EUR_CL,,Liverpool FC,SSC Napoli,ENG,ITA,2,0,,,SEASON_ONLY
2022-06-30,2022,EUR_CL,,Atlético Madrid,FC Porto,ESP,POR,2,1,,,SEASON_ONLY
2022-06-30,2022,EUR_CL,,Club Brugge KV,Bayer Leverkusen,BEL,GER,1,0,,,SEASON_ONLY
2022-06-30,2022,EUR_CL,,Bayer Leverkusen,Atlético Madrid,GER,ESP,2,0,,,SEASON_ONLY
2022-06-30,2022,EUR_CL,,FC Porto,Club Brugge KV,POR,BEL,0,4,,,SEASON_ONLY
2022-06-30,2022,EUR_CL,,Club Brugge KV,Atlético Madrid,BEL,ESP,2,0,,,SEASON_ONLY
2022-06-30,2022,EUR_CL,,FC Porto,Bayer Leverkusen,POR,GER,2,0,,,SEASON_ONLY
2022-06-30,2022,EUR_CL,,Atlético Madrid,Club Brugge KV,ESP,BEL,0,0,,,SEASON_ONLY
2022-06-30,2022,EUR_CL,,Bayer Leverkusen,FC Porto,GER,POR,0,3,,,SEASON_ONLY
2022-06-30,2022,EUR_CL,,Club Brugge KV,FC Porto,BEL,POR,0,4,,,SEASON_ONLY
2022-06-30,2022,EUR_CL,,Atlético Madrid,Bayer Leverkusen,ESP,GER,2,2,,,SEASON_ONLY
2022-06-30,2022,EUR_CL,,FC Porto,Atlético Madrid,POR,ESP,2,1,,,SEASON_ONLY
2022-06-30,2022,EUR_CL,,Bayer Leverkusen,Club Brugge KV,GER,BEL,0,0,,,SEASON_ONLY
2022-06-30,2022,EUR_CL,,Inter,Bayern München,ITA,GER,0,2,,,SEASON_ONLY
2022-06-30,2022,EUR_CL,,FC Barcelona,Viktoria Plzeň,ESP,CZE,5,1,,,SEASON_ONLY
2022-06-30,2022,EUR_CL,,Viktoria Plzeň,Inter,CZE,ITA,0,2,,,SEASON_ONLY
2022-06-30,2022,EUR_CL,,Bayern München,FC Barcelona,GER,ESP,2,0,,,SEASON_ONLY
2022-06-30,2022,EUR_CL,,Bayern München,Viktoria Plzeň,GER,CZE,5,0,,,SEASON_ONLY
2022-06-30,2022,EUR_CL,,Inter,FC Barcelona,ITA,ESP,1,0,,,SEASON_ONLY
2022-06-30,2022,EUR_CL,,Viktoria Plzeň,Bayern München,CZE,GER,2,4,,,SEASON_ONLY
2022-06-30,2022,EUR_CL,,FC Barcelona,Inter,ESP,ITA,3,3,,,SEASON_ONLY
2022-06-30,2022,EUR_CL,,Inter,Viktoria Plzeň,ITA,CZE,4,0,,,SEASON_ONLY
2022-06-30,2022,EUR_CL,,FC Barcelona,Bayern München,ESP,GER,0,3,,,SEASON_ONLY
2022-06-30,2022,EUR_CL,,Bayern München,Inter,GER,ITA,2,0,,,SEASON_ONLY
2022-06-30,2022,EUR_CL,,Viktoria Plzeň,FC Barcelona,CZE,ESP,2,4,,,SEASON_ONLY
2022-06-30,2022,EUR_CL,,Eintracht Frankfurt,Sporting CP,GER,POR,0,3,,,SEASON_ONLY
2022-06-30,2022,EUR_CL,,Tottenham Hotspur,Olympique Marseille,ENG,FRA,2,0,,,SEASON_ONLY
2022-06-30,2022,EUR_CL,,Sporting CP,Tottenham Hotspur,POR,ENG,2,0,,,SEASON_ONLY
2022-06-30,2022,EUR_CL,,Olympique Marseille,Eintracht Frankfurt,FRA,GER,0,1,,,SEASON_ONLY
2022-06-30,2022,EUR_CL,,Olympique Marseille,Sporting CP,FRA,POR,4,1,,,SEASON_ONLY
2022-06-30,2022,EUR_CL,,Eintracht Frankfurt,Tottenham Hotspur,GER,ENG,0,0,,,SEASON_ONLY
2022-06-30,2022,EUR_CL,,Tottenham Hotspur,Eintracht Frankfurt,ENG,GER,3,2,,,SEASON_ONLY
2022-06-30,2022,EUR_CL,,Sporting CP,Olympique Marseille,POR,FRA,0,2,,,SEASON_ONLY
2022-06-30,2022,EUR_CL,,Eintracht Frankfurt,Olympique Marseille,GER,FRA,2,1,,,SEASON_ONLY
2022-06-30,2022,EUR_CL,,Tottenham Hotspur,Sporting CP,ENG,POR,1,1,,,SEASON_ONLY
2022-06-30,2022,EUR_CL,,Sporting CP,Eintracht Frankfurt,POR,GER,1,2,,,SEASON_ONLY
2022-06-30,2022,EUR_CL,,Olympique Marseille,Tottenham Hotspur,FRA,ENG,1,2,,,SEASON_ONLY
2022-06-30,2022,EUR_CL,,Dinamo Zagreb,Chelsea FC,CRO,ENG,1,0,,,SEASON_ONLY
2022-06-30,2022,EUR_CL,,RB Salzburg,AC Milan,AUT,ITA,1,1,,,SEASON_ONLY
2022-06-30,2022,EUR_CL,,AC Milan,Dinamo Zagreb,ITA,CRO,3,1,,,SEASON_ONLY
2022-06-30,2022,EUR_CL,,Chelsea FC,RB Salzburg,ENG,AUT,1,1,,,SEASON_ONLY
2022-06-30,2022,EUR_CL,,RB Salzburg,Dinamo Zagreb,AUT,CRO,1,0,,,SEASON_ONLY
2022-06-30,2022,EUR_CL,,Chelsea FC,AC Milan,ENG,ITA,3,0,,,SEASON_ONLY
2022-06-30,2022,EUR_CL,,AC Milan,Chelsea FC,ITA,ENG,0,2,,,SEASON_ONLY
2022-06-30,2022,EUR_CL,,Dinamo Zagreb,RB Salzburg,CRO,AUT,1,1,,,SEASON_ONLY
2022-06-30,2022,EUR_CL,,RB Salzburg,Chelsea FC,AUT,ENG,1,2,,,SEASON_ONLY
2022-06-30,2022,EUR_CL,,Dinamo Zagreb,AC Milan,CRO,ITA,0,4,,,SEASON_ONLY
2022-06-30,2022,EUR_CL,,AC Milan,RB Salzburg,ITA,AUT,4,0,,,SEASON_ONLY
2022-06-30,2022,EUR_CL,,Chelsea FC,Dinamo Zagreb,ENG,CRO,2,1,,,SEASON_ONLY
2022-06-30,2022,EUR_CL,,Celtic FC,Real Madrid,SCO,ESP,0,3,,,SEASON_ONLY
2022-06-30,2022,EUR_CL,,RB Leipzig,Shakhtar Donetsk,GER,UKR,1,4,,,SEASON_ONLY
2022-06-30,2022,EUR_CL,,Shakhtar Donetsk,Celtic FC,UKR,SCO,1,1,,,SEASON_ONLY
2022-06-30,2022,EUR_CL,,Real Madrid,RB Leipzig,ESP,GER,2,0,,,SEASON_ONLY
2022-06-30,2022,EUR_CL,,RB Leipzig,Celtic FC,GER,SCO,3,1,,,SEASON_ONLY
2022-06-30,2022,EUR_CL,,Real Madrid,Shakhtar Donetsk,ESP,UKR,2,1,,,SEASON_ONLY
2022-06-30,2022,EUR_CL,,Celtic FC,RB Leipzig,SCO,GER,0,2,,,SEASON_ONLY
2022-06-30,2022,EUR_CL,,Shakhtar Donetsk,Real Madrid,UKR,ESP,1,1,,,SEASON_ONLY
2022-06-30,2022,EUR_CL,,Celtic FC,Shakhtar Donetsk,SCO,UKR,1,1,,,SEASON_ONLY
2022-06-30,2022,EUR_CL,,RB Leipzig,Real Madrid,GER,ESP,3,2,,,SEASON_ONLY
2022-06-30,2022,EUR_CL,,Real Madrid,Celtic FC,ESP,SCO,5,1,,,SEASON_ONLY
2022-06-30,2022,EUR_CL,,Shakhtar Donetsk,RB Leipzig,UKR,GER,0,4,,,SEASON_ONLY
2022-06-30,2022,EUR_CL,,Borussia Dortmund,FC København,GER,DEN,3,0,,,SEASON_ONLY
2022-06-30,2022,EUR_CL,,Sevilla FC,Manchester City,ESP,ENG,0,4,,,SEASON_ONLY
2022-06-30,2022,EUR_CL,,Manchester City,Borussia Dortmund,ENG,GER,2,1,,,SEASON_ONLY
2022-06-30,2022,EUR_CL,,FC København,Sevilla FC,DEN,ESP,0,0,,,SEASON_ONLY
2022-06-30,2022,EUR_CL,,Sevilla FC,Borussia Dortmund,ESP,GER,1,4,,,SEASON_ONLY
2022-06-30,2022,EUR_CL,,Manchester City,FC København,ENG,DEN,5,0,,,SEASON_ONLY
2022-06-30,2022,EUR_CL,,FC København,Manchester City,DEN,ENG,0,0,,,SEASON_ONLY
2022-06-30,2022,EUR_CL,,Borussia Dortmund,Sevilla FC,GER,ESP,1,1,,,SEASON_ONLY
2022-06-30,2022,EUR_CL,,Sevilla FC,FC København,ESP,DEN,3,0,,,SEASON_ONLY
2022-06-30,2022,EUR_CL,,Borussia Dortmund,Manchester City,GER,ENG,0,0,,,SEASON_ONLY
2022-06-30,2022,EUR_CL,,FC København,Borussia Dortmund,DEN,GER,1,1,,,SEASON_ONLY
2022-06-30,2022,EUR_CL,,Manchester City,Sevilla FC,ENG,ESP,3,1,,,SEASON_ONLY
2022-06-30,2022,EUR_CL,,Paris Saint-Germain,Juventus,FRA,ITA,2,1,,,SEASON_ONLY
2022-06-30,2022,EUR_CL,,SL Benfica,Maccabi Haifa,POR,ISR,2,0,,,SEASON_ONLY
2022-06-30,2022,EUR_CL,,Juventus,SL Benfica,ITA,POR,1,2,,,SEASON_ONLY
2022-06-30,2022,EUR_CL,,Maccabi Haifa,Paris Saint-Germain,ISR,FRA,1,3,,,SEASON_ONLY
2022-06-30,2022,EUR_CL,,Juventus,Maccabi Haifa,ITA,ISR,3,1,,,SEASON_ONLY
2022-06-30,2022,EUR_CL,,SL Benfica,Paris Saint-Germain,POR,FRA,1,1,,,SEASON_ONLY
2022-06-30,2022,EUR_CL,,Maccabi Haifa,Juventus,ISR,ITA,2,0,,,SEASON_ONLY
2022-06-30,2022,EUR_CL,,Paris Saint-Germain,SL Benfica,FRA,POR,1,1,,,SEASON_ONLY
2022-06-30,2022,EUR_CL,,SL Benfica,Juventus,POR,ITA,4,3,,,SEASON_ONLY
2022-06-30,2022,EUR_CL,,Paris Saint-Germain,Maccabi Haifa,FRA,ISR,7,2,,,SEASON_ONLY
2022-06-30,2022,EUR_CL,,Juventus,Paris Saint-Germain,ITA,FRA,1,2,,,SEASON_ONLY
2022-06-30,2022,EUR_CL,,Maccabi Haifa,SL Benfica,ISR,POR,1,6,,,SEASON_ONLY
2022-06-30,2022,EUR_CL,,AC Milan,Tottenham Hotspur,ITA,ENG,1,0,,,SEASON_ONLY
2022-06-30,2022,EUR_CL,,Paris Saint-Germain,Bayern München,FRA,GER,0,1,,,SEASON_ONLY
2022-06-30,2022,EUR_CL,,Club Brugge KV,SL Benfica,BEL,POR,0,2,,,SEASON_ONLY
2022-06-30,2022,EUR_CL,,Borussia Dortmund,Chelsea FC,GER,ENG,1,0,,,SEASON_ONLY
2022-06-30,2022,EUR_CL,,Liverpool FC,Real Madrid,ENG,ESP,2,5,,,SEASON_ONLY
2022-06-30,2022,EUR_CL,,Eintracht Frankfurt,SSC Napoli,GER,ITA,0,2,,,SEASON_ONLY
2022-06-30,2022,EUR_CL,,RB Leipzig,Manchester City,GER,ENG,1,1,,,SEASON_ONLY
2022-06-30,2022,EUR_CL,,Inter,FC Porto,ITA,POR,1,0,,,SEASON_ONLY
2022-06-30,2022,EUR_CL,,SL Benfica,Club Brugge KV,POR,BEL,5,1,,,SEASON_ONLY
2022-06-30,2022,EUR_CL,,Chelsea FC,Borussia Dortmund,ENG,GER,2,0,,,SEASON_ONLY
2022-06-30,2022,EUR_CL,,Bayern München,Paris Saint-Germain,GER,FRA,2,0,,,SEASON_ONLY
2022-06-30,2022,EUR_CL,,Tottenham Hotspur,AC Milan,ENG,ITA,0,0,,,SEASON_ONLY
2022-06-30,2022,EUR_CL,,Manchester City,RB Leipzig,ENG,GER,7,0,,,SEASON_ONLY
2022-06-30,2022,EUR_CL,,FC Porto,Inter,POR,ITA,0,0,,,SEASON_ONLY
2022-06-30,2022,EUR_CL,,Real Madrid,Liverpool FC,ESP,ENG,1,0,,,SEASON_ONLY
2022-06-30,2022,EUR_CL,,SSC Napoli,Eintracht Frankfurt,ITA,GER,3,0,,,SEASON_ONLY
2022-06-30,2022,EUR_CL,,SL Benfica,Inter,POR,ITA,0,2,,,SEASON_ONLY
2022-06-30,2022,EUR_CL,,Manchester City,Bayern München,ENG,GER,3,0,,,SEASON_ONLY
2022-06-30,2022,EUR_CL,,Real Madrid,Chelsea FC,ESP,ENG,2,0,,,SEASON_ONLY
2022-06-30,2022,EUR_CL,,AC Milan,SSC Napoli,ITA,ITA,1,0,,,SEASON_ONLY
2022-06-30,2022,EUR_CL,,Chelsea FC,Real Madrid,ENG,ESP,0,2,,,SEASON_ONLY
2022-06-30,2022,EUR_CL,,SSC Napoli,AC Milan,ITA,ITA,1,1,,,SEASON_ONLY
2022-06-30,2022,EUR_CL,,Inter,SL Benfica,ITA,POR,3,3,,,SEASON_ONLY
2022-06-30,2022,EUR_CL,,Bayern München,Manchester City,GER,ENG,1,1,,,SEASON_ONLY
2022-06-30,2022,EUR_CL,,Real Madrid,Manchester City,ESP,ENG,1,1,,,SEASON_ONLY
2022-06-30,2022,EUR_CL,,AC Milan,Inter,ITA,ITA,0,2,,,SEASON_ONLY
2022-06-30,2022,EUR_CL,,Inter,AC Milan,ITA,ITA,1,0,,,SEASON_ONLY
2022-06-30,2022,EUR_CL,,Manchester City,Real Madrid,ENG,ESP,4,0,,,SEASON_ONLY
2022-06-30,2022,EUR_CL,,Manchester City,Inter,ENG,ITA,1,0,,,SEASON_ONLY
2022-06-30,2022,EUR_CONF,,Heart of Midlothian,İstanbul Başakşehir,SCO,TUR,0,4,,,SEASON_ONLY
2022-06-30,2022,EUR_CONF,,ACF Fiorentina,FK RFS,ITA,LVA,1,1,,,SEASON_ONLY
2022-06-30,2022,EUR_CONF,,İstanbul Başakşehir,ACF Fiorentina,TUR,ITA,3,0,,,SEASON_ONLY
2022-06-30,2022,EUR_CONF,,FK RFS,Heart of Midlothian,LVA,SCO,0,2,,,SEASON_ONLY
2022-06-30,2022,EUR_CONF,,Heart of Midlothian,ACF Fiorentina,SCO,ITA,0,3,,,SEASON_ONLY
2022-06-30,2022,EUR_CONF,,FK RFS,İstanbul Başakşehir,LVA,TUR,0,0,,,SEASON_ONLY
2022-06-30,2022,EUR_CONF,,ACF Fiorentina,Heart of Midlothian,ITA,SCO,5,1,,,SEASON_ONLY
2022-06-30,2022,EUR_CONF,,İstanbul Başakşehir,FK RFS,TUR,LVA,3,0,,,SEASON_ONLY
2022-06-30,2022,EUR_CONF,,ACF Fiorentina,İstanbul Başakşehir,ITA,TUR,2,1,,,SEASON_ONLY
2022-06-30,2022,EUR_CONF,,Heart of Midlothian,FK RFS,SCO,LVA,2,1,,,SEASON_ONLY
2022-06-30,2022,EUR_CONF,,İstanbul Başakşehir,Heart of Midlothian,TUR,SCO,3,1,,,SEASON_ONLY
2022-06-30,2022,EUR_CONF,,FK RFS,ACF Fiorentina,LVA,ITA,0,3,,,SEASON_ONLY
2022-06-30,2022,EUR_CONF,,RSC Anderlecht,Silkeborg IF,BEL,DEN,1,0,,,SEASON_ONLY
2022-06-30,2022,EUR_CONF,,West Ham United,FCSB,ENG,ROU,3,1,,,SEASON_ONLY
2022-06-30,2022,EUR_CONF,,FCSB,RSC Anderlecht,ROU,BEL,0,0,,,SEASON_ONLY
2022-06-30,2022,EUR_CONF,,Silkeborg IF,West Ham United,DEN,ENG,2,3,,,SEASON_ONLY
2022-06-30,2022,EUR_CONF,,RSC Anderlecht,West Ham United,BEL,ENG,0,1,,,SEASON_ONLY
2022-06-30,2022,EUR_CONF,,Silkeborg IF,FCSB,DEN,ROU,5,0,,,SEASON_ONLY
2022-06-30,2022,EUR_CONF,,West Ham United,RSC Anderlecht,ENG,BEL,2,1,,,SEASON_ONLY
2022-06-30,2022,EUR_CONF,,FCSB,Silkeborg IF,ROU,DEN,0,5,,,SEASON_ONLY
2022-06-30,2022,EUR_CONF,,RSC Anderlecht,FCSB,BEL,ROU,2,2,,,SEASON_ONLY
2022-06-30,2022,EUR_CONF,,West Ham United,Silkeborg IF,ENG,DEN,1,0,,,SEASON_ONLY
2022-06-30,2022,EUR_CONF,,FCSB,West Ham United,ROU,ENG,0,3,,,SEASON_ONLY
2022-06-30,2022,EUR_CONF,,Silkeborg IF,RSC Anderlecht,DEN,BEL,0,2,,,SEASON_ONLY
2022-06-30,2022,EUR_CONF,,Austria Wien,Hapoel Be'er Sheva,AUT,ISR,0,0,,,SEASON_ONLY
2022-06-30,2022,EUR_CONF,,Villarreal CF,Lech Poznań,ESP,POL,4,3,,,SEASON_ONLY
2022-06-30,2022,EUR_CONF,,Hapoel Be'er Sheva,Villarreal CF,ISR,ESP,1,2,,,SEASON_ONLY
2022-06-30,2022,EUR_CONF,,Lech Poznań,Austria Wien,POL,AUT,4,1,,,SEASON_ONLY
2022-06-30,2022,EUR_CONF,,Lech Poznań,Hapoel Be'er Sheva,POL,ISR,0,0,,,SEASON_ONLY
2022-06-30,2022,EUR_CONF,,Villarreal CF,Austria Wien,ESP,AUT,5,0,,,SEASON_ONLY
2022-06-30,2022,EUR_CONF,,Austria Wien,Villarreal CF,AUT,ESP,0,1,,,SEASON_ONLY
2022-06-30,2022,EUR_CONF,,Hapoel Be'er Sheva,Lech Poznań,ISR,POL,1,1,,,SEASON_ONLY
2022-06-30,2022,EUR_CONF,,Villarreal CF,Hapoel Be'er Sheva,ESP,ISR,2,2,,,SEASON_ONLY
2022-06-30,2022,EUR_CONF,,Austria Wien,Lech Poznań,AUT,POL,1,1,,,SEASON_ONLY
2022-06-30,2022,EUR_CONF,,Hapoel Be'er Sheva,Austria Wien,ISR,AUT,4,0,,,SEASON_ONLY
2022-06-30,2022,EUR_CONF,,Lech Poznań,Villarreal CF,POL,ESP,3,0,,,SEASON_ONLY
2022-06-30,2022,EUR_CONF,,1. FC Slovácko,Partizan,CZE,SRB,3,3,,,SEASON_ONLY
2022-06-30,2022,EUR_CONF,,OGC Nice,1. FC Köln,FRA,GER,1,1,,,SEASON_ONLY
2022-06-30,2022,EUR_CONF,,Partizan,OGC Nice,SRB,FRA,1,1,,,SEASON_ONLY
2022-06-30,2022,EUR_CONF,,1. FC Köln,1. FC Slovácko,GER,CZE,4,2,,,SEASON_ONLY
2022-06-30,2022,EUR_CONF,,1. FC Slovácko,OGC Nice,CZE,FRA,0,1,,,SEASON_ONLY
2022-06-30,2022,EUR_CONF,,1. FC Köln,Partizan,GER,SRB,0,1,,,SEASON_ONLY
2022-06-30,2022,EUR_CONF,,Partizan,1. FC Köln,SRB,GER,2,0,,,SEASON_ONLY
2022-06-30,2022,EUR_CONF,,OGC Nice,1. FC Slovácko,FRA,CZE,1,2,,,SEASON_ONLY
2022-06-30,2022,EUR_CONF,,OGC Nice,Partizan,FRA,SRB,2,1,,,SEASON_ONLY
2022-06-30,2022,EUR_CONF,,1. FC Slovácko,1. FC Köln,CZE,GER,0,1,,,SEASON_ONLY
2022-06-30,2022,EUR_CONF,,1. FC Köln,OGC Nice,GER,FRA,2,2,,,SEASON_ONLY
2022-06-30,2022,EUR_CONF,,Partizan,1. FC Slovácko,SRB,CZE,1,1,,,SEASON_ONLY
2022-06-30,2022,EUR_CONF,,FC Vaduz,Apollon Limassol,LIE,CYP,0,0,,,SEASON_ONLY
2022-06-30,2022,EUR_CONF,,SK Dnipro-1,AZ Alkmaar,UKR,NED,0,1,,,SEASON_ONLY
2022-06-30,2022,EUR_CONF,,AZ Alkmaar,FC Vaduz,NED,LIE,4,1,,,SEASON_ONLY
2022-06-30,2022,EUR_CONF,,Apollon Limassol,SK Dnipro-1,CYP,UKR,1,3,,,SEASON_ONLY
2022-06-30,2022,EUR_CONF,,SK Dnipro-1,FC Vaduz,UKR,LIE,2,2,,,SEASON_ONLY
2022-06-30,2022,EUR_CONF,,AZ Alkmaar,Apollon Limassol,NED,CYP,3,2,,,SEASON_ONLY
2022-06-30,2022,EUR_CONF,,Apollon Limassol,AZ Alkmaar,CYP,NED,1,0,,,SEASON_ONLY
2022-06-30,2022,EUR_CONF,,FC Vaduz,SK Dnipro-1,LIE,UKR,1,2,,,SEASON_ONLY
2022-06-30,2022,EUR_CONF,,FC Vaduz,AZ Alkmaar,LIE,NED,1,2,,,SEASON_ONLY
2022-06-30,2022,EUR_CONF,,SK Dnipro-1,Apollon Limassol,UKR,CYP,1,0,,,SEASON_ONLY
2022-06-30,2022,EUR_CONF,,Apollon Limassol,FC Vaduz,CYP,LIE,1,0,,,SEASON_ONLY
2022-06-30,2022,EUR_CONF,,AZ Alkmaar,SK Dnipro-1,NED,UKR,2,1,,,SEASON_ONLY
2022-06-30,2022,EUR_CONF,,Molde FK,KAA Gent,NOR,BEL,0,0,,,SEASON_ONLY
2022-06-30,2022,EUR_CONF,,Shamrock Rovers,Djurgårdens IF,IRL,SWE,0,0,,,SEASON_ONLY
2022-06-30,2022,EUR_CONF,,KAA Gent,Shamrock Rovers,BEL,IRL,3,0,,,SEASON_ONLY
2022-06-30,2022,EUR_CONF,,Djurgårdens IF,Molde FK,SWE,NOR,3,2,,,SEASON_ONLY
2022-06-30,2022,EUR_CONF,,Molde FK,Shamrock Rovers,NOR,IRL,3,0,,,SEASON_ONLY
2022-06-30,2022,EUR_CONF,,KAA Gent,Djurgårdens IF,BEL,SWE,0,1,,,SEASON_ONLY
2022-06-30,2022,EUR_CONF,,Djurgårdens IF,KAA Gent,SWE,BEL,4,2,,,SEASON_ONLY
2022-06-30,2022,EUR_CONF,,Shamrock Rovers,Molde FK,IRL,NOR,0,2,,,SEASON_ONLY
2022-06-30,2022,EUR_CONF,,Shamrock Rovers,KAA Gent,IRL,BEL,1,1,,,SEASON_ONLY
2022-06-30,2022,EUR_CONF,,Molde FK,Djurgårdens IF,NOR,SWE,2,3,,,SEASON_ONLY
2022-06-30,2022,EUR_CONF,,KAA Gent,Molde FK,BEL,NOR,4,0,,,SEASON_ONLY
2022-06-30,2022,EUR_CONF,,Djurgårdens IF,Shamrock Rovers,SWE,IRL,1,0,,,SEASON_ONLY
2022-06-30,2022,EUR_CONF,,KF Ballkani,CFR Cluj,KOS,ROU,1,1,,,SEASON_ONLY
2022-06-30,2022,EUR_CONF,,Sivasspor,Slavia Praha,TUR,CZE,1,1,,,SEASON_ONLY
2022-06-30,2022,EUR_CONF,,CFR Cluj,Sivasspor,ROU,TUR,0,1,,,SEASON_ONLY
2022-06-30,2022,EUR_CONF,,Slavia Praha,KF Ballkani,CZE,KOS,3,2,,,SEASON_ONLY
2022-06-30,2022,EUR_CONF,,Sivasspor,KF Ballkani,TUR,KOS,3,4,,,SEASON_ONLY
2022-06-30,2022,EUR_CONF,,Slavia Praha,CFR Cluj,CZE,ROU,0,1,,,SEASON_ONLY
2022-06-30,2022,EUR_CONF,,CFR Cluj,Slavia Praha,ROU,CZE,2,0,,,SEASON_ONLY
2022-06-30,2022,EUR_CONF,,KF Ballkani,Sivasspor,KOS,TUR,1,2,,,SEASON_ONLY
2022-06-30,2022,EUR_CONF,,Sivasspor,CFR Cluj,TUR,ROU,3,0,,,SEASON_ONLY
2022-06-30,2022,EUR_CONF,,KF Ballkani,Slavia Praha,KOS,CZE,0,1,,,SEASON_ONLY
2022-06-30,2022,EUR_CONF,,Slavia Praha,Sivasspor,CZE,TUR,1,1,,,SEASON_ONLY
2022-06-30,2022,EUR_CONF,,CFR Cluj,KF Ballkani,ROU,KOS,1,0,,,SEASON_ONLY
2022-06-30,2022,EUR_CONF,,Slovan Bratislava,FK Žalgiris,SVK,LTU,0,0,,,SEASON_ONLY
2022-06-30,2022,EUR_CONF,,FC Basel 1893,Pyunik FC,SUI,ARM,3,1,,,SEASON_ONLY
2022-06-30,2022,EUR_CONF,,FK Žalgiris,FC Basel 1893,LTU,SUI,0,1,,,SEASON_ONLY
2022-06-30,2022,EUR_CONF,,Pyunik FC,Slovan Bratislava,ARM,SVK,2,0,,,SEASON_ONLY
2022-06-30,2022,EUR_CONF,,Pyunik FC,FK Žalgiris,ARM,LTU,2,0,,,SEASON_ONLY
2022-06-30,2022,EUR_CONF,,FC Basel 1893,Slovan Bratislava,SUI,SVK,0,2,,,SEASON_ONLY
2022-06-30,2022,EUR_CONF,,Slovan Bratislava,FC Basel 1893,SVK,SUI,3,3,,,SEASON_ONLY
2022-06-30,2022,EUR_CONF,,FK Žalgiris,Pyunik FC,LTU,ARM,2,1,,,SEASON_ONLY
2022-06-30,2022,EUR_CONF,,FC Basel 1893,FK Žalgiris,SUI,LTU,2,2,,,SEASON_ONLY
2022-06-30,2022,EUR_CONF,,Slovan Bratislava,Pyunik FC,SVK,ARM,2,1,,,SEASON_ONLY
2022-06-30,2022,EUR_CONF,,FK Žalgiris,Slovan Bratislava,LTU,SVK,1,2,,,SEASON_ONLY
2022-06-30,2022,EUR_CONF,,Pyunik FC,FC Basel 1893,ARM,SUI,1,2,,,SEASON_ONLY
2022-06-30,2022,EUR_CONF,,Qarabağ FK,KAA Gent,AZE,BEL,1,0,,,SEASON_ONLY
2022-06-30,2022,EUR_CONF,,Trabzonspor,FC Basel 1893,TUR,SUI,1,0,,,SEASON_ONLY
2022-06-30,2022,EUR_CONF,,FK Bodø/Glimt,Lech Poznań,NOR,POL,0,0,,,SEASON_ONLY
2022-06-30,2022,EUR_CONF,,Sporting Braga,ACF Fiorentina,POR,ITA,0,4,,,SEASON_ONLY
2022-06-30,2022,EUR_CONF,,Lazio Roma,CFR Cluj,ITA,ROU,1,0,,,SEASON_ONLY
2022-06-30,2022,EUR_CONF,,AEK Larnaca,SK Dnipro-1,CYP,UKR,1,0,,,SEASON_ONLY
2022-06-30,2022,EUR_CONF,,FC Sheriff,Partizan,MDA,SRB,0,1,,,SEASON_ONLY
2022-06-30,2022,EUR_CONF,,PFC Ludogorets Razgrad,RSC Anderlecht,BUL,BEL,1,0,,,SEASON_ONLY
2022-06-30,2022,EUR_CONF,,CFR Cluj,Lazio Roma,ROU,ITA,0,0,,,SEASON_ONLY
2022-06-30,2022,EUR_CONF,,SK Dnipro-1,AEK Larnaca,UKR,CYP,0,0,,,SEASON_ONLY
2022-06-30,2022,EUR_CONF,,Partizan,FC Sheriff,SRB,MDA,1,3,,,SEASON_ONLY
2022-06-30,2022,EUR_CONF,,RSC Anderlecht,PFC Ludogorets Razgrad,BEL,BUL,3,0,,,SEASON_ONLY
2022-06-30,2022,EUR_CONF,,KAA Gent,Qarabağ FK,BEL,AZE,5,3,,,SEASON_ONLY
2022-06-30,2022,EUR_CONF,,FC Basel 1893,Trabzonspor,SUI,TUR,2,0,,,SEASON_ONLY
2022-06-30,2022,EUR_CONF,,Lech Poznań,FK Bodø/Glimt,POL,NOR,1,0,,,SEASON_ONLY
2022-06-30,2022,EUR_CONF,,ACF Fiorentina,Sporting Braga,ITA,POR,3,2,,,SEASON_ONLY
2022-06-30,2022,EUR_CONF,,Lazio Roma,AZ Alkmaar,ITA,NED,1,2,,,SEASON_ONLY
2022-06-30,2022,EUR_CONF,,AEK Larnaca,West Ham United,CYP,ENG,0,2,,,SEASON_ONLY
2022-06-30,2022,EUR_CONF,,FC Sheriff,OGC Nice,MDA,FRA,0,1,,,SEASON_ONLY
2022-06-30,2022,EUR_CONF,,RSC Anderlecht,Villarreal CF,BEL,ESP,1,1,,,SEASON_ONLY
2022-06-30,2022,EUR_CONF,,ACF Fiorentina,Sivasspor,ITA,TUR,1,0,,,SEASON_ONLY
2022-06-30,2022,EUR_CONF,,Lech Poznań,Djurgårdens IF,POL,SWE,2,0,,,SEASON_ONLY
2022-06-30,2022,EUR_CONF,,FC Basel 1893,Slovan Bratislava,SUI,SVK,2,2,,,SEASON_ONLY
2022-06-30,2022,EUR_CONF,,KAA Gent,İstanbul Başakşehir,BEL,TUR,1,1,,,SEASON_ONLY
2022-06-30,2022,EUR_CONF,,İstanbul Başakşehir,KAA Gent,TUR,BEL,1,4,,,SEASON_ONLY
2022-06-30,2022,EUR_CONF,,Sivasspor,ACF Fiorentina,TUR,ITA,1,4,,,SEASON_ONLY
2022-06-30,2022,EUR_CONF,,Djurgårdens IF,Lech Poznań,SWE,POL,0,3,,,SEASON_ONLY
2022-06-30,2022,EUR_CONF,,Slovan Bratislava,FC Basel 1893,SVK,SUI,1,4,,,SEASON_ONLY
2022-06-30,2022,EUR_CONF,,West Ham United,AEK Larnaca,ENG,CYP,4,0,,,SEASON_ONLY
2022-06-30,2022,EUR_CONF,,AZ Alkmaar,Lazio Roma,NED,ITA,2,1,,,SEASON_ONLY
2022-06-30,2022,EUR_CONF,,OGC Nice,FC Sheriff,FRA,MDA,3,1,,,SEASON_ONLY
2022-06-30,2022,EUR_CONF,,Villarreal CF,RSC Anderlecht,ESP,BEL,0,1,,,SEASON_ONLY
2022-06-30,2022,EUR_CONF,,KAA Gent,West Ham United,BEL,ENG,1,1,,,SEASON_ONLY
2022-06-30,2022,EUR_CONF,,Lech Poznań,ACF Fiorentina,POL,ITA,1,4,,,SEASON_ONLY
2022-06-30,2022,EUR_CONF,,RSC Anderlecht,AZ Alkmaar,BEL,NED,2,0,,,SEASON_ONLY
2022-06-30,2022,EUR_CONF,,FC Basel 1893,OGC Nice,SUI,FRA,2,2,,,SEASON_ONLY
2022-06-30,2022,EUR_CONF,,ACF Fiorentina,Lech Poznań,ITA,POL,2,3,,,SEASON_ONLY
2022-06-30,2022,EUR_CONF,,AZ Alkmaar,RSC Anderlecht,NED,BEL,4,1,,,SEASON_ONLY
2022-06-30,2022,EUR_CONF,,West Ham United,KAA Gent,ENG,BEL,4,1,,,SEASON_ONLY
2022-06-30,2022,EUR_CONF,,OGC Nice,FC Basel 1893,FRA,SUI,1,2,,,SEASON_ONLY
2022-06-30,2022,EUR_CONF,,ACF Fiorentina,FC Basel 1893,ITA,SUI,1,2,,,SEASON_ONLY
2022-06-30,2022,EUR_CONF,,West Ham United,AZ Alkmaar,ENG,NED,2,1,,,SEASON_ONLY
2022-06-30,2022,EUR_CONF,,FC Basel 1893,ACF Fiorentina,SUI,ITA,1,3,,,SEASON_ONLY
2022-06-30,2022,EUR_CONF,,AZ Alkmaar,West Ham United,NED,ENG,0,1,,,SEASON_ONLY
2022-06-30,2022,EUR_CONF,,ACF Fiorentina,West Ham United,ITA,ENG,1,2,,,SEASON_ONLY
2022-06-30,2022,EUR_EL,,FC Zürich,Arsenal FC,SUI,ENG,1,2,,,SEASON_ONLY
2022-06-30,2022,EUR_EL,,PSV Eindhoven,FK Bodø/Glimt,NED,NOR,1,1,,,SEASON_ONLY
2022-06-30,2022,EUR_EL,,FK Bodø/Glimt,FC Zürich,NOR,SUI,2,1,,,SEASON_ONLY
2022-06-30,2022,EUR_EL,,FC Zürich,PSV Eindhoven,SUI,NED,1,5,,,SEASON_ONLY
2022-06-30,2022,EUR_EL,,Arsenal FC,FK Bodø/Glimt,ENG,NOR,3,0,,,SEASON_ONLY
2022-06-30,2022,EUR_EL,,FK Bodø/Glimt,Arsenal FC,NOR,ENG,0,1,,,SEASON_ONLY
2022-06-30,2022,EUR_EL,,PSV Eindhoven,FC Zürich,NED,SUI,5,0,,,SEASON_ONLY
2022-06-30,2022,EUR_EL,,Arsenal FC,PSV Eindhoven,ENG,NED,1,0,,,SEASON_ONLY
2022-06-30,2022,EUR_EL,,PSV Eindhoven,Arsenal FC,NED,ENG,2,0,,,SEASON_ONLY
2022-06-30,2022,EUR_EL,,FC Zürich,FK Bodø/Glimt,SUI,NOR,2,1,,,SEASON_ONLY
2022-06-30,2022,EUR_EL,,Arsenal FC,FC Zürich,ENG,SUI,1,0,,,SEASON_ONLY
2022-06-30,2022,EUR_EL,,FK Bodø/Glimt,PSV Eindhoven,NOR,NED,1,2,,,SEASON_ONLY
2022-06-30,2022,EUR_EL,,Fenerbahçe,Dinamo Kiev,TUR,UKR,2,1,,,SEASON_ONLY
2022-06-30,2022,EUR_EL,,AEK Larnaca,Stade Rennais,CYP,FRA,1,2,,,SEASON_ONLY
2022-06-30,2022,EUR_EL,,Dinamo Kiev,AEK Larnaca,UKR,CYP,0,1,,,SEASON_ONLY
2022-06-30,2022,EUR_EL,,Stade Rennais,Fenerbahçe,FRA,TUR,2,2,,,SEASON_ONLY
2022-06-30,2022,EUR_EL,,Stade Rennais,Dinamo Kiev,FRA,UKR,2,1,,,SEASON_ONLY
2022-06-30,2022,EUR_EL,,Fenerbahçe,AEK Larnaca,TUR,CYP,2,0,,,SEASON_ONLY
2022-06-30,2022,EUR_EL,,Dinamo Kiev,Stade Rennais,UKR,FRA,0,1,,,SEASON_ONLY
2022-06-30,2022,EUR_EL,,AEK Larnaca,Fenerbahçe,CYP,TUR,1,2,,,SEASON_ONLY
2022-06-30,2022,EUR_EL,,AEK Larnaca,Dinamo Kiev,CYP,UKR,3,3,,,SEASON_ONLY
2022-06-30,2022,EUR_EL,,Fenerbahçe,Stade Rennais,TUR,FRA,3,3,,,SEASON_ONLY
2022-06-30,2022,EUR_EL,,Dinamo Kiev,Fenerbahçe,UKR,TUR,0,2,,,SEASON_ONLY
2022-06-30,2022,EUR_EL,,Stade Rennais,AEK Larnaca,FRA,CYP,1,1,,,SEASON_ONLY
2022-06-30,2022,EUR_EL,,PFC Ludogorets Razgrad,AS Roma,BUL,ITA,2,1,,,SEASON_ONLY
2022-06-30,2022,EUR_EL,,HJK Helsinki,Real Betis,FIN,ESP,0,2,,,SEASON_ONLY
2022-06-30,2022,EUR_EL,,AS Roma,HJK Helsinki,ITA,FIN,3,0,,,SEASON_ONLY
2022-06-30,2022,EUR_EL,,Real Betis,PFC Ludogorets Razgrad,ESP,BUL,3,2,,,SEASON_ONLY
2022-06-30,2022,EUR_EL,,HJK Helsinki,PFC Ludogorets Razgrad,FIN,BUL,1,1,,,SEASON_ONLY
2022-06-30,2022,EUR_EL,,AS Roma,Real Betis,ITA,ESP,1,2,,,SEASON_ONLY
2022-06-30,2022,EUR_EL,,Real Betis,AS Roma,ESP,ITA,1,1,,,SEASON_ONLY
2022-06-30,2022,EUR_EL,,PFC Ludogorets Razgrad,HJK Helsinki,BUL,FIN,2,0,,,SEASON_ONLY
2022-06-30,2022,EUR_EL,,PFC Ludogorets Razgrad,Real Betis,BUL,ESP,0,1,,,SEASON_ONLY
2022-06-30,2022,EUR_EL,,HJK Helsinki,AS Roma,FIN,ITA,1,2,,,SEASON_ONLY
2022-06-30,2022,EUR_EL,,AS Roma,PFC Ludogorets Razgrad,ITA,BUL,3,1,,,SEASON_ONLY
2022-06-30,2022,EUR_EL,,Real Betis,HJK Helsinki,ESP,FIN,3,0,,,SEASON_ONLY
2022-06-30,2022,EUR_EL,,Malmö FF,Sporting Braga,SWE,POR,0,2,,,SEASON_ONLY
2022-06-30,2022,EUR_EL,,1. FC Union Berlin,Union Saint-Gilloise,GER,BEL,0,1,,,SEASON_ONLY
2022-06-30,2022,EUR_EL,,Sporting Braga,1. FC Union Berlin,POR,GER,1,0,,,SEASON_ONLY
2022-06-30,2022,EUR_EL,,Union Saint-Gilloise,Malmö FF,BEL,SWE,3,2,,,SEASON_ONLY
2022-06-30,2022,EUR_EL,,Malmö FF,1. FC Union Berlin,SWE,GER,0,1,,,SEASON_ONLY
2022-06-30,2022,EUR_EL,,Sporting Braga,Union Saint-Gilloise,POR,BEL,1,2,,,SEASON_ONLY
2022-06-30,2022,EUR_EL,,Union Saint-Gilloise,Sporting Braga,BEL,POR,3,3,,,SEASON_ONLY
2022-06-30,2022,EUR_EL,,1. FC Union Berlin,Malmö FF,GER,SWE,1,0,,,SEASON_ONLY
2022-06-30,2022,EUR_EL,,1. FC Union Berlin,Sporting Braga,GER,POR,1,0,,,SEASON_ONLY
2022-06-30,2022,EUR_EL,,Malmö FF,Union Saint-Gilloise,SWE,BEL,0,2,,,SEASON_ONLY
2022-06-30,2022,EUR_EL,,Sporting Braga,Malmö FF,POR,SWE,2,1,,,SEASON_ONLY
2022-06-30,2022,EUR_EL,,Union Saint-Gilloise,1. FC Union Berlin,BEL,GER,0,1,,,SEASON_ONLY
2022-06-30,2022,EUR_EL,,Manchester United,Real Sociedad,ENG,ESP,0,1,,,SEASON_ONLY
2022-06-30,2022,EUR_EL,,Omonia Nikosia,FC Sheriff,CYP,MDA,0,3,,,SEASON_ONLY
2022-06-30,2022,EUR_EL,,Real Sociedad,Omonia Nikosia,ESP,CYP,2,1,,,SEASON_ONLY
2022-06-30,2022,EUR_EL,,FC Sheriff,Manchester United,MDA,ENG,0,2,,,SEASON_ONLY
2022-06-30,2022,EUR_EL,,FC Sheriff,Real Sociedad,MDA,ESP,0,2,,,SEASON_ONLY
2022-06-30,2022,EUR_EL,,Omonia Nikosia,Manchester United,CYP,ENG,2,3,,,SEASON_ONLY
2022-06-30,2022,EUR_EL,,Manchester United,Omonia Nikosia,ENG,CYP,1,0,,,SEASON_ONLY
2022-06-30,2022,EUR_EL,,Real Sociedad,FC Sheriff,ESP,MDA,3,0,,,SEASON_ONLY
2022-06-30,2022,EUR_EL,,Manchester United,FC Sheriff,ENG,MDA,3,0,,,SEASON_ONLY
2022-06-30,2022,EUR_EL,,Omonia Nikosia,Real Sociedad,CYP,ESP,0,2,,,SEASON_ONLY
2022-06-30,2022,EUR_EL,,FC Sheriff,Omonia Nikosia,MDA,CYP,1,0,,,SEASON_ONLY
2022-06-30,2022,EUR_EL,,Real Sociedad,Manchester United,ESP,ENG,0,1,,,SEASON_ONLY
2022-06-30,2022,EUR_EL,,Lazio Roma,Feyenoord,ITA,NED,4,2,,,SEASON_ONLY
2022-06-30,2022,EUR_EL,,Sturm Graz,FC Midtjylland,AUT,DEN,1,0,,,SEASON_ONLY
2022-06-30,2022,EUR_EL,,FC Midtjylland,Lazio Roma,DEN,ITA,5,1,,,SEASON_ONLY
2022-06-30,2022,EUR_EL,,Feyenoord,Sturm Graz,NED,AUT,6,0,,,SEASON_ONLY
2022-06-30,2022,EUR_EL,,Sturm Graz,Lazio Roma,AUT,ITA,0,0,,,SEASON_ONLY
2022-06-30,2022,EUR_EL,,FC Midtjylland,Feyenoord,DEN,NED,2,2,,,SEASON_ONLY
2022-06-30,2022,EUR_EL,,Feyenoord,FC Midtjylland,NED,DEN,2,2,,,SEASON_ONLY
2022-06-30,2022,EUR_EL,,Lazio Roma,Sturm Graz,ITA,AUT,2,2,,,SEASON_ONLY
2022-06-30,2022,EUR_EL,,Lazio Roma,FC Midtjylland,ITA,DEN,2,1,,,SEASON_ONLY
2022-06-30,2022,EUR_EL,,Sturm Graz,Feyenoord,AUT,NED,1,0,,,SEASON_ONLY
2022-06-30,2022,EUR_EL,,Feyenoord,Lazio Roma,NED,ITA,1,0,,,SEASON_ONLY
2022-06-30,2022,EUR_EL,,FC Midtjylland,Sturm Graz,DEN,AUT,2,0,,,SEASON_ONLY
2022-06-30,2022,EUR_EL,,FC Nantes,Olympiakos Piraeus,FRA,GRE,2,1,,,SEASON_ONLY
2022-06-30,2022,EUR_EL,,SC Freiburg,Qarabağ FK,GER,AZE,2,1,,,SEASON_ONLY
2022-06-30,2022,EUR_EL,,Olympiakos Piraeus,SC Freiburg,GRE,GER,0,3,,,SEASON_ONLY
2022-06-30,2022,EUR_EL,,Qarabağ FK,FC Nantes,AZE,FRA,3,0,,,SEASON_ONLY
2022-06-30,2022,EUR_EL,,Olympiakos Piraeus,Qarabağ FK,GRE,AZE,0,3,,,SEASON_ONLY
2022-06-30,2022,EUR_EL,,SC Freiburg,FC Nantes,GER,FRA,2,0,,,SEASON_ONLY
2022-06-30,2022,EUR_EL,,Qarabağ FK,Olympiakos Piraeus,AZE,GRE,0,0,,,SEASON_ONLY
2022-06-30,2022,EUR_EL,,FC Nantes,SC Freiburg,FRA,GER,0,4,,,SEASON_ONLY
2022-06-30,2022,EUR_EL,,SC Freiburg,Olympiakos Piraeus,GER,GRE,1,1,,,SEASON_ONLY
2022-06-30,2022,EUR_EL,,FC Nantes,Qarabağ FK,FRA,AZE,2,1,,,SEASON_ONLY
2022-06-30,2022,EUR_EL,,Olympiakos Piraeus,FC Nantes,GRE,FRA,0,2,,,SEASON_ONLY
2022-06-30,2022,EUR_EL,,Qarabağ FK,SC Freiburg,AZE,GER,1,1,,,SEASON_ONLY
2022-06-30,2022,EUR_EL,,Crvena Zvezda,AS Monaco,SRB,FRA,0,1,,,SEASON_ONLY
2022-06-30,2022,EUR_EL,,Ferencvárosi TC,Trabzonspor,HUN,TUR,3,2,,,SEASON_ONLY
2022-06-30,2022,EUR_EL,,Trabzonspor,Crvena Zvezda,TUR,SRB,2,1,,,SEASON_ONLY
2022-06-30,2022,EUR_EL,,AS Monaco,Ferencvárosi TC,FRA,HUN,0,1,,,SEASON_ONLY
2022-06-30,2022,EUR_EL,,Crvena Zvezda,Ferencvárosi TC,SRB,HUN,4,1,,,SEASON_ONLY
2022-06-30,2022,EUR_EL,,AS Monaco,Trabzonspor,FRA,TUR,3,1,,,SEASON_ONLY
2022-06-30,2022,EUR_EL,,Ferencvárosi TC,Crvena Zvezda,HUN,SRB,2,1,,,SEASON_ONLY
2022-06-30,2022,EUR_EL,,Trabzonspor,AS Monaco,TUR,FRA,4,0,,,SEASON_ONLY
2022-06-30,2022,EUR_EL,,Crvena Zvezda,Trabzonspor,SRB,TUR,2,1,,,SEASON_ONLY
2022-06-30,2022,EUR_EL,,Ferencvárosi TC,AS Monaco,HUN,FRA,1,1,,,SEASON_ONLY
2022-06-30,2022,EUR_EL,,AS Monaco,Crvena Zvezda,FRA,SRB,4,1,,,SEASON_ONLY
2022-06-30,2022,EUR_EL,,Trabzonspor,Ferencvárosi TC,TUR,HUN,1,0,,,SEASON_ONLY
2022-06-30,2022,EUR_EL,,FC Barcelona,Manchester United,ESP,ENG,2,2,,,SEASON_ONLY
2022-06-30,2022,EUR_EL,,Shakhtar Donetsk,Stade Rennais,UKR,FRA,2,1,,,SEASON_ONLY
2022-06-30,2022,EUR_EL,,AFC Ajax,1. FC Union Berlin,NED,GER,0,0,,,SEASON_ONLY
2022-06-30,2022,EUR_EL,,RB Salzburg,AS Roma,AUT,ITA,1,0,,,SEASON_ONLY
2022-06-30,2022,EUR_EL,,Juventus,FC Nantes,ITA,FRA,1,1,,,SEASON_ONLY
2022-06-30,2022,EUR_EL,,Sporting CP,FC Midtjylland,POR,DEN,1,1,,,SEASON_ONLY
2022-06-30,2022,EUR_EL,,Bayer Leverkusen,AS Monaco,GER,FRA,2,3,,,SEASON_ONLY
2022-06-30,2022,EUR_EL,,Sevilla FC,PSV Eindhoven,ESP,NED,3,0,,,SEASON_ONLY
2022-06-30,2022,EUR_EL,,FC Nantes,Juventus,FRA,ITA,0,3,,,SEASON_ONLY
2022-06-30,2022,EUR_EL,,FC Midtjylland,Sporting CP,DEN,POR,0,4,,,SEASON_ONLY
2022-06-30,2022,EUR_EL,,AS Monaco,Bayer Leverkusen,FRA,GER,3,5,,,SEASON_ONLY
2022-06-30,2022,EUR_EL,,PSV Eindhoven,Sevilla FC,NED,ESP,2,0,,,SEASON_ONLY
2022-06-30,2022,EUR_EL,,Manchester United,FC Barcelona,ENG,ESP,2,1,,,SEASON_ONLY
2022-06-30,2022,EUR_EL,,Stade Rennais,Shakhtar Donetsk,FRA,UKR,4,5,,,SEASON_ONLY
2022-06-30,2022,EUR_EL,,1. FC Union Berlin,AFC Ajax,GER,NED,3,1,,,SEASON_ONLY
2022-06-30,2022,EUR_EL,,AS Roma,RB Salzburg,ITA,AUT,2,0,,,SEASON_ONLY
2022-06-30,2022,EUR_EL,,1. FC Union Berlin,Union Saint-Gilloise,GER,BEL,3,3,,,SEASON_ONLY
2022-06-30,2022,EUR_EL,,Bayer Leverkusen,Ferencvárosi TC,GER,HUN,2,0,,,SEASON_ONLY
2022-06-30,2022,EUR_EL,,Sporting CP,Arsenal FC,POR,ENG,2,2,,,SEASON_ONLY
2022-06-30,2022,EUR_EL,,AS Roma,Real Sociedad,ITA,ESP,2,0,,,SEASON_ONLY
2022-06-30,2022,EUR_EL,,Sevilla FC,Fenerbahçe,ESP,TUR,2,0,,,SEASON_ONLY
2022-06-30,2022,EUR_EL,,Juventus,SC Freiburg,ITA,GER,1,0,,,SEASON_ONLY
2022-06-30,2022,EUR_EL,,Manchester United,Real Betis,ENG,ESP,4,1,,,SEASON_ONLY
2022-06-30,2022,EUR_EL,,Shakhtar Donetsk,Feyenoord,UKR,NED,1,1,,,SEASON_ONLY
2022-06-30,2022,EUR_EL,,Fenerbahçe,Sevilla FC,TUR,ESP,1,0,,,SEASON_ONLY
2022-06-30,2022,EUR_EL,,SC Freiburg,Juventus,GER,ITA,0,2,,,SEASON_ONLY
2022-06-30,2022,EUR_EL,,Real Betis,Manchester United,ESP,ENG,0,1,,,SEASON_ONLY
2022-06-30,2022,EUR_EL,,Feyenoord,Shakhtar Donetsk,NED,UKR,7,1,,,SEASON_ONLY
2022-06-30,2022,EUR_EL,,Union Saint-Gilloise,1. FC Union Berlin,BEL,GER,3,0,,,SEASON_ONLY
2022-06-30,2022,EUR_EL,,Ferencvárosi TC,Bayer Leverkusen,HUN,GER,0,2,,,SEASON_ONLY
2022-06-30,2022,EUR_EL,,Arsenal FC,Sporting CP,ENG,POR,3,5,,,SEASON_ONLY
2022-06-30,2022,EUR_EL,,Real Sociedad,AS Roma,ESP,ITA,0,0,,,SEASON_ONLY
2022-06-30,2022,EUR_EL,,Feyenoord,AS Roma,NED,ITA,1,0,,,SEASON_ONLY
2022-06-30,2022,EUR_EL,,Manchester United,Sevilla FC,ENG,ESP,2,2,,,SEASON_ONLY
2022-06-30,2022,EUR_EL,,Juventus,Sporting CP,ITA,POR,1,0,,,SEASON_ONLY
2022-06-30,2022,EUR_EL,,Bayer Leverkusen,Union Saint-Gilloise,GER,BEL,1,1,,,SEASON_ONLY
2022-06-30,2022,EUR_EL,,Sevilla FC,Manchester United,ESP,ENG,3,0,,,SEASON_ONLY
2022-06-30,2022,EUR_EL,,Sporting CP,Juventus,POR,ITA,1,1,,,SEASON_ONLY
2022-06-30,2022,EUR_EL,,Union Saint-Gilloise,Bayer Leverkusen,BEL,GER,1,4,,,SEASON_ONLY
2022-06-30,2022,EUR_EL,,AS Roma,Feyenoord,ITA,NED,4,1,,,SEASON_ONLY
2022-06-30,2022,EUR_EL,,Juventus,Sevilla FC,ITA,ESP,1,1,,,SEASON_ONLY
2022-06-30,2022,EUR_EL,,AS Roma,Bayer Leverkusen,ITA,GER,1,0,,,SEASON_ONLY
2022-06-30,2022,EUR_EL,,Sevilla FC,Juventus,ESP,ITA,2,1,,,SEASON_ONLY
2022-06-30,2022,EUR_EL,,Bayer Leverkusen,AS Roma,GER,ITA,0,0,,,SEASON_ONLY
2022-06-30,2022,EUR_EL,,Sevilla FC,AS Roma,ESP,ITA,4,1,,,SEASON_ONLY
2023-06-30,2023,EUR_CL,,AC Milan,Newcastle United FC,ITA,ENG,0,0,,,SEASON_ONLY
2023-06-30,2023,EUR_CL,,BSC Young Boys,RB Leipzig,SUI,GER,1,3,,,SEASON_ONLY
2023-06-30,2023,EUR_CL,,SS Lazio,Club Atlético de Madrid,ITA,ESP,1,1,,,SEASON_ONLY
2023-06-30,2023,EUR_CL,,Feyenoord Rotterdam,Celtic FC,NED,SCO,2,0,,,SEASON_ONLY
2023-06-30,2023,EUR_CL,,Paris Saint-Germain FC,Borussia Dortmund,FRA,GER,2,0,,,SEASON_ONLY
2023-06-30,2023,EUR_CL,,Manchester City FC,FK Crvena Zvezda,ENG,SRB,3,1,,,SEASON_ONLY
2023-06-30,2023,EUR_CL,,FC Barcelona,Royal Antwerp FC,ESP,BEL,5,0,,,SEASON_ONLY
2023-06-30,2023,EUR_CL,,FK Shakhtar Donetsk,FC Porto,UKR,POR,1,3,,,SEASON_ONLY
2023-06-30,2023,EUR_CL,,Real Madrid CF,1. FC Union Berlin,ESP,GER,1,0,,,SEASON_ONLY
2023-06-30,2023,EUR_CL,,Galatasaray SK,FC København,TUR,DEN,2,2,,,SEASON_ONLY
2023-06-30,2023,EUR_CL,,Sevilla FC,Racing Club de Lens,ESP,FRA,1,1,,,SEASON_ONLY
2023-06-30,2023,EUR_CL,,Sporting Clube de Braga,SSC Napoli,POR,ITA,1,2,,,SEASON_ONLY
2023-06-30,2023,EUR_CL,,Real Sociedad de Fútbol,FC Internazionale Milano,ESP,ITA,1,1,,,SEASON_ONLY
2023-06-30,2023,EUR_CL,,Sport Lisboa e Benfica,FC Red Bull Salzburg,POR,AUT,0,2,,,SEASON_ONLY
2023-06-30,2023,EUR_CL,,FC Bayern München,Manchester United FC,GER,ENG,4,3,,,SEASON_ONLY
2023-06-30,2023,EUR_CL,,Arsenal FC,PSV,ENG,NED,4,0,,,SEASON_ONLY
2023-06-30,2023,EUR_CL,,1. FC Union Berlin,Sporting Clube de Braga,GER,POR,2,3,,,SEASON_ONLY
2023-06-30,2023,EUR_CL,,FC Red Bull Salzburg,Real Sociedad de Fútbol,AUT,ESP,0,2,,,SEASON_ONLY
2023-06-30,2023,EUR_CL,,SSC Napoli,Real Madrid CF,ITA,ESP,2,3,,,SEASON_ONLY
2023-06-30,2023,EUR_CL,,FC Internazionale Milano,Sport Lisboa e Benfica,ITA,POR,1,0,,,SEASON_ONLY
2023-06-30,2023,EUR_CL,,FC København,FC Bayern München,DEN,GER,1,2,,,SEASON_ONLY
2023-06-30,2023,EUR_CL,,Manchester United FC,Galatasaray SK,ENG,TUR,2,3,,,SEASON_ONLY
2023-06-30,2023,EUR_CL,,Racing Club de Lens,Arsenal FC,FRA,ENG,2,1,,,SEASON_ONLY
2023-06-30,2023,EUR_CL,,PSV,Sevilla FC,NED,ESP,2,2,,,SEASON_ONLY
2023-06-30,2023,EUR_CL,,Club Atlético de Madrid,Feyenoord Rotterdam,ESP,NED,3,2,,,SEASON_ONLY
2023-06-30,2023,EUR_CL,,Royal Antwerp FC,FK Shakhtar Donetsk,BEL,UKR,2,3,,,SEASON_ONLY
2023-06-30,2023,EUR_CL,,Celtic FC,SS Lazio,SCO,ITA,1,2,,,SEASON_ONLY
2023-06-30,2023,EUR_CL,,Borussia Dortmund,AC Milan,GER,ITA,0,0,,,SEASON_ONLY
2023-06-30,2023,EUR_CL,,Newcastle United FC,Paris Saint-Germain FC,ENG,FRA,4,1,,,SEASON_ONLY
2023-06-30,2023,EUR_CL,,FK Crvena Zvezda,BSC Young Boys,SRB,SUI,2,2,,,SEASON_ONLY
2023-06-30,2023,EUR_CL,,RB Leipzig,Manchester City FC,GER,ENG,1,3,,,SEASON_ONLY
2023-06-30,2023,EUR_CL,,FC Porto,FC Barcelona,POR,ESP,0,1,,,SEASON_ONLY
2023-06-30,2023,EUR_CL,,FC Internazionale Milano,FC Red Bull Salzburg,ITA,AUT,2,1,,,SEASON_ONLY
2023-06-30,2023,EUR_CL,,Galatasaray SK,FC Bayern München,TUR,GER,1,3,,,SEASON_ONLY
2023-06-30,2023,EUR_CL,,1. FC Union Berlin,SSC Napoli,GER,ITA,0,1,,,SEASON_ONLY
2023-06-30,2023,EUR_CL,,Sporting Clube de Braga,Real Madrid CF,POR,ESP,1,2,,,SEASON_ONLY
2023-06-30,2023,EUR_CL,,Sport Lisboa e Benfica,Real Sociedad de Fútbol,POR,ESP,0,1,,,SEASON_ONLY
2023-06-30,2023,EUR_CL,,Manchester United FC,FC København,ENG,DEN,1,0,,,SEASON_ONLY
2023-06-30,2023,EUR_CL,,Sevilla FC,Arsenal FC,ESP,ENG,1,2,,,SEASON_ONLY
2023-06-30,2023,EUR_CL,,Racing Club de Lens,PSV,FRA,NED,1,1,,,SEASON_ONLY
2023-06-30,2023,EUR_CL,,Feyenoord Rotterdam,SS Lazio,NED,ITA,3,1,,,SEASON_ONLY
2023-06-30,2023,EUR_CL,,FC Barcelona,FK Shakhtar Donetsk,ESP,UKR,2,1,,,SEASON_ONLY
2023-06-30,2023,EUR_CL,,Celtic FC,Club Atlético de Madrid,SCO,ESP,2,2,,,SEASON_ONLY
2023-06-30,2023,EUR_CL,,Paris Saint-Germain FC,AC Milan,FRA,ITA,3,0,,,SEASON_ONLY
2023-06-30,2023,EUR_CL,,Newcastle United FC,Borussia Dortmund,ENG,GER,0,1,,,SEASON_ONLY
2023-06-30,2023,EUR_CL,,BSC Young Boys,Manchester City FC,SUI,ENG,1,3,,,SEASON_ONLY
2023-06-30,2023,EUR_CL,,RB Leipzig,FK Crvena Zvezda,GER,SRB,3,1,,,SEASON_ONLY
2023-06-30,2023,EUR_CL,,Royal Antwerp FC,FC Porto,BEL,POR,1,4,,,SEASON_ONLY
2023-06-30,2023,EUR_CL,,Borussia Dortmund,Newcastle United FC,GER,ENG,2,0,,,SEASON_ONLY
2023-06-30,2023,EUR_CL,,FK Shakhtar Donetsk,FC Barcelona,UKR,ESP,1,0,,,SEASON_ONLY
2023-06-30,2023,EUR_CL,,Club Atlético de Madrid,Celtic FC,ESP,SCO,6,0,,,SEASON_ONLY
2023-06-30,2023,EUR_CL,,SS Lazio,Feyenoord Rotterdam,ITA,NED,1,0,,,SEASON_ONLY
2023-06-30,2023,EUR_CL,,AC Milan,Paris Saint-Germain FC,ITA,FRA,2,1,,,SEASON_ONLY
2023-06-30,2023,EUR_CL,,Manchester City FC,BSC Young Boys,ENG,SUI,3,0,,,SEASON_ONLY
2023-06-30,2023,EUR_CL,,FK Crvena Zvezda,RB Leipzig,SRB,GER,1,2,,,SEASON_ONLY
2023-06-30,2023,EUR_CL,,FC Porto,Royal Antwerp FC,POR,BEL,2,0,,,SEASON_ONLY
2023-06-30,2023,EUR_CL,,SSC Napoli,1. FC Union Berlin,ITA,GER,1,1,,,SEASON_ONLY
2023-06-30,2023,EUR_CL,,Real Sociedad de Fútbol,Sport Lisboa e Benfica,ESP,POR,3,1,,,SEASON_ONLY
2023-06-30,2023,EUR_CL,,Real Madrid CF,Sporting Clube de Braga,ESP,POR,3,0,,,SEASON_ONLY
2023-06-30,2023,EUR_CL,,FC Red Bull Salzburg,FC Internazionale Milano,AUT,ITA,0,1,,,SEASON_ONLY
2023-06-30,2023,EUR_CL,,FC Bayern München,Galatasaray SK,GER,TUR,2,1,,,SEASON_ONLY
2023-06-30,2023,EUR_CL,,FC København,Manchester United FC,DEN,ENG,4,3,,,SEASON_ONLY
2023-06-30,2023,EUR_CL,,Arsenal FC,Sevilla FC,ENG,ESP,2,0,,,SEASON_ONLY
2023-06-30,2023,EUR_CL,,PSV,Racing Club de Lens,NED,FRA,1,0,,,SEASON_ONLY
2023-06-30,2023,EUR_CL,,SS Lazio,Celtic FC,ITA,SCO,2,0,,,SEASON_ONLY
2023-06-30,2023,EUR_CL,,FK Shakhtar Donetsk,Royal Antwerp FC,UKR,BEL,1,0,,,SEASON_ONLY
2023-06-30,2023,EUR_CL,,Feyenoord Rotterdam,Club Atlético de Madrid,NED,ESP,1,3,,,SEASON_ONLY
2023-06-30,2023,EUR_CL,,AC Milan,Borussia Dortmund,ITA,GER,1,3,,,SEASON_ONLY
2023-06-30,2023,EUR_CL,,Paris Saint-Germain FC,Newcastle United FC,FRA,ENG,1,1,,,SEASON_ONLY
2023-06-30,2023,EUR_CL,,BSC Young Boys,FK Crvena Zvezda,SUI,SRB,2,0,,,SEASON_ONLY
2023-06-30,2023,EUR_CL,,Manchester City FC,RB Leipzig,ENG,GER,3,2,,,SEASON_ONLY
2023-06-30,2023,EUR_CL,,FC Barcelona,FC Porto,ESP,POR,2,1,,,SEASON_ONLY
2023-06-30,2023,EUR_CL,,Galatasaray SK,Manchester United FC,TUR,ENG,3,3,,,SEASON_ONLY
2023-06-30,2023,EUR_CL,,Sevilla FC,PSV,ESP,NED,2,3,,,SEASON_ONLY
2023-06-30,2023,EUR_CL,,Sporting Clube de Braga,1. FC Union Berlin,POR,GER,1,1,,,SEASON_ONLY
2023-06-30,2023,EUR_CL,,Real Madrid CF,SSC Napoli,ESP,ITA,4,2,,,SEASON_ONLY
2023-06-30,2023,EUR_CL,,Sport Lisboa e Benfica,FC Internazionale Milano,POR,ITA,3,3,,,SEASON_ONLY
2023-06-30,2023,EUR_CL,,Real Sociedad de Fútbol,FC Red Bull Salzburg,ESP,AUT,0,0,,,SEASON_ONLY
2023-06-30,2023,EUR_CL,,FC Bayern München,FC København,GER,DEN,0,0,,,SEASON_ONLY
2023-06-30,2023,EUR_CL,,Arsenal FC,Racing Club de Lens,ENG,FRA,6,0,,,SEASON_ONLY
2023-06-30,2023,EUR_CL,,PSV,Arsenal FC,NED,ENG,1,1,,,SEASON_ONLY
2023-06-30,2023,EUR_CL,,Racing Club de Lens,Sevilla FC,FRA,ESP,2,1,,,SEASON_ONLY
2023-06-30,2023,EUR_CL,,1. FC Union Berlin,Real Madrid CF,GER,ESP,2,3,,,SEASON_ONLY
2023-06-30,2023,EUR_CL,,SSC Napoli,Sporting Clube de Braga,ITA,POR,2,0,,,SEASON_ONLY
2023-06-30,2023,EUR_CL,,FC Internazionale Milano,Real Sociedad de Fútbol,ITA,ESP,0,0,,,SEASON_ONLY
2023-06-30,2023,EUR_CL,,FC Red Bull Salzburg,Sport Lisboa e Benfica,AUT,POR,1,3,,,SEASON_ONLY
2023-06-30,2023,EUR_CL,,Manchester United FC,FC Bayern München,ENG,GER,0,1,,,SEASON_ONLY
2023-06-30,2023,EUR_CL,,FC København,Galatasaray SK,DEN,TUR,1,0,,,SEASON_ONLY
2023-06-30,2023,EUR_CL,,RB Leipzig,BSC Young Boys,GER,SUI,2,1,,,SEASON_ONLY
2023-06-30,2023,EUR_CL,,FK Crvena Zvezda,Manchester City FC,SRB,ENG,2,3,,,SEASON_ONLY
2023-06-30,2023,EUR_CL,,Club Atlético de Madrid,SS Lazio,ESP,ITA,2,0,,,SEASON_ONLY
2023-06-30,2023,EUR_CL,,Celtic FC,Feyenoord Rotterdam,SCO,NED,2,1,,,SEASON_ONLY
2023-06-30,2023,EUR_CL,,Newcastle United FC,AC Milan,ENG,ITA,1,2,,,SEASON_ONLY
2023-06-30,2023,EUR_CL,,Borussia Dortmund,Paris Saint-Germain FC,GER,FRA,1,1,,,SEASON_ONLY
2023-06-30,2023,EUR_CL,,Royal Antwerp FC,FC Barcelona,BEL,ESP,3,2,,,SEASON_ONLY
2023-06-30,2023,EUR_CL,,FC Porto,FK Shakhtar Donetsk,POR,UKR,5,3,,,SEASON_ONLY
2023-06-30,2023,EUR_CL,,FC København,Manchester City FC,DEN,ENG,1,3,,,SEASON_ONLY
2023-06-30,2023,EUR_CL,,RB Leipzig,Real Madrid CF,GER,ESP,0,1,,,SEASON_ONLY
2023-06-30,2023,EUR_CL,,Paris Saint-Germain FC,Real Sociedad de Fútbol,FRA,ESP,2,0,,,SEASON_ONLY
2023-06-30,2023,EUR_CL,,SS Lazio,FC Bayern München,ITA,GER,1,0,,,SEASON_ONLY
2023-06-30,2023,EUR_CL,,FC Internazionale Milano,Club Atlético de Madrid,ITA,ESP,1,0,,,SEASON_ONLY
2023-06-30,2023,EUR_CL,,PSV,Borussia Dortmund,NED,GER,1,1,,,SEASON_ONLY
2023-06-30,2023,EUR_CL,,FC Porto,Arsenal FC,POR,ENG,1,0,,,SEASON_ONLY
2023-06-30,2023,EUR_CL,,SSC Napoli,FC Barcelona,ITA,ESP,1,1,,,SEASON_ONLY
2023-06-30,2023,EUR_CL,,Real Sociedad de Fútbol,Paris Saint-Germain FC,ESP,FRA,1,2,,,SEASON_ONLY
2023-06-30,2023,EUR_CL,,FC Bayern München,SS Lazio,GER,ITA,3,0,,,SEASON_ONLY
2023-06-30,2023,EUR_CL,,Manchester City FC,FC København,ENG,DEN,3,1,,,SEASON_ONLY
2023-06-30,2023,EUR_CL,,Real Madrid CF,RB Leipzig,ESP,GER,1,1,,,SEASON_ONLY
2023-06-30,2023,EUR_CL,,Arsenal FC,FC Porto,ENG,POR,4,2,,,SEASON_ONLY
2023-06-30,2023,EUR_CL,,FC Barcelona,SSC Napoli,ESP,ITA,3,1,,,SEASON_ONLY
2023-06-30,2023,EUR_CL,,Club Atlético de Madrid,FC Internazionale Milano,ESP,ITA,3,2,,,SEASON_ONLY
2023-06-30,2023,EUR_CL,,Borussia Dortmund,PSV,GER,NED,2,0,,,SEASON_ONLY
2023-06-30,2023,EUR_CL,,Arsenal FC,FC Bayern München,ENG,GER,2,2,,,SEASON_ONLY
2023-06-30,2023,EUR_CL,,Real Madrid CF,Manchester City FC,ESP,ENG,3,3,,,SEASON_ONLY
2023-06-30,2023,EUR_CL,,Club Atlético de Madrid,Borussia Dortmund,ESP,GER,2,1,,,SEASON_ONLY
2023-06-30,2023,EUR_CL,,Paris Saint-Germain FC,FC Barcelona,FRA,ESP,2,3,,,SEASON_ONLY
2023-06-30,2023,EUR_CL,,Borussia Dortmund,Club Atlético de Madrid,GER,ESP,4,2,,,SEASON_ONLY
2023-06-30,2023,EUR_CL,,FC Barcelona,Paris Saint-Germain FC,ESP,FRA,1,4,,,SEASON_ONLY
2023-06-30,2023,EUR_CL,,FC Bayern München,Arsenal FC,GER,ENG,1,0,,,SEASON_ONLY
2023-06-30,2023,EUR_CL,,Manchester City FC,Real Madrid CF,ENG,ESP,3,4,,,SEASON_ONLY
2023-06-30,2023,EUR_CL,,FC Bayern München,Real Madrid CF,GER,ESP,2,2,,,SEASON_ONLY
2023-06-30,2023,EUR_CL,,Borussia Dortmund,Paris Saint-Germain FC,GER,FRA,1,0,,,SEASON_ONLY
2023-06-30,2023,EUR_CL,,Paris Saint-Germain FC,Borussia Dortmund,FRA,GER,0,1,,,SEASON_ONLY
2023-06-30,2023,EUR_CL,,Real Madrid CF,FC Bayern München,ESP,GER,2,1,,,SEASON_ONLY
2023-06-30,2023,EUR_CL,,Borussia Dortmund,Real Madrid CF,GER,ESP,0,2,,,SEASON_ONLY
2023-06-30,2023,EUR_CONF,,Lille OSC,Olimpija Ljubljana,FRA,SVN,2,0,,,SEASON_ONLY
2023-06-30,2023,EUR_CONF,,Slovan Bratislava,KÍ Klaksvík,SVK,FRO,2,1,,,SEASON_ONLY
2023-06-30,2023,EUR_CONF,,KÍ Klaksvík,Lille OSC,FRO,FRA,0,0,,,SEASON_ONLY
2023-06-30,2023,EUR_CONF,,Olimpija Ljubljana,Slovan Bratislava,SVN,SVK,0,1,,,SEASON_ONLY
2023-06-30,2023,EUR_CONF,,KÍ Klaksvík,Olimpija Ljubljana,FRO,SVN,3,0,,,SEASON_ONLY
2023-06-30,2023,EUR_CONF,,Lille OSC,Slovan Bratislava,FRA,SVK,2,1,,,SEASON_ONLY
2023-06-30,2023,EUR_CONF,,Olimpija Ljubljana,KÍ Klaksvík,SVN,FRO,2,0,,,SEASON_ONLY
2023-06-30,2023,EUR_CONF,,Slovan Bratislava,Lille OSC,SVK,FRA,1,1,,,SEASON_ONLY
2023-06-30,2023,EUR_CONF,,KÍ Klaksvík,Slovan Bratislava,FRO,SVK,1,2,,,SEASON_ONLY
2023-06-30,2023,EUR_CONF,,Olimpija Ljubljana,Lille OSC,SVN,FRA,0,2,,,SEASON_ONLY
2023-06-30,2023,EUR_CONF,,Lille OSC,KÍ Klaksvík,FRA,FRO,3,0,,,SEASON_ONLY
2023-06-30,2023,EUR_CONF,,Slovan Bratislava,Olimpija Ljubljana,SVK,SVN,1,2,,,SEASON_ONLY
2023-06-30,2023,EUR_CONF,,Maccabi Tel Aviv,Breiðablik,ISR,ISL,3,2,,,SEASON_ONLY
2023-06-30,2023,EUR_CONF,,Zorya Lugansk,KAA Gent,UKR,BEL,1,1,,,SEASON_ONLY
2023-06-30,2023,EUR_CONF,,Breiðablik,Zorya Lugansk,ISL,UKR,0,1,,,SEASON_ONLY
2023-06-30,2023,EUR_CONF,,KAA Gent,Maccabi Tel Aviv,BEL,ISR,2,0,,,SEASON_ONLY
2023-06-30,2023,EUR_CONF,,KAA Gent,Breiðablik,BEL,ISL,5,0,,,SEASON_ONLY
2023-06-30,2023,EUR_CONF,,Breiðablik,KAA Gent,ISL,BEL,2,3,,,SEASON_ONLY
2023-06-30,2023,EUR_CONF,,Zorya Lugansk,Maccabi Tel Aviv,UKR,ISR,1,3,,,SEASON_ONLY
2023-06-30,2023,EUR_CONF,,Maccabi Tel Aviv,Zorya Lugansk,ISR,UKR,3,2,,,SEASON_ONLY
2023-06-30,2023,EUR_CONF,,Breiðablik,Maccabi Tel Aviv,ISL,ISR,1,2,,,SEASON_ONLY
2023-06-30,2023,EUR_CONF,,KAA Gent,Zorya Lugansk,BEL,UKR,4,1,,,SEASON_ONLY
2023-06-30,2023,EUR_CONF,,Maccabi Tel Aviv,KAA Gent,ISR,BEL,3,1,,,SEASON_ONLY
2023-06-30,2023,EUR_CONF,,Zorya Lugansk,Breiðablik,UKR,ISL,4,0,,,SEASON_ONLY
2023-06-30,2023,EUR_CONF,,Dinamo Zagreb,FK Astana,CRO,KAZ,5,1,,,SEASON_ONLY
2023-06-30,2023,EUR_CONF,,Viktoria Plzeň,KF Ballkani,CZE,KOS,1,0,,,SEASON_ONLY
2023-06-30,2023,EUR_CONF,,FK Astana,Viktoria Plzeň,KAZ,CZE,1,2,,,SEASON_ONLY
2023-06-30,2023,EUR_CONF,,KF Ballkani,Dinamo Zagreb,KOS,CRO,2,0,,,SEASON_ONLY
2023-06-30,2023,EUR_CONF,,KF Ballkani,FK Astana,KOS,KAZ,1,2,,,SEASON_ONLY
2023-06-30,2023,EUR_CONF,,Dinamo Zagreb,Viktoria Plzeň,CRO,CZE,0,1,,,SEASON_ONLY
2023-06-30,2023,EUR_CONF,,FK Astana,KF Ballkani,KAZ,KOS,0,0,,,SEASON_ONLY
2023-06-30,2023,EUR_CONF,,Viktoria Plzeň,Dinamo Zagreb,CZE,CRO,1,0,,,SEASON_ONLY
2023-06-30,2023,EUR_CONF,,FK Astana,Dinamo Zagreb,KAZ,CRO,0,2,,,SEASON_ONLY
2023-06-30,2023,EUR_CONF,,KF Ballkani,Viktoria Plzeň,KOS,CZE,0,1,,,SEASON_ONLY
2023-06-30,2023,EUR_CONF,,Dinamo Zagreb,KF Ballkani,CRO,KOS,3,0,,,SEASON_ONLY
2023-06-30,2023,EUR_CONF,,Viktoria Plzeň,FK Astana,CZE,KAZ,3,0,,,SEASON_ONLY
2023-06-30,2023,EUR_CONF,,Club Brugge KV,Beşiktaş,BEL,TUR,1,1,,,SEASON_ONLY
2023-06-30,2023,EUR_CONF,,FC Lugano,FK Bodø/Glimt,SUI,NOR,0,0,,,SEASON_ONLY
2023-06-30,2023,EUR_CONF,,Beşiktaş,FC Lugano,TUR,SUI,2,3,,,SEASON_ONLY
2023-06-30,2023,EUR_CONF,,FK Bodø/Glimt,Club Brugge KV,NOR,BEL,0,1,,,SEASON_ONLY
2023-06-30,2023,EUR_CONF,,FC Lugano,Club Brugge KV,SUI,BEL,1,3,,,SEASON_ONLY
2023-06-30,2023,EUR_CONF,,FK Bodø/Glimt,Beşiktaş,NOR,TUR,3,1,,,SEASON_ONLY
2023-06-30,2023,EUR_CONF,,Beşiktaş,FK Bodø/Glimt,TUR,NOR,1,2,,,SEASON_ONLY
2023-06-30,2023,EUR_CONF,,Club Brugge KV,FC Lugano,BEL,SUI,2,0,,,SEASON_ONLY
2023-06-30,2023,EUR_CONF,,Beşiktaş,Club Brugge KV,TUR,BEL,0,5,,,SEASON_ONLY
2023-06-30,2023,EUR_CONF,,FK Bodø/Glimt,FC Lugano,NOR,SUI,5,2,,,SEASON_ONLY
2023-06-30,2023,EUR_CONF,,Club Brugge KV,FK Bodø/Glimt,BEL,NOR,3,1,,,SEASON_ONLY
2023-06-30,2023,EUR_CONF,,FC Lugano,Beşiktaş,SUI,TUR,0,2,,,SEASON_ONLY
2023-06-30,2023,EUR_CONF,,Legia Warszawa,Aston Villa,POL,ENG,3,2,,,SEASON_ONLY
2023-06-30,2023,EUR_CONF,,Zrinjski Mostar,AZ Alkmaar,BIH,NED,4,3,,,SEASON_ONLY
2023-06-30,2023,EUR_CONF,,Aston Villa,Zrinjski Mostar,ENG,BIH,1,0,,,SEASON_ONLY
2023-06-30,2023,EUR_CONF,,AZ Alkmaar,Legia Warszawa,NED,POL,1,0,,,SEASON_ONLY
2023-06-30,2023,EUR_CONF,,AZ Alkmaar,Aston Villa,NED,ENG,1,4,,,SEASON_ONLY
2023-06-30,2023,EUR_CONF,,Zrinjski Mostar,Legia Warszawa,BIH,POL,1,2,,,SEASON_ONLY
2023-06-30,2023,EUR_CONF,,Legia Warszawa,Zrinjski Mostar,POL,BIH,2,0,,,SEASON_ONLY
2023-06-30,2023,EUR_CONF,,Aston Villa,AZ Alkmaar,ENG,NED,2,1,,,SEASON_ONLY
2023-06-30,2023,EUR_CONF,,AZ Alkmaar,Zrinjski Mostar,NED,BIH,1,0,,,SEASON_ONLY
2023-06-30,2023,EUR_CONF,,Aston Villa,Legia Warszawa,ENG,POL,2,1,,,SEASON_ONLY
2023-06-30,2023,EUR_CONF,,Legia Warszawa,AZ Alkmaar,POL,NED,2,0,,,SEASON_ONLY
2023-06-30,2023,EUR_CONF,,Zrinjski Mostar,Aston Villa,BIH,ENG,1,1,,,SEASON_ONLY
2023-06-30,2023,EUR_CONF,,Ferencvárosi TC,FK Čukarički,HUN,SRB,3,1,,,SEASON_ONLY
2023-06-30,2023,EUR_CONF,,KRC Genk,ACF Fiorentina,BEL,ITA,2,2,,,SEASON_ONLY
2023-06-30,2023,EUR_CONF,,ACF Fiorentina,Ferencvárosi TC,ITA,HUN,2,2,,,SEASON_ONLY
2023-06-30,2023,EUR_CONF,,FK Čukarički,KRC Genk,SRB,BEL,0,2,,,SEASON_ONLY
2023-06-30,2023,EUR_CONF,,ACF Fiorentina,FK Čukarički,ITA,SRB,6,0,,,SEASON_ONLY
2023-06-30,2023,EUR_CONF,,KRC Genk,Ferencvárosi TC,BEL,HUN,0,0,,,SEASON_ONLY
2023-06-30,2023,EUR_CONF,,Ferencvárosi TC,KRC Genk,HUN,BEL,1,1,,,SEASON_ONLY
2023-06-30,2023,EUR_CONF,,FK Čukarički,ACF Fiorentina,SRB,ITA,0,1,,,SEASON_ONLY
2023-06-30,2023,EUR_CONF,,ACF Fiorentina,KRC Genk,ITA,BEL,2,1,,,SEASON_ONLY
2023-06-30,2023,EUR_CONF,,FK Čukarički,Ferencvárosi TC,SRB,HUN,1,2,,,SEASON_ONLY
2023-06-30,2023,EUR_CONF,,Ferencvárosi TC,ACF Fiorentina,HUN,ITA,1,1,,,SEASON_ONLY
2023-06-30,2023,EUR_CONF,,KRC Genk,FK Čukarički,BEL,SRB,2,0,,,SEASON_ONLY
2023-06-30,2023,EUR_CONF,,Eintracht Frankfurt,Aberdeen FC,GER,SCO,2,1,,,SEASON_ONLY
2023-06-30,2023,EUR_CONF,,HJK Helsinki,PAOK Saloniki,FIN,GRE,2,3,,,SEASON_ONLY
2023-06-30,2023,EUR_CONF,,Aberdeen FC,HJK Helsinki,SCO,FIN,1,1,,,SEASON_ONLY
2023-06-30,2023,EUR_CONF,,PAOK Saloniki,Eintracht Frankfurt,GRE,GER,2,1,,,SEASON_ONLY
2023-06-30,2023,EUR_CONF,,Aberdeen FC,PAOK Saloniki,SCO,GRE,2,3,,,SEASON_ONLY
2023-06-30,2023,EUR_CONF,,Eintracht Frankfurt,HJK Helsinki,GER,FIN,6,0,,,SEASON_ONLY
2023-06-30,2023,EUR_CONF,,HJK Helsinki,Eintracht Frankfurt,FIN,GER,0,1,,,SEASON_ONLY
2023-06-30,2023,EUR_CONF,,PAOK Saloniki,Aberdeen FC,GRE,SCO,2,2,,,SEASON_ONLY
2023-06-30,2023,EUR_CONF,,HJK Helsinki,Aberdeen FC,FIN,SCO,2,2,,,SEASON_ONLY
2023-06-30,2023,EUR_CONF,,Eintracht Frankfurt,PAOK Saloniki,GER,GRE,1,2,,,SEASON_ONLY
2023-06-30,2023,EUR_CONF,,Aberdeen FC,Eintracht Frankfurt,SCO,GER,2,0,,,SEASON_ONLY
2023-06-30,2023,EUR_CONF,,PAOK Saloniki,HJK Helsinki,GRE,FIN,4,2,,,SEASON_ONLY
2023-06-30,2023,EUR_CONF,,Fenerbahçe,FC Nordsjælland,TUR,DEN,3,1,,,SEASON_ONLY
2023-06-30,2023,EUR_CONF,,PFC Ludogorets Razgrad,Spartak Trnava,BUL,SVK,4,0,,,SEASON_ONLY
2023-06-30,2023,EUR_CONF,,FC Nordsjælland,PFC Ludogorets Razgrad,DEN,BUL,7,1,,,SEASON_ONLY
2023-06-30,2023,EUR_CONF,,Spartak Trnava,Fenerbahçe,SVK,TUR,1,2,,,SEASON_ONLY
2023-06-30,2023,EUR_CONF,,Fenerbahçe,PFC Ludogorets Razgrad,TUR,BUL,3,1,,,SEASON_ONLY
2023-06-30,2023,EUR_CONF,,Spartak Trnava,FC Nordsjælland,SVK,DEN,0,2,,,SEASON_ONLY
2023-06-30,2023,EUR_CONF,,FC Nordsjælland,Spartak Trnava,DEN,SVK,1,1,,,SEASON_ONLY
2023-06-30,2023,EUR_CONF,,PFC Ludogorets Razgrad,Fenerbahçe,BUL,TUR,2,0,,,SEASON_ONLY
2023-06-30,2023,EUR_CONF,,FC Nordsjælland,Fenerbahçe,DEN,TUR,6,1,,,SEASON_ONLY
2023-06-30,2023,EUR_CONF,,Spartak Trnava,PFC Ludogorets Razgrad,SVK,BUL,1,2,,,SEASON_ONLY
2023-06-30,2023,EUR_CONF,,Fenerbahçe,Spartak Trnava,TUR,SVK,4,0,,,SEASON_ONLY
2023-06-30,2023,EUR_CONF,,PFC Ludogorets Razgrad,FC Nordsjælland,BUL,DEN,1,0,,,SEASON_ONLY
2023-06-30,2023,EUR_CONF,,Sturm Graz,Slovan Bratislava,AUT,SVK,4,1,,,SEASON_ONLY
2023-06-30,2023,EUR_CONF,,Union Saint-Gilloise,Eintracht Frankfurt,BEL,GER,2,2,,,SEASON_ONLY
2023-06-30,2023,EUR_CONF,,Olympiakos Piraeus,Ferencvárosi TC,GRE,HUN,1,0,,,SEASON_ONLY
2023-06-30,2023,EUR_CONF,,Molde FK,Legia Warszawa,NOR,POL,3,2,,,SEASON_ONLY
2023-06-30,2023,EUR_CONF,,Servette FC,PFC Ludogorets Razgrad,SUI,BUL,0,0,,,SEASON_ONLY
2023-06-30,2023,EUR_CONF,,Real Betis,Dinamo Zagreb,ESP,CRO,0,1,,,SEASON_ONLY
2023-06-30,2023,EUR_CONF,,AFC Ajax,FK Bodø/Glimt,NED,NOR,2,2,,,SEASON_ONLY
2023-06-30,2023,EUR_CONF,,Maccabi Haifa,KAA Gent,ISR,BEL,1,0,,,SEASON_ONLY
2023-06-30,2023,EUR_CONF,,KAA Gent,Maccabi Haifa,BEL,ISR,1,1,,,SEASON_ONLY
2023-06-30,2023,EUR_CONF,,PFC Ludogorets Razgrad,Servette FC,BUL,SUI,0,1,,,SEASON_ONLY
2023-06-30,2023,EUR_CONF,,Dinamo Zagreb,Real Betis,CRO,ESP,1,1,,,SEASON_ONLY
2023-06-30,2023,EUR_CONF,,FK Bodø/Glimt,AFC Ajax,NOR,NED,1,2,,,SEASON_ONLY
2023-06-30,2023,EUR_CONF,,Slovan Bratislava,Sturm Graz,SVK,AUT,0,1,,,SEASON_ONLY
2023-06-30,2023,EUR_CONF,,Eintracht Frankfurt,Union Saint-Gilloise,GER,BEL,1,2,,,SEASON_ONLY
2023-06-30,2023,EUR_CONF,,Ferencvárosi TC,Olympiakos Piraeus,HUN,GRE,0,1,,,SEASON_ONLY
2023-06-30,2023,EUR_CONF,,Legia Warszawa,Molde FK,POL,NOR,0,3,,,SEASON_ONLY
2023-06-30,2023,EUR_CONF,,AFC Ajax,Aston Villa,NED,ENG,0,0,,,SEASON_ONLY
2023-06-30,2023,EUR_CONF,,Molde FK,Club Brugge KV,NOR,BEL,2,1,,,SEASON_ONLY
2023-06-30,2023,EUR_CONF,,Sturm Graz,Lille OSC,AUT,FRA,0,3,,,SEASON_ONLY
2023-06-30,2023,EUR_CONF,,Olympiakos Piraeus,Maccabi Tel Aviv,GRE,ISR,1,4,,,SEASON_ONLY
2023-06-30,2023,EUR_CONF,,Servette FC,Viktoria Plzeň,SUI,CZE,0,0,,,SEASON_ONLY
2023-06-30,2023,EUR_CONF,,Union Saint-Gilloise,Fenerbahçe,BEL,TUR,0,3,,,SEASON_ONLY
2023-06-30,2023,EUR_CONF,,Dinamo Zagreb,PAOK Saloniki,CRO,GRE,2,0,,,SEASON_ONLY
2023-06-30,2023,EUR_CONF,,Maccabi Haifa,ACF Fiorentina,ISR,ITA,3,4,,,SEASON_ONLY
2023-06-30,2023,EUR_CONF,,Viktoria Plzeň,Servette FC,CZE,SUI,3,1,,,SEASON_ONLY
2023-06-30,2023,EUR_CONF,,Fenerbahçe,Union Saint-Gilloise,TUR,BEL,0,1,,,SEASON_ONLY
2023-06-30,2023,EUR_CONF,,PAOK Saloniki,Dinamo Zagreb,GRE,CRO,5,1,,,SEASON_ONLY
2023-06-30,2023,EUR_CONF,,ACF Fiorentina,Maccabi Haifa,ITA,ISR,1,1,,,SEASON_ONLY
2023-06-30,2023,EUR_CONF,,Aston Villa,AFC Ajax,ENG,NED,4,0,,,SEASON_ONLY
2023-06-30,2023,EUR_CONF,,Club Brugge KV,Molde FK,BEL,NOR,3,0,,,SEASON_ONLY
2023-06-30,2023,EUR_CONF,,Lille OSC,Sturm Graz,FRA,AUT,1,1,,,SEASON_ONLY
2023-06-30,2023,EUR_CONF,,Maccabi Tel Aviv,Olympiakos Piraeus,ISR,GRE,1,6,,,SEASON_ONLY
2023-06-30,2023,EUR_CONF,,Olympiakos Piraeus,Fenerbahçe,GRE,TUR,3,2,,,SEASON_ONLY
2023-06-30,2023,EUR_CONF,,Viktoria Plzeň,ACF Fiorentina,CZE,ITA,0,0,,,SEASON_ONLY
2023-06-30,2023,EUR_CONF,,Club Brugge KV,PAOK Saloniki,BEL,GRE,1,0,,,SEASON_ONLY
2023-06-30,2023,EUR_CONF,,Aston Villa,Lille OSC,ENG,FRA,2,1,,,SEASON_ONLY
2023-06-30,2023,EUR_CONF,,Lille OSC,Aston Villa,FRA,ENG,3,4,,,SEASON_ONLY
2023-06-30,2023,EUR_CONF,,ACF Fiorentina,Viktoria Plzeň,ITA,CZE,2,0,,,SEASON_ONLY
2023-06-30,2023,EUR_CONF,,PAOK Saloniki,Club Brugge KV,GRE,BEL,0,2,,,SEASON_ONLY
2023-06-30,2023,EUR_CONF,,Fenerbahçe,Olympiakos Piraeus,TUR,GRE,2,3,,,SEASON_ONLY
2023-06-30,2023,EUR_CONF,,Aston Villa,Olympiakos Piraeus,ENG,GRE,2,4,,,SEASON_ONLY
2023-06-30,2023,EUR_CONF,,ACF Fiorentina,Club Brugge KV,ITA,BEL,3,2,,,SEASON_ONLY
2023-06-30,2023,EUR_CONF,,Club Brugge KV,ACF Fiorentina,BEL,ITA,1,1,,,SEASON_ONLY
2023-06-30,2023,EUR_CONF,,Olympiakos Piraeus,Aston Villa,GRE,ENG,2,0,,,SEASON_ONLY
2023-06-30,2023,EUR_CONF,,Olympiakos Piraeus,ACF Fiorentina,GRE,ITA,1,0,,,SEASON_ONLY
2023-06-30,2023,EUR_EL,,Olympiakos Piraeus,SC Freiburg,GRE,GER,2,3,,,SEASON_ONLY
2023-06-30,2023,EUR_EL,,West Ham United,TSC Bačka Topola,ENG,SRB,3,1,,,SEASON_ONLY
2023-06-30,2023,EUR_EL,,SC Freiburg,West Ham United,GER,ENG,1,2,,,SEASON_ONLY
2023-06-30,2023,EUR_EL,,TSC Bačka Topola,Olympiakos Piraeus,SRB,GRE,2,2,,,SEASON_ONLY
2023-06-30,2023,EUR_EL,,Olympiakos Piraeus,West Ham United,GRE,ENG,2,1,,,SEASON_ONLY
2023-06-30,2023,EUR_EL,,TSC Bačka Topola,SC Freiburg,SRB,GER,1,3,,,SEASON_ONLY
2023-06-30,2023,EUR_EL,,SC Freiburg,TSC Bačka Topola,GER,SRB,5,0,,,SEASON_ONLY
2023-06-30,2023,EUR_EL,,West Ham United,Olympiakos Piraeus,ENG,GRE,1,0,,,SEASON_ONLY
2023-06-30,2023,EUR_EL,,SC Freiburg,Olympiakos Piraeus,GER,GRE,5,0,,,SEASON_ONLY
2023-06-30,2023,EUR_EL,,TSC Bačka Topola,West Ham United,SRB,ENG,0,1,,,SEASON_ONLY
2023-06-30,2023,EUR_EL,,Olympiakos Piraeus,TSC Bačka Topola,GRE,SRB,5,2,,,SEASON_ONLY
2023-06-30,2023,EUR_EL,,West Ham United,SC Freiburg,ENG,GER,2,0,,,SEASON_ONLY
2023-06-30,2023,EUR_EL,,AFC Ajax,Olympique Marseille,NED,FRA,3,3,,,SEASON_ONLY
2023-06-30,2023,EUR_EL,,Brighton & Hove Albion,AEK Athen,ENG,GRE,2,3,,,SEASON_ONLY
2023-06-30,2023,EUR_EL,,AEK Athen,AFC Ajax,GRE,NED,1,1,,,SEASON_ONLY
2023-06-30,2023,EUR_EL,,Olympique Marseille,Brighton & Hove Albion,FRA,ENG,2,2,,,SEASON_ONLY
2023-06-30,2023,EUR_EL,,Olympique Marseille,AEK Athen,FRA,GRE,3,1,,,SEASON_ONLY
2023-06-30,2023,EUR_EL,,Brighton & Hove Albion,AFC Ajax,ENG,NED,2,0,,,SEASON_ONLY
2023-06-30,2023,EUR_EL,,AFC Ajax,Brighton & Hove Albion,NED,ENG,0,2,,,SEASON_ONLY
2023-06-30,2023,EUR_EL,,AEK Athen,Olympique Marseille,GRE,FRA,0,2,,,SEASON_ONLY
2023-06-30,2023,EUR_EL,,AEK Athen,Brighton & Hove Albion,GRE,ENG,0,1,,,SEASON_ONLY
2023-06-30,2023,EUR_EL,,Olympique Marseille,AFC Ajax,FRA,NED,4,3,,,SEASON_ONLY
2023-06-30,2023,EUR_EL,,AFC Ajax,AEK Athen,NED,GRE,3,1,,,SEASON_ONLY
2023-06-30,2023,EUR_EL,,Brighton & Hove Albion,Olympique Marseille,ENG,FRA,1,0,,,SEASON_ONLY
2023-06-30,2023,EUR_EL,,AC Sparta Praha,Aris Limassol,CZE,CYP,3,2,,,SEASON_ONLY
2023-06-30,2023,EUR_EL,,Rangers FC,Real Betis,SCO,ESP,1,0,,,SEASON_ONLY
2023-06-30,2023,EUR_EL,,Aris Limassol,Rangers FC,CYP,SCO,2,1,,,SEASON_ONLY
2023-06-30,2023,EUR_EL,,Real Betis,AC Sparta Praha,ESP,CZE,2,1,,,SEASON_ONLY
2023-06-30,2023,EUR_EL,,AC Sparta Praha,Rangers FC,CZE,SCO,0,0,,,SEASON_ONLY
2023-06-30,2023,EUR_EL,,Aris Limassol,Real Betis,CYP,ESP,0,1,,,SEASON_ONLY
2023-06-30,2023,EUR_EL,,Rangers FC,AC Sparta Praha,SCO,CZE,2,1,,,SEASON_ONLY
2023-06-30,2023,EUR_EL,,Real Betis,Aris Limassol,ESP,CYP,4,1,,,SEASON_ONLY
2023-06-30,2023,EUR_EL,,AC Sparta Praha,Real Betis,CZE,ESP,1,0,,,SEASON_ONLY
2023-06-30,2023,EUR_EL,,Rangers FC,Aris Limassol,SCO,CYP,1,1,,,SEASON_ONLY
2023-06-30,2023,EUR_EL,,Aris Limassol,AC Sparta Praha,CYP,CZE,1,3,,,SEASON_ONLY
2023-06-30,2023,EUR_EL,,Real Betis,Rangers FC,ESP,SCO,2,3,,,SEASON_ONLY
2023-06-30,2023,EUR_EL,,Atalanta,Raków Częstochowa,ITA,POL,2,0,,,SEASON_ONLY
2023-06-30,2023,EUR_EL,,Sturm Graz,Sporting CP,AUT,POR,1,2,,,SEASON_ONLY
2023-06-30,2023,EUR_EL,,Raków Częstochowa,Sturm Graz,POL,AUT,0,1,,,SEASON_ONLY
2023-06-30,2023,EUR_EL,,Sporting CP,Atalanta,POR,ITA,1,2,,,SEASON_ONLY
2023-06-30,2023,EUR_EL,,Raków Częstochowa,Sporting CP,POL,POR,1,1,,,SEASON_ONLY
2023-06-30,2023,EUR_EL,,Sturm Graz,Atalanta,AUT,ITA,2,2,,,SEASON_ONLY
2023-06-30,2023,EUR_EL,,Atalanta,Sturm Graz,ITA,AUT,1,0,,,SEASON_ONLY
2023-06-30,2023,EUR_EL,,Sporting CP,Raków Częstochowa,POR,POL,2,1,,,SEASON_ONLY
2023-06-30,2023,EUR_EL,,Atalanta,Sporting CP,ITA,POR,1,1,,,SEASON_ONLY
2023-06-30,2023,EUR_EL,,Sturm Graz,Raków Częstochowa,AUT,POL,0,1,,,SEASON_ONLY
2023-06-30,2023,EUR_EL,,Raków Częstochowa,Atalanta,POL,ITA,0,4,,,SEASON_ONLY
2023-06-30,2023,EUR_EL,,Sporting CP,Sturm Graz,POR,AUT,3,0,,,SEASON_ONLY
2023-06-30,2023,EUR_EL,,Union Saint-Gilloise,Toulouse FC,BEL,FRA,1,1,,,SEASON_ONLY
2023-06-30,2023,EUR_EL,,LASK,Liverpool FC,AUT,ENG,1,3,,,SEASON_ONLY
2023-06-30,2023,EUR_EL,,Liverpool FC,Union Saint-Gilloise,ENG,BEL,2,0,,,SEASON_ONLY
2023-06-30,2023,EUR_EL,,Toulouse FC,LASK,FRA,AUT,1,0,,,SEASON_ONLY
2023-06-30,2023,EUR_EL,,Liverpool FC,Toulouse FC,ENG,FRA,5,1,,,SEASON_ONLY
2023-06-30,2023,EUR_EL,,Union Saint-Gilloise,LASK,BEL,AUT,2,1,,,SEASON_ONLY
2023-06-30,2023,EUR_EL,,Toulouse FC,Liverpool FC,FRA,ENG,3,2,,,SEASON_ONLY
2023-06-30,2023,EUR_EL,,LASK,Union Saint-Gilloise,AUT,BEL,3,0,,,SEASON_ONLY
2023-06-30,2023,EUR_EL,,Liverpool FC,LASK,ENG,AUT,4,0,,,SEASON_ONLY
2023-06-30,2023,EUR_EL,,Toulouse FC,Union Saint-Gilloise,FRA,BEL,0,0,,,SEASON_ONLY
2023-06-30,2023,EUR_EL,,Union Saint-Gilloise,Liverpool FC,BEL,ENG,2,1,,,SEASON_ONLY
2023-06-30,2023,EUR_EL,,LASK,Toulouse FC,AUT,FRA,1,2,,,SEASON_ONLY
2023-06-30,2023,EUR_EL,,Stade Rennais,Maccabi Haifa,FRA,ISR,3,0,,,SEASON_ONLY
2023-06-30,2023,EUR_EL,,Panathinaikos,Villarreal CF,GRE,ESP,2,0,,,SEASON_ONLY
2023-06-30,2023,EUR_EL,,Villarreal CF,Stade Rennais,ESP,FRA,1,0,,,SEASON_ONLY
2023-06-30,2023,EUR_EL,,Maccabi Haifa,Panathinaikos,ISR,GRE,0,0,,,SEASON_ONLY
2023-06-30,2023,EUR_EL,,Panathinaikos,Stade Rennais,GRE,FRA,1,2,,,SEASON_ONLY
2023-06-30,2023,EUR_EL,,Stade Rennais,Panathinaikos,FRA,GRE,3,1,,,SEASON_ONLY
2023-06-30,2023,EUR_EL,,Maccabi Haifa,Villarreal CF,ISR,ESP,1,2,,,SEASON_ONLY
2023-06-30,2023,EUR_EL,,Maccabi Haifa,Stade Rennais,ISR,FRA,0,3,,,SEASON_ONLY
2023-06-30,2023,EUR_EL,,Villarreal CF,Panathinaikos,ESP,GRE,3,2,,,SEASON_ONLY
2023-06-30,2023,EUR_EL,,Villarreal CF,Maccabi Haifa,ESP,ISR,0,0,,,SEASON_ONLY
2023-06-30,2023,EUR_EL,,Stade Rennais,Villarreal CF,FRA,ESP,2,3,,,SEASON_ONLY
2023-06-30,2023,EUR_EL,,Panathinaikos,Maccabi Haifa,GRE,ISR,1,2,,,SEASON_ONLY
2023-06-30,2023,EUR_EL,,FC Sheriff,AS Roma,MDA,ITA,1,2,,,SEASON_ONLY
2023-06-30,2023,EUR_EL,,Servette FC,Slavia Praha,SUI,CZE,0,2,,,SEASON_ONLY
2023-06-30,2023,EUR_EL,,AS Roma,Servette FC,ITA,SUI,4,0,,,SEASON_ONLY
2023-06-30,2023,EUR_EL,,Slavia Praha,FC Sheriff,CZE,MDA,6,0,,,SEASON_ONLY
2023-06-30,2023,EUR_EL,,AS Roma,Slavia Praha,ITA,CZE,2,0,,,SEASON_ONLY
2023-06-30,2023,EUR_EL,,FC Sheriff,Servette FC,MDA,SUI,1,1,,,SEASON_ONLY
2023-06-30,2023,EUR_EL,,Slavia Praha,AS Roma,CZE,ITA,2,0,,,SEASON_ONLY
2023-06-30,2023,EUR_EL,,Servette FC,FC Sheriff,SUI,MDA,2,1,,,SEASON_ONLY
2023-06-30,2023,EUR_EL,,Servette FC,AS Roma,SUI,ITA,1,1,,,SEASON_ONLY
2023-06-30,2023,EUR_EL,,FC Sheriff,Slavia Praha,MDA,CZE,2,3,,,SEASON_ONLY
2023-06-30,2023,EUR_EL,,AS Roma,FC Sheriff,ITA,MDA,3,0,,,SEASON_ONLY
2023-06-30,2023,EUR_EL,,Slavia Praha,Servette FC,CZE,SUI,4,0,,,SEASON_ONLY
2023-06-30,2023,EUR_EL,,Bayer Leverkusen,BK Häcken,GER,SWE,4,0,,,SEASON_ONLY
2023-06-30,2023,EUR_EL,,Qarabağ FK,Molde FK,AZE,NOR,1,0,,,SEASON_ONLY
2023-06-30,2023,EUR_EL,,Molde FK,Bayer Leverkusen,NOR,GER,1,2,,,SEASON_ONLY
2023-06-30,2023,EUR_EL,,BK Häcken,Qarabağ FK,SWE,AZE,0,1,,,SEASON_ONLY
2023-06-30,2023,EUR_EL,,Molde FK,BK Häcken,NOR,SWE,5,1,,,SEASON_ONLY
2023-06-30,2023,EUR_EL,,Bayer Leverkusen,Qarabağ FK,GER,AZE,5,1,,,SEASON_ONLY
2023-06-30,2023,EUR_EL,,Qarabağ FK,Bayer Leverkusen,AZE,GER,0,1,,,SEASON_ONLY
2023-06-30,2023,EUR_EL,,BK Häcken,Molde FK,SWE,NOR,1,3,,,SEASON_ONLY
2023-06-30,2023,EUR_EL,,BK Häcken,Bayer Leverkusen,SWE,GER,0,2,,,SEASON_ONLY
2023-06-30,2023,EUR_EL,,Molde FK,Qarabağ FK,NOR,AZE,2,2,,,SEASON_ONLY
2023-06-30,2023,EUR_EL,,Bayer Leverkusen,Molde FK,GER,NOR,5,1,,,SEASON_ONLY
2023-06-30,2023,EUR_EL,,Qarabağ FK,BK Häcken,AZE,SWE,2,1,,,SEASON_ONLY
2023-06-30,2023,EUR_EL,,Feyenoord,AS Roma,NED,ITA,1,1,,,SEASON_ONLY
2023-06-30,2023,EUR_EL,,BSC Young Boys,Sporting CP,SUI,POR,1,3,,,SEASON_ONLY
2023-06-30,2023,EUR_EL,,Galatasaray,AC Sparta Praha,TUR,CZE,3,2,,,SEASON_ONLY
2023-06-30,2023,EUR_EL,,Shakhtar Donetsk,Olympique Marseille,UKR,FRA,2,2,,,SEASON_ONLY
2023-06-30,2023,EUR_EL,,AC Milan,Stade Rennais,ITA,FRA,3,0,,,SEASON_ONLY
2023-06-30,2023,EUR_EL,,RC Lens,SC Freiburg,FRA,GER,0,0,,,SEASON_ONLY
2023-06-30,2023,EUR_EL,,SL Benfica,Toulouse FC,POR,FRA,2,1,,,SEASON_ONLY
2023-06-30,2023,EUR_EL,,Sporting Braga,Qarabağ FK,POR,AZE,2,4,,,SEASON_ONLY
2023-06-30,2023,EUR_EL,,Stade Rennais,AC Milan,FRA,ITA,3,2,,,SEASON_ONLY
2023-06-30,2023,EUR_EL,,SC Freiburg,RC Lens,GER,FRA,3,2,,,SEASON_ONLY
2023-06-30,2023,EUR_EL,,Toulouse FC,SL Benfica,FRA,POR,0,0,,,SEASON_ONLY
2023-06-30,2023,EUR_EL,,Qarabağ FK,Sporting Braga,AZE,POR,2,3,,,SEASON_ONLY
2023-06-30,2023,EUR_EL,,AS Roma,Feyenoord,ITA,NED,4,2,,,SEASON_ONLY
2023-06-30,2023,EUR_EL,,Sporting CP,BSC Young Boys,POR,SUI,1,1,,,SEASON_ONLY
2023-06-30,2023,EUR_EL,,AC Sparta Praha,Galatasaray,CZE,TUR,4,1,,,SEASON_ONLY
2023-06-30,2023,EUR_EL,,Olympique Marseille,Shakhtar Donetsk,FRA,UKR,3,1,,,SEASON_ONLY
2023-06-30,2023,EUR_EL,,Sporting CP,Atalanta,POR,ITA,1,1,,,SEASON_ONLY
2023-06-30,2023,EUR_EL,,AC Sparta Praha,Liverpool FC,CZE,ENG,1,5,,,SEASON_ONLY
2023-06-30,2023,EUR_EL,,AS Roma,Brighton & Hove Albion,ITA,ENG,4,0,,,SEASON_ONLY
2023-06-30,2023,EUR_EL,,Qarabağ FK,Bayer Leverkusen,AZE,GER,2,2,,,SEASON_ONLY
2023-06-30,2023,EUR_EL,,Olympique Marseille,Villarreal CF,FRA,ESP,4,0,,,SEASON_ONLY
2023-06-30,2023,EUR_EL,,SL Benfica,Rangers FC,POR,SCO,2,2,,,SEASON_ONLY
2023-06-30,2023,EUR_EL,,SC Freiburg,West Ham United,GER,ENG,1,0,,,SEASON_ONLY
2023-06-30,2023,EUR_EL,,AC Milan,Slavia Praha,ITA,CZE,4,2,,,SEASON_ONLY
2023-06-30,2023,EUR_EL,,Villarreal CF,Olympique Marseille,ESP,FRA,3,1,,,SEASON_ONLY
2023-06-30,2023,EUR_EL,,Rangers FC,SL Benfica,SCO,POR,0,1,,,SEASON_ONLY
2023-06-30,2023,EUR_EL,,West Ham United,SC Freiburg,ENG,GER,5,0,,,SEASON_ONLY
2023-06-30,2023,EUR_EL,,Slavia Praha,AC Milan,CZE,ITA,1,3,,,SEASON_ONLY
2023-06-30,2023,EUR_EL,,Liverpool FC,AC Sparta Praha,ENG,CZE,6,1,,,SEASON_ONLY
2023-06-30,2023,EUR_EL,,Brighton & Hove Albion,AS Roma,ENG,ITA,1,0,,,SEASON_ONLY
2023-06-30,2023,EUR_EL,,Atalanta,Sporting CP,ITA,POR,2,1,,,SEASON_ONLY
2023-06-30,2023,EUR_EL,,Bayer Leverkusen,Qarabağ FK,GER,AZE,3,2,,,SEASON_ONLY
2023-06-30,2023,EUR_EL,,AC Milan,AS Roma,ITA,ITA,0,1,,,SEASON_ONLY
2023-06-30,2023,EUR_EL,,Liverpool FC,Atalanta,ENG,ITA,0,3,,,SEASON_ONLY
2023-06-30,2023,EUR_EL,,Bayer Leverkusen,West Ham United,GER,ENG,2,0,,,SEASON_ONLY
2023-06-30,2023,EUR_EL,,SL Benfica,Olympique Marseille,POR,FRA,2,1,,,SEASON_ONLY
2023-06-30,2023,EUR_EL,,AS Roma,AC Milan,ITA,ITA,2,1,,,SEASON_ONLY
2023-06-30,2023,EUR_EL,,Atalanta,Liverpool FC,ITA,ENG,0,1,,,SEASON_ONLY
2023-06-30,2023,EUR_EL,,West Ham United,Bayer Leverkusen,ENG,GER,1,1,,,SEASON_ONLY
2023-06-30,2023,EUR_EL,,Olympique Marseille,SL Benfica,FRA,POR,4,2,,,SEASON_ONLY
2023-06-30,2023,EUR_EL,,Olympique Marseille,Atalanta,FRA,ITA,1,1,,,SEASON_ONLY
2023-06-30,2023,EUR_EL,,AS Roma,Bayer Leverkusen,ITA,GER,0,2,,,SEASON_ONLY
2023-06-30,2023,EUR_EL,,Atalanta,Olympique Marseille,ITA,FRA,3,0,,,SEASON_ONLY
2023-06-30,2023,EUR_EL,,Bayer Leverkusen,AS Roma,GER,ITA,2,2,,,SEASON_ONLY
2023-06-30,2023,EUR_EL,,Atalanta,Bayer Leverkusen,ITA,GER,3,0,,,SEASON_ONLY
2024-06-30,2024,EUR_CL,,BSC Young Boys,Aston Villa FC,SUI,ENG,0,3,,,SEASON_ONLY
2024-06-30,2024,EUR_CL,,Juventus FC,PSV,ITA,NED,3,1,,,SEASON_ONLY
2024-06-30,2024,EUR_CL,,Sporting Clube de Portugal,Lille OSC,POR,FRA,2,0,,,SEASON_ONLY
2024-06-30,2024,EUR_CL,,FC Bayern München,GNK Dinamo Zagreb,GER,CRO,9,2,,,SEASON_ONLY
2024-06-30,2024,EUR_CL,,Real Madrid CF,VfB Stuttgart,ESP,GER,3,1,,,SEASON_ONLY
2024-06-30,2024,EUR_CL,,AC Milan,Liverpool FC,ITA,ENG,1,3,,,SEASON_ONLY
2024-06-30,2024,EUR_CL,,Bologna FC 1909,FK Shakhtar Donetsk,ITA,UKR,0,0,,,SEASON_ONLY
2024-06-30,2024,EUR_CL,,AC Sparta Praha,FC Red Bull Salzburg,CZE,AUT,3,0,,,SEASON_ONLY
2024-06-30,2024,EUR_CL,,Manchester City FC,FC Internazionale Milano,ENG,ITA,0,0,,,SEASON_ONLY
2024-06-30,2024,EUR_CL,,Paris Saint-Germain FC,Girona FC,FRA,ESP,1,0,,,SEASON_ONLY
2024-06-30,2024,EUR_CL,,Club Brugge KV,Borussia Dortmund,BEL,GER,0,3,,,SEASON_ONLY
2024-06-30,2024,EUR_CL,,Celtic FC,ŠK Slovan Bratislava,SCO,SVK,5,1,,,SEASON_ONLY
2024-06-30,2024,EUR_CL,,Feyenoord Rotterdam,Bayer 04 Leverkusen,NED,GER,0,4,,,SEASON_ONLY
2024-06-30,2024,EUR_CL,,FK Crvena Zvezda,Sport Lisboa e Benfica,SRB,POR,1,2,,,SEASON_ONLY
2024-06-30,2024,EUR_CL,,AS Monaco FC,FC Barcelona,MCO,ESP,2,1,,,SEASON_ONLY
2024-06-30,2024,EUR_CL,,Stade Brestois 29,SK Sturm Graz,FRA,AUT,2,1,,,SEASON_ONLY
2024-06-30,2024,EUR_CL,,Atalanta BC,Arsenal FC,ITA,ENG,0,0,,,SEASON_ONLY
2024-06-30,2024,EUR_CL,,Club Atlético de Madrid,RB Leipzig,ESP,GER,2,1,,,SEASON_ONLY
2024-06-30,2024,EUR_CL,,VfB Stuttgart,AC Sparta Praha,GER,CZE,1,1,,,SEASON_ONLY
2024-06-30,2024,EUR_CL,,FC Red Bull Salzburg,Stade Brestois 29,AUT,FRA,0,4,,,SEASON_ONLY
2024-06-30,2024,EUR_CL,,ŠK Slovan Bratislava,Manchester City FC,SVK,ENG,0,4,,,SEASON_ONLY
2024-06-30,2024,EUR_CL,,Borussia Dortmund,Celtic FC,GER,SCO,7,1,,,SEASON_ONLY
2024-06-30,2024,EUR_CL,,FC Barcelona,BSC Young Boys,ESP,SUI,5,0,,,SEASON_ONLY
2024-06-30,2024,EUR_CL,,FC Internazionale Milano,FK Crvena Zvezda,ITA,SRB,4,0,,,SEASON_ONLY
2024-06-30,2024,EUR_CL,,Bayer 04 Leverkusen,AC Milan,GER,ITA,1,0,,,SEASON_ONLY
2024-06-30,2024,EUR_CL,,Arsenal FC,Paris Saint-Germain FC,ENG,FRA,2,0,,,SEASON_ONLY
2024-06-30,2024,EUR_CL,,PSV,Sporting Clube de Portugal,NED,POR,1,1,,,SEASON_ONLY
2024-06-30,2024,EUR_CL,,Girona FC,Feyenoord Rotterdam,ESP,NED,2,3,,,SEASON_ONLY
2024-06-30,2024,EUR_CL,,FK Shakhtar Donetsk,Atalanta BC,UKR,ITA,0,3,,,SEASON_ONLY
2024-06-30,2024,EUR_CL,,Aston Villa FC,FC Bayern München,ENG,GER,1,0,,,SEASON_ONLY
2024-06-30,2024,EUR_CL,,SK Sturm Graz,Club Brugge KV,AUT,BEL,0,1,,,SEASON_ONLY
2024-06-30,2024,EUR_CL,,Liverpool FC,Bologna FC 1909,ENG,ITA,2,0,,,SEASON_ONLY
2024-06-30,2024,EUR_CL,,RB Leipzig,Juventus FC,GER,ITA,2,3,,,SEASON_ONLY
2024-06-30,2024,EUR_CL,,Sport Lisboa e Benfica,Club Atlético de Madrid,POR,ESP,4,0,,,SEASON_ONLY
2024-06-30,2024,EUR_CL,,GNK Dinamo Zagreb,AS Monaco FC,CRO,MCO,2,2,,,SEASON_ONLY
2024-06-30,2024,EUR_CL,,Lille OSC,Real Madrid CF,FRA,ESP,1,0,,,SEASON_ONLY
2024-06-30,2024,EUR_CL,,AS Monaco FC,FK Crvena Zvezda,MCO,SRB,5,1,,,SEASON_ONLY
2024-06-30,2024,EUR_CL,,AC Milan,Club Brugge KV,ITA,BEL,3,1,,,SEASON_ONLY
2024-06-30,2024,EUR_CL,,Aston Villa FC,Bologna FC 1909,ENG,ITA,2,0,,,SEASON_ONLY
2024-06-30,2024,EUR_CL,,Girona FC,ŠK Slovan Bratislava,ESP,SVK,2,0,,,SEASON_ONLY
2024-06-30,2024,EUR_CL,,SK Sturm Graz,Sporting Clube de Portugal,AUT,POR,0,2,,,SEASON_ONLY
2024-06-30,2024,EUR_CL,,Paris Saint-Germain FC,PSV,FRA,NED,1,1,,,SEASON_ONLY
2024-06-30,2024,EUR_CL,,Real Madrid CF,Borussia Dortmund,ESP,GER,5,2,,,SEASON_ONLY
2024-06-30,2024,EUR_CL,,Arsenal FC,FK Shakhtar Donetsk,ENG,UKR,1,0,,,SEASON_ONLY
2024-06-30,2024,EUR_CL,,Juventus FC,VfB Stuttgart,ITA,GER,0,1,,,SEASON_ONLY
2024-06-30,2024,EUR_CL,,Stade Brestois 29,Bayer 04 Leverkusen,FRA,GER,1,1,,,SEASON_ONLY
2024-06-30,2024,EUR_CL,,Atalanta BC,Celtic FC,ITA,SCO,0,0,,,SEASON_ONLY
2024-06-30,2024,EUR_CL,,BSC Young Boys,FC Internazionale Milano,SUI,ITA,0,1,,,SEASON_ONLY
2024-06-30,2024,EUR_CL,,FC Barcelona,FC Bayern München,ESP,GER,4,1,,,SEASON_ONLY
2024-06-30,2024,EUR_CL,,Manchester City FC,AC Sparta Praha,ENG,CZE,5,0,,,SEASON_ONLY
2024-06-30,2024,EUR_CL,,RB Leipzig,Liverpool FC,GER,ENG,0,1,,,SEASON_ONLY
2024-06-30,2024,EUR_CL,,Club Atlético de Madrid,Lille OSC,ESP,FRA,1,3,,,SEASON_ONLY
2024-06-30,2024,EUR_CL,,Sport Lisboa e Benfica,Feyenoord Rotterdam,POR,NED,1,3,,,SEASON_ONLY
2024-06-30,2024,EUR_CL,,FC Red Bull Salzburg,GNK Dinamo Zagreb,AUT,CRO,0,2,,,SEASON_ONLY
2024-06-30,2024,EUR_CL,,ŠK Slovan Bratislava,GNK Dinamo Zagreb,SVK,CRO,1,4,,,SEASON_ONLY
2024-06-30,2024,EUR_CL,,PSV,Girona FC,NED,ESP,4,0,,,SEASON_ONLY
2024-06-30,2024,EUR_CL,,Sporting Clube de Portugal,Manchester City FC,POR,ENG,4,1,,,SEASON_ONLY
2024-06-30,2024,EUR_CL,,Bologna FC 1909,AS Monaco FC,ITA,MCO,0,1,,,SEASON_ONLY
2024-06-30,2024,EUR_CL,,Borussia Dortmund,SK Sturm Graz,GER,AUT,1,0,,,SEASON_ONLY
2024-06-30,2024,EUR_CL,,Liverpool FC,Bayer 04 Leverkusen,ENG,GER,4,0,,,SEASON_ONLY
2024-06-30,2024,EUR_CL,,Real Madrid CF,AC Milan,ESP,ITA,1,3,,,SEASON_ONLY
2024-06-30,2024,EUR_CL,,Celtic FC,RB Leipzig,SCO,GER,3,1,,,SEASON_ONLY
2024-06-30,2024,EUR_CL,,Lille OSC,Juventus FC,FRA,ITA,1,1,,,SEASON_ONLY
2024-06-30,2024,EUR_CL,,Club Brugge KV,Aston Villa FC,BEL,ENG,1,0,,,SEASON_ONLY
2024-06-30,2024,EUR_CL,,FK Shakhtar Donetsk,BSC Young Boys,UKR,SUI,2,1,,,SEASON_ONLY
2024-06-30,2024,EUR_CL,,AC Sparta Praha,Stade Brestois 29,CZE,FRA,1,2,,,SEASON_ONLY
2024-06-30,2024,EUR_CL,,VfB Stuttgart,Atalanta BC,GER,ITA,0,2,,,SEASON_ONLY
2024-06-30,2024,EUR_CL,,FC Internazionale Milano,Arsenal FC,ITA,ENG,1,0,,,SEASON_ONLY
2024-06-30,2024,EUR_CL,,Paris Saint-Germain FC,Club Atlético de Madrid,FRA,ESP,1,2,,,SEASON_ONLY
2024-06-30,2024,EUR_CL,,Feyenoord Rotterdam,FC Red Bull Salzburg,NED,AUT,1,3,,,SEASON_ONLY
2024-06-30,2024,EUR_CL,,FK Crvena Zvezda,FC Barcelona,SRB,ESP,2,5,,,SEASON_ONLY
2024-06-30,2024,EUR_CL,,FC Bayern München,Sport Lisboa e Benfica,GER,POR,1,0,,,SEASON_ONLY
2024-06-30,2024,EUR_CL,,ŠK Slovan Bratislava,AC Milan,SVK,ITA,2,3,,,SEASON_ONLY
2024-06-30,2024,EUR_CL,,AC Sparta Praha,Club Atlético de Madrid,CZE,ESP,0,6,,,SEASON_ONLY
2024-06-30,2024,EUR_CL,,Sporting Clube de Portugal,Arsenal FC,POR,ENG,1,5,,,SEASON_ONLY
2024-06-30,2024,EUR_CL,,BSC Young Boys,Atalanta BC,SUI,ITA,1,6,,,SEASON_ONLY
2024-06-30,2024,EUR_CL,,FC Bayern München,Paris Saint-Germain FC,GER,FRA,1,0,,,SEASON_ONLY
2024-06-30,2024,EUR_CL,,FC Barcelona,Stade Brestois 29,ESP,FRA,3,0,,,SEASON_ONLY
2024-06-30,2024,EUR_CL,,FC Internazionale Milano,RB Leipzig,ITA,GER,1,0,,,SEASON_ONLY
2024-06-30,2024,EUR_CL,,Manchester City FC,Feyenoord Rotterdam,ENG,NED,3,3,,,SEASON_ONLY
2024-06-30,2024,EUR_CL,,Bayer 04 Leverkusen,FC Red Bull Salzburg,GER,AUT,5,0,,,SEASON_ONLY
2024-06-30,2024,EUR_CL,,SK Sturm Graz,Girona FC,AUT,ESP,1,0,,,SEASON_ONLY
2024-06-30,2024,EUR_CL,,FK Crvena Zvezda,VfB Stuttgart,SRB,GER,5,1,,,SEASON_ONLY
2024-06-30,2024,EUR_CL,,AS Monaco FC,Sport Lisboa e Benfica,MCO,POR,2,3,,,SEASON_ONLY
2024-06-30,2024,EUR_CL,,Aston Villa FC,Juventus FC,ENG,ITA,0,0,,,SEASON_ONLY
2024-06-30,2024,EUR_CL,,Bologna FC 1909,Lille OSC,ITA,FRA,1,2,,,SEASON_ONLY
2024-06-30,2024,EUR_CL,,Liverpool FC,Real Madrid CF,ENG,ESP,2,0,,,SEASON_ONLY
2024-06-30,2024,EUR_CL,,Celtic FC,Club Brugge KV,SCO,BEL,1,1,,,SEASON_ONLY
2024-06-30,2024,EUR_CL,,GNK Dinamo Zagreb,Borussia Dortmund,CRO,GER,0,3,,,SEASON_ONLY
2024-06-30,2024,EUR_CL,,PSV,FK Shakhtar Donetsk,NED,UKR,3,2,,,SEASON_ONLY
2024-06-30,2024,EUR_CL,,Girona FC,Liverpool FC,ESP,ENG,0,1,,,SEASON_ONLY
2024-06-30,2024,EUR_CL,,GNK Dinamo Zagreb,Celtic FC,CRO,SCO,0,0,,,SEASON_ONLY
2024-06-30,2024,EUR_CL,,Stade Brestois 29,PSV,FRA,NED,1,0,,,SEASON_ONLY
2024-06-30,2024,EUR_CL,,RB Leipzig,Aston Villa FC,GER,ENG,2,3,,,SEASON_ONLY
2024-06-30,2024,EUR_CL,,Atalanta BC,Real Madrid CF,ITA,ESP,2,3,,,SEASON_ONLY
2024-06-30,2024,EUR_CL,,Bayer 04 Leverkusen,FC Internazionale Milano,GER,ITA,1,0,,,SEASON_ONLY
2024-06-30,2024,EUR_CL,,Club Brugge KV,Sporting Clube de Portugal,BEL,POR,2,1,,,SEASON_ONLY
2024-06-30,2024,EUR_CL,,FK Shakhtar Donetsk,FC Bayern München,UKR,GER,1,5,,,SEASON_ONLY
2024-06-30,2024,EUR_CL,,FC Red Bull Salzburg,Paris Saint-Germain FC,AUT,FRA,0,3,,,SEASON_ONLY
2024-06-30,2024,EUR_CL,,Club Atlético de Madrid,ŠK Slovan Bratislava,ESP,SVK,3,1,,,SEASON_ONLY
2024-06-30,2024,EUR_CL,,Lille OSC,SK Sturm Graz,FRA,AUT,3,2,,,SEASON_ONLY
2024-06-30,2024,EUR_CL,,VfB Stuttgart,BSC Young Boys,GER,SUI,5,1,,,SEASON_ONLY
2024-06-30,2024,EUR_CL,,Borussia Dortmund,FC Barcelona,GER,ESP,2,3,,,SEASON_ONLY
2024-06-30,2024,EUR_CL,,AC Milan,FK Crvena Zvezda,ITA,SRB,2,1,,,SEASON_ONLY
2024-06-30,2024,EUR_CL,,Sport Lisboa e Benfica,Bologna FC 1909,POR,ITA,0,0,,,SEASON_ONLY
2024-06-30,2024,EUR_CL,,Arsenal FC,AS Monaco FC,ENG,MCO,3,0,,,SEASON_ONLY
2024-06-30,2024,EUR_CL,,Juventus FC,Manchester City FC,ITA,ENG,2,0,,,SEASON_ONLY
2024-06-30,2024,EUR_CL,,Feyenoord Rotterdam,AC Sparta Praha,NED,CZE,4,2,,,SEASON_ONLY
2024-06-30,2024,EUR_CL,,AS Monaco FC,Aston Villa FC,MCO,ENG,1,0,,,SEASON_ONLY
2024-06-30,2024,EUR_CL,,Atalanta BC,SK Sturm Graz,ITA,AUT,5,0,,,SEASON_ONLY
2024-06-30,2024,EUR_CL,,Bologna FC 1909,Borussia Dortmund,ITA,GER,2,1,,,SEASON_ONLY
2024-06-30,2024,EUR_CL,,ŠK Slovan Bratislava,VfB Stuttgart,SVK,GER,1,3,,,SEASON_ONLY
2024-06-30,2024,EUR_CL,,Liverpool FC,Lille OSC,ENG,FRA,2,1,,,SEASON_ONLY
2024-06-30,2024,EUR_CL,,Club Atlético de Madrid,Bayer 04 Leverkusen,ESP,GER,2,1,,,SEASON_ONLY
2024-06-30,2024,EUR_CL,,Sport Lisboa e Benfica,FC Barcelona,POR,ESP,4,5,,,SEASON_ONLY
2024-06-30,2024,EUR_CL,,Club Brugge KV,Juventus FC,BEL,ITA,0,0,,,SEASON_ONLY
2024-06-30,2024,EUR_CL,,FK Crvena Zvezda,PSV,SRB,NED,2,3,,,SEASON_ONLY
2024-06-30,2024,EUR_CL,,RB Leipzig,Sporting Clube de Portugal,GER,POR,2,1,,,SEASON_ONLY
2024-06-30,2024,EUR_CL,,FK Shakhtar Donetsk,Stade Brestois 29,UKR,FRA,2,0,,,SEASON_ONLY
2024-06-30,2024,EUR_CL,,AC Sparta Praha,FC Internazionale Milano,CZE,ITA,0,1,,,SEASON_ONLY
2024-06-30,2024,EUR_CL,,Paris Saint-Germain FC,Manchester City FC,FRA,ENG,4,2,,,SEASON_ONLY
2024-06-30,2024,EUR_CL,,Real Madrid CF,FC Red Bull Salzburg,ESP,AUT,5,1,,,SEASON_ONLY
2024-06-30,2024,EUR_CL,,AC Milan,Girona FC,ITA,ESP,1,0,,,SEASON_ONLY
2024-06-30,2024,EUR_CL,,Arsenal FC,GNK Dinamo Zagreb,ENG,CRO,3,0,,,SEASON_ONLY
2024-06-30,2024,EUR_CL,,Celtic FC,BSC Young Boys,SCO,SUI,1,0,,,SEASON_ONLY
2024-06-30,2024,EUR_CL,,Feyenoord Rotterdam,FC Bayern München,NED,GER,3,0,,,SEASON_ONLY
2024-06-30,2024,EUR_CL,,Sporting Clube de Portugal,Bologna FC 1909,POR,ITA,1,1,,,SEASON_ONLY
2024-06-30,2024,EUR_CL,,BSC Young Boys,FK Crvena Zvezda,SUI,SRB,0,1,,,SEASON_ONLY
2024-06-30,2024,EUR_CL,,Aston Villa FC,Celtic FC,ENG,SCO,4,2,,,SEASON_ONLY
2024-06-30,2024,EUR_CL,,Girona FC,Arsenal FC,ESP,ENG,1,2,,,SEASON_ONLY
2024-06-30,2024,EUR_CL,,Stade Brestois 29,Real Madrid CF,FRA,ESP,0,3,,,SEASON_ONLY
2024-06-30,2024,EUR_CL,,SK Sturm Graz,RB Leipzig,AUT,GER,1,0,,,SEASON_ONLY
2024-06-30,2024,EUR_CL,,VfB Stuttgart,Paris Saint-Germain FC,GER,FRA,1,4,,,SEASON_ONLY
2024-06-30,2024,EUR_CL,,FC Bayern München,ŠK Slovan Bratislava,GER,SVK,3,1,,,SEASON_ONLY
2024-06-30,2024,EUR_CL,,Borussia Dortmund,FK Shakhtar Donetsk,GER,UKR,3,1,,,SEASON_ONLY
2024-06-30,2024,EUR_CL,,FC Barcelona,Atalanta BC,ESP,ITA,2,2,,,SEASON_ONLY
2024-06-30,2024,EUR_CL,,FC Internazionale Milano,AS Monaco FC,ITA,MCO,3,0,,,SEASON_ONLY
2024-06-30,2024,EUR_CL,,Manchester City FC,Club Brugge KV,ENG,BEL,3,1,,,SEASON_ONLY
2024-06-30,2024,EUR_CL,,Bayer 04 Leverkusen,AC Sparta Praha,GER,CZE,2,0,,,SEASON_ONLY
2024-06-30,2024,EUR_CL,,Juventus FC,Sport Lisboa e Benfica,ITA,POR,0,2,,,SEASON_ONLY
2024-06-30,2024,EUR_CL,,GNK Dinamo Zagreb,AC Milan,CRO,ITA,2,1,,,SEASON_ONLY
2024-06-30,2024,EUR_CL,,Lille OSC,Feyenoord Rotterdam,FRA,NED,6,1,,,SEASON_ONLY
2024-06-30,2024,EUR_CL,,PSV,Liverpool FC,NED,ENG,3,2,,,SEASON_ONLY
2024-06-30,2024,EUR_CL,,FC Red Bull Salzburg,Club Atlético de Madrid,AUT,ESP,1,4,,,SEASON_ONLY
2024-06-30,2024,EUR_CL,,Stade Brestois 29,Paris Saint-Germain FC,FRA,FRA,0,3,,,SEASON_ONLY
2024-06-30,2024,EUR_CL,,Manchester City FC,Real Madrid CF,ENG,ESP,2,3,,,SEASON_ONLY
2024-06-30,2024,EUR_CL,,Juventus FC,PSV,ITA,NED,2,1,,,SEASON_ONLY
2024-06-30,2024,EUR_CL,,Sporting Clube de Portugal,Borussia Dortmund,POR,GER,0,3,,,SEASON_ONLY
2024-06-30,2024,EUR_CL,,Club Brugge KV,Atalanta BC,BEL,ITA,2,1,,,SEASON_ONLY
2024-06-30,2024,EUR_CL,,AS Monaco FC,Sport Lisboa e Benfica,MCO,POR,0,1,,,SEASON_ONLY
2024-06-30,2024,EUR_CL,,Celtic FC,FC Bayern München,SCO,GER,1,2,,,SEASON_ONLY
2024-06-30,2024,EUR_CL,,Feyenoord Rotterdam,AC Milan,NED,ITA,1,0,,,SEASON_ONLY
2024-06-30,2024,EUR_CL,,AC Milan,Feyenoord Rotterdam,ITA,NED,1,1,,,SEASON_ONLY
2024-06-30,2024,EUR_CL,,Sport Lisboa e Benfica,AS Monaco FC,POR,MCO,3,3,,,SEASON_ONLY
2024-06-30,2024,EUR_CL,,FC Bayern München,Celtic FC,GER,SCO,1,1,,,SEASON_ONLY
2024-06-30,2024,EUR_CL,,Atalanta BC,Club Brugge KV,ITA,BEL,1,3,,,SEASON_ONLY
2024-06-30,2024,EUR_CL,,Borussia Dortmund,Sporting Clube de Portugal,GER,POR,0,0,,,SEASON_ONLY
2024-06-30,2024,EUR_CL,,Paris Saint-Germain FC,Stade Brestois 29,FRA,FRA,7,0,,,SEASON_ONLY
2024-06-30,2024,EUR_CL,,Real Madrid CF,Manchester City FC,ESP,ENG,3,1,,,SEASON_ONLY
2024-06-30,2024,EUR_CL,,PSV,Juventus FC,NED,ITA,3,1,,,SEASON_ONLY
2024-06-30,2024,EUR_CL,,Club Brugge KV,Aston Villa FC,BEL,ENG,1,3,,,SEASON_ONLY
2024-06-30,2024,EUR_CL,,Real Madrid CF,Club Atlético de Madrid,ESP,ESP,2,1,,,SEASON_ONLY
2024-06-30,2024,EUR_CL,,PSV,Arsenal FC,NED,ENG,1,7,,,SEASON_ONLY
2024-06-30,2024,EUR_CL,,Borussia Dortmund,Lille OSC,GER,FRA,1,1,,,SEASON_ONLY
2024-06-30,2024,EUR_CL,,Feyenoord Rotterdam,FC Internazionale Milano,NED,ITA,0,2,,,SEASON_ONLY
2024-06-30,2024,EUR_CL,,Paris Saint-Germain FC,Liverpool FC,FRA,ENG,0,1,,,SEASON_ONLY
2024-06-30,2024,EUR_CL,,FC Bayern München,Bayer 04 Leverkusen,GER,GER,3,0,,,SEASON_ONLY
2024-06-30,2024,EUR_CL,,Sport Lisboa e Benfica,FC Barcelona,POR,ESP,0,1,,,SEASON_ONLY
2024-06-30,2024,EUR_CL,,FC Barcelona,Sport Lisboa e Benfica,ESP,POR,3,1,,,SEASON_ONLY
2024-06-30,2024,EUR_CL,,Liverpool FC,Paris Saint-Germain FC,ENG,FRA,1,4,,,SEASON_ONLY
2024-06-30,2024,EUR_CL,,FC Internazionale Milano,Feyenoord Rotterdam,ITA,NED,2,1,,,SEASON_ONLY
2024-06-30,2024,EUR_CL,,Bayer 04 Leverkusen,FC Bayern München,GER,GER,0,2,,,SEASON_ONLY
2024-06-30,2024,EUR_CL,,Lille OSC,Borussia Dortmund,FRA,GER,1,2,,,SEASON_ONLY
2024-06-30,2024,EUR_CL,,Aston Villa FC,Club Brugge KV,ENG,BEL,3,0,,,SEASON_ONLY
2024-06-30,2024,EUR_CL,,Club Atlético de Madrid,Real Madrid CF,ESP,ESP,2,4,,,SEASON_ONLY
2024-06-30,2024,EUR_CL,,Arsenal FC,PSV,ENG,NED,2,2,,,SEASON_ONLY
2024-06-30,2024,EUR_CL,,Arsenal FC,Real Madrid CF,ENG,ESP,3,0,,,SEASON_ONLY
2024-06-30,2024,EUR_CL,,FC Bayern München,FC Internazionale Milano,GER,ITA,1,2,,,SEASON_ONLY
2024-06-30,2024,EUR_CL,,Paris Saint-Germain FC,Aston Villa FC,FRA,ENG,3,1,,,SEASON_ONLY
2024-06-30,2024,EUR_CL,,FC Barcelona,Borussia Dortmund,ESP,GER,4,0,,,SEASON_ONLY
2024-06-30,2024,EUR_CL,,Aston Villa FC,Paris Saint-Germain FC,ENG,FRA,3,2,,,SEASON_ONLY
2024-06-30,2024,EUR_CL,,Borussia Dortmund,FC Barcelona,GER,ESP,3,1,,,SEASON_ONLY
2024-06-30,2024,EUR_CL,,Real Madrid CF,Arsenal FC,ESP,ENG,1,2,,,SEASON_ONLY
2024-06-30,2024,EUR_CL,,FC Internazionale Milano,FC Bayern München,ITA,GER,2,2,,,SEASON_ONLY
2024-06-30,2024,EUR_CL,,Arsenal FC,Paris Saint-Germain FC,ENG,FRA,0,1,,,SEASON_ONLY
2024-06-30,2024,EUR_CL,,FC Barcelona,FC Internazionale Milano,ESP,ITA,3,3,,,SEASON_ONLY
2024-06-30,2024,EUR_CL,,FC Internazionale Milano,FC Barcelona,ITA,ESP,4,3,,,SEASON_ONLY
2024-06-30,2024,EUR_CL,,Paris Saint-Germain FC,Arsenal FC,FRA,ENG,2,1,,,SEASON_ONLY
2024-06-30,2024,EUR_CL,,Paris Saint-Germain FC,FC Internazionale Milano,FRA,ITA,5,0,,,SEASON_ONLY
2024-06-30,2024,EUR_CL,,FK Panevėžys,HJK Helsinki,LTU,FIN,3,0,,,SEASON_ONLY
2024-06-30,2024,EUR_CL,,Hamrun Spartans,Lincoln Red Imps,MLT,GIB,0,1,,,SEASON_ONLY
2024-06-30,2024,EUR_CL,,The New Saints,FK Dečić Tuzi,WAL,MNE,3,0,,,SEASON_ONLY
2024-06-30,2024,EUR_CL,,UE Santa Coloma,KF Ballkani,AND,KOS,1,2,,,SEASON_ONLY
2024-06-30,2024,EUR_CL,,Víkingur Reykjavík,Shamrock Rovers,ISL,IRL,0,0,,,SEASON_ONLY
2024-06-30,2024,EUR_CL,,SS Virtus,FCSB,SMR,ROU,1,7,,,SEASON_ONLY
2024-06-30,2024,EUR_CL,,FK Ordabasy,CS Petrocub,KAZ,MDA,0,0,,,SEASON_ONLY
2024-06-30,2024,EUR_CL,,FC Flora,NK Celje,EST,SVN,0,5,,,SEASON_ONLY
2024-06-30,2024,EUR_CL,,Slovan Bratislava,FC Struga,SVK,MKD,4,2,,,SEASON_ONLY
2024-06-30,2024,EUR_CL,,FK RFS,Larne FC,LVA,NIR,3,0,,,SEASON_ONLY
2024-06-30,2024,EUR_CL,,KÍ Klaksvík,FC Differdange 03,FRO,LUX,2,0,,,SEASON_ONLY
2024-06-30,2024,EUR_CL,,PFC Ludogorets Razgrad,Dinamo Batumi,BUL,GEO,3,1,,,SEASON_ONLY
2024-06-30,2024,EUR_CL,,Dinamo Minsk,Pyunik FC,BLR,ARM,0,0,,,SEASON_ONLY
2024-06-30,2024,EUR_CL,,Borac Banja Luka,Egnatia Rrogozhine,BIH,ALB,1,0,,,SEASON_ONLY
2024-06-30,2024,EUR_CL,,KF Ballkani,UE Santa Coloma,KOS,AND,5,6,,,SEASON_ONLY
2024-06-30,2024,EUR_CL,,Lincoln Red Imps,Hamrun Spartans,GIB,MLT,5,4,,,SEASON_ONLY
2024-06-30,2024,EUR_CL,,HJK Helsinki,FK Panevėžys,FIN,LTU,1,1,,,SEASON_ONLY
2024-06-30,2024,EUR_CL,,Pyunik FC,Dinamo Minsk,ARM,BLR,0,1,,,SEASON_ONLY
2024-06-30,2024,EUR_CL,,NK Celje,FC Flora,SVN,EST,2,1,,,SEASON_ONLY
2024-06-30,2024,EUR_CL,,FCSB,SS Virtus,ROU,SMR,4,0,,,SEASON_ONLY
2024-06-30,2024,EUR_CL,,FK Dečić Tuzi,The New Saints,MNE,WAL,1,1,,,SEASON_ONLY
2024-06-30,2024,EUR_CL,,Shamrock Rovers,Víkingur Reykjavík,IRL,ISL,2,1,,,SEASON_ONLY
2024-06-30,2024,EUR_CL,,FC Struga,Slovan Bratislava,MKD,SVK,1,2,,,SEASON_ONLY
2024-06-30,2024,EUR_CL,,FC Differdange 03,KÍ Klaksvík,LUX,FRO,0,0,,,SEASON_ONLY
2024-06-30,2024,EUR_CL,,Dinamo Batumi,PFC Ludogorets Razgrad,GEO,BUL,1,0,,,SEASON_ONLY
2024-06-30,2024,EUR_CL,,CS Petrocub,FK Ordabasy,MDA,KAZ,1,0,,,SEASON_ONLY
2024-06-30,2024,EUR_CL,,Egnatia Rrogozhine,Borac Banja Luka,ALB,BIH,1,4,,,SEASON_ONLY
2024-06-30,2024,EUR_CL,,Larne FC,FK RFS,NIR,LVA,0,4,,,SEASON_ONLY
2024-06-30,2024,EUR_CL,,FK Bodø/Glimt,FK RFS,NOR,LVA,4,0,,,SEASON_ONLY
2024-06-30,2024,EUR_CL,,FK Panevėžys,Jagiellonia Białystok,LTU,POL,0,4,,,SEASON_ONLY
2024-06-30,2024,EUR_CL,,Lincoln Red Imps,Qarabağ FK,GIB,AZE,0,2,,,SEASON_ONLY
2024-06-30,2024,EUR_CL,,APOEL Nikosia,CS Petrocub,CYP,MDA,1,0,,,SEASON_ONLY
2024-06-30,2024,EUR_CL,,Malmö FF,KÍ Klaksvík,SWE,FRO,4,1,,,SEASON_ONLY
2024-06-30,2024,EUR_CL,,FCSB,Maccabi Tel Aviv,ROU,ISR,1,1,,,SEASON_ONLY
2024-06-30,2024,EUR_CL,,Ferencvárosi TC,The New Saints,HUN,WAL,5,0,,,SEASON_ONLY
2024-06-30,2024,EUR_CL,,UE Santa Coloma,FC Midtjylland,AND,DEN,0,3,,,SEASON_ONLY
2024-06-30,2024,EUR_CL,,Dinamo Kiev,Partizan,UKR,SRB,6,2,,,SEASON_ONLY
2024-06-30,2024,EUR_CL,,FC Lugano,Fenerbahçe,SUI,TUR,3,4,,,SEASON_ONLY
2024-06-30,2024,EUR_CL,,Shamrock Rovers,AC Sparta Praha,IRL,CZE,0,2,,,SEASON_ONLY
2024-06-30,2024,EUR_CL,,PAOK Saloniki,Borac Banja Luka,GRE,BIH,3,2,,,SEASON_ONLY
2024-06-30,2024,EUR_CL,,PFC Ludogorets Razgrad,Dinamo Minsk,BUL,BLR,2,0,,,SEASON_ONLY
2024-06-30,2024,EUR_CL,,NK Celje,Slovan Bratislava,SVN,SVK,1,1,,,SEASON_ONLY
2024-06-30,2024,EUR_CL,,Qarabağ FK,Lincoln Red Imps,AZE,GIB,5,0,,,SEASON_ONLY
2024-06-30,2024,EUR_CL,,CS Petrocub,APOEL Nikosia,MDA,CYP,1,1,,,SEASON_ONLY
2024-06-30,2024,EUR_CL,,AC Sparta Praha,Shamrock Rovers,CZE,IRL,4,2,,,SEASON_ONLY
2024-06-30,2024,EUR_CL,,Fenerbahçe,FC Lugano,TUR,SUI,2,1,,,SEASON_ONLY
2024-06-30,2024,EUR_CL,,The New Saints,Ferencvárosi TC,WAL,HUN,1,2,,,SEASON_ONLY
2024-06-30,2024,EUR_CL,,Slovan Bratislava,NK Celje,SVK,SVN,5,0,,,SEASON_ONLY
2024-06-30,2024,EUR_CL,,KÍ Klaksvík,Malmö FF,FRO,SWE,3,2,,,SEASON_ONLY
2024-06-30,2024,EUR_CL,,FK RFS,FK Bodø/Glimt,LVA,NOR,1,3,,,SEASON_ONLY
2024-06-30,2024,EUR_CL,,FC Midtjylland,UE Santa Coloma,DEN,AND,1,0,,,SEASON_ONLY
2024-06-30,2024,EUR_CL,,Partizan,Dinamo Kiev,SRB,UKR,0,3,,,SEASON_ONLY
2024-06-30,2024,EUR_CL,,Maccabi Tel Aviv,FCSB,ISR,ROU,0,1,,,SEASON_ONLY
2024-06-30,2024,EUR_CL,,Jagiellonia Białystok,FK Panevėžys,POL,LTU,3,1,,,SEASON_ONLY
2024-06-30,2024,EUR_CL,,Dinamo Minsk,PFC Ludogorets Razgrad,BLR,BUL,1,0,,,SEASON_ONLY
2024-06-30,2024,EUR_CL,,Borac Banja Luka,PAOK Saloniki,BIH,GRE,0,1,,,SEASON_ONLY
2024-06-30,2024,EUR_CL,,Qarabağ FK,PFC Ludogorets Razgrad,AZE,BUL,1,2,,,SEASON_ONLY
2024-06-30,2024,EUR_CL,,Malmö FF,PAOK Saloniki,SWE,GRE,2,2,,,SEASON_ONLY
2024-06-30,2024,EUR_CL,,FC Midtjylland,Ferencvárosi TC,DEN,HUN,2,0,,,SEASON_ONLY
2024-06-30,2024,EUR_CL,,AC Sparta Praha,FCSB,CZE,ROU,1,1,,,SEASON_ONLY
2024-06-30,2024,EUR_CL,,Dinamo Kiev,Rangers FC,UKR,SCO,1,1,,,SEASON_ONLY
2024-06-30,2024,EUR_CL,,Lille OSC,Fenerbahçe,FRA,TUR,2,1,,,SEASON_ONLY
2024-06-30,2024,EUR_CL,,RB Salzburg,FC Twente,AUT,NED,2,1,,,SEASON_ONLY
2024-06-30,2024,EUR_CL,,Slavia Praha,Union Saint-Gilloise,CZE,BEL,3,1,,,SEASON_ONLY
2024-06-30,2024,EUR_CL,,Slovan Bratislava,APOEL Nikosia,SVK,CYP,2,0,,,SEASON_ONLY
2024-06-30,2024,EUR_CL,,Jagiellonia Białystok,FK Bodø/Glimt,POL,NOR,0,1,,,SEASON_ONLY
2024-06-30,2024,EUR_CL,,APOEL Nikosia,Slovan Bratislava,CYP,SVK,0,0,,,SEASON_ONLY
2024-06-30,2024,EUR_CL,,FK Bodø/Glimt,Jagiellonia Białystok,NOR,POL,4,1,,,SEASON_ONLY
2024-06-30,2024,EUR_CL,,Fenerbahçe,Lille OSC,TUR,FRA,1,1,,,SEASON_ONLY
2024-06-30,2024,EUR_CL,,FC Twente,RB Salzburg,NED,AUT,3,3,,,SEASON_ONLY
2024-06-30,2024,EUR_CL,,PAOK Saloniki,Malmö FF,GRE,SWE,3,4,,,SEASON_ONLY
2024-06-30,2024,EUR_CL,,PFC Ludogorets Razgrad,Qarabağ FK,BUL,AZE,2,7,,,SEASON_ONLY
2024-06-30,2024,EUR_CL,,Ferencvárosi TC,FC Midtjylland,HUN,DEN,1,1,,,SEASON_ONLY
2024-06-30,2024,EUR_CL,,FCSB,AC Sparta Praha,ROU,CZE,2,3,,,SEASON_ONLY
2024-06-30,2024,EUR_CL,,Union Saint-Gilloise,Slavia Praha,BEL,CZE,0,1,,,SEASON_ONLY
2024-06-30,2024,EUR_CL,,Rangers FC,Dinamo Kiev,SCO,UKR,0,2,,,SEASON_ONLY
2024-06-30,2024,EUR_CL,,Dinamo Zagreb,Qarabağ FK,CRO,AZE,3,0,,,SEASON_ONLY
2024-06-30,2024,EUR_CL,,FK Bodø/Glimt,Crvena Zvezda,NOR,SRB,2,1,,,SEASON_ONLY
2024-06-30,2024,EUR_CL,,Lille OSC,Slavia Praha,FRA,CZE,2,0,,,SEASON_ONLY
2024-06-30,2024,EUR_CL,,BSC Young Boys,Galatasaray,SUI,TUR,3,2,,,SEASON_ONLY
2024-06-30,2024,EUR_CL,,FC Midtjylland,Slovan Bratislava,DEN,SVK,1,1,,,SEASON_ONLY
2024-06-30,2024,EUR_CL,,Malmö FF,AC Sparta Praha,SWE,CZE,0,2,,,SEASON_ONLY
2024-06-30,2024,EUR_CL,,Dinamo Kiev,RB Salzburg,UKR,AUT,0,2,,,SEASON_ONLY
2024-06-30,2024,EUR_CL,,Galatasaray,BSC Young Boys,TUR,SUI,0,1,,,SEASON_ONLY
2024-06-30,2024,EUR_CL,,AC Sparta Praha,Malmö FF,CZE,SWE,2,0,,,SEASON_ONLY
2024-06-30,2024,EUR_CL,,RB Salzburg,Dinamo Kiev,AUT,UKR,1,1,,,SEASON_ONLY
2024-06-30,2024,EUR_CL,,Qarabağ FK,Dinamo Zagreb,AZE,CRO,0,2,,,SEASON_ONLY
2024-06-30,2024,EUR_CL,,Slovan Bratislava,FC Midtjylland,SVK,DEN,3,2,,,SEASON_ONLY
2024-06-30,2024,EUR_CL,,Crvena Zvezda,FK Bodø/Glimt,SRB,NOR,2,0,,,SEASON_ONLY
2024-06-30,2024,EUR_CL,,Slavia Praha,Lille OSC,CZE,FRA,2,1,,,SEASON_ONLY
2024-06-30,2024,EUR_CONF,,İstanbul Başakşehir,Rapid Wien,TUR,AUT,1,2,,,SEASON_ONLY
2024-06-30,2024,EUR_CONF,,Vitória Guimarães,NK Celje,POR,SVN,3,1,,,SEASON_ONLY
2024-06-30,2024,EUR_CONF,,Legia Warszawa,Real Betis,POL,ESP,1,0,,,SEASON_ONLY
2024-06-30,2024,EUR_CONF,,Molde FK,Larne FC,NOR,NIR,3,0,,,SEASON_ONLY
2024-06-30,2024,EUR_CONF,,1. FC Heidenheim 1846,Olimpija Ljubljana,GER,SVN,2,1,,,SEASON_ONLY
2024-06-30,2024,EUR_CONF,,Omonia Nikosia,Víkingur Reykjavík,CYP,ISL,4,0,,,SEASON_ONLY
2024-06-30,2024,EUR_CONF,,FK Astana,TSC Bačka Topola,KAZ,SRB,1,0,,,SEASON_ONLY
2024-06-30,2024,EUR_CONF,,Cercle Brugge,FC St. Gallen,BEL,SUI,6,2,,,SEASON_ONLY
2024-06-30,2024,EUR_CONF,,Dinamo Minsk,Heart of Midlothian,BLR,SCO,1,2,,,SEASON_ONLY
2024-06-30,2024,EUR_CONF,,FC Noah,FK Mladá Boleslav,ARM,CZE,2,0,,,SEASON_ONLY
2024-06-30,2024,EUR_CONF,,Chelsea FC,KAA Gent,ENG,BEL,4,2,,,SEASON_ONLY
2024-06-30,2024,EUR_CONF,,FC København,Jagiellonia Białystok,DEN,POL,1,2,,,SEASON_ONLY
2024-06-30,2024,EUR_CONF,,ACF Fiorentina,The New Saints,ITA,WAL,2,0,,,SEASON_ONLY
2024-06-30,2024,EUR_CONF,,LASK,Djurgårdens IF,AUT,SWE,2,2,,,SEASON_ONLY
2024-06-30,2024,EUR_CONF,,Shamrock Rovers,APOEL Nikosia,IRL,CYP,1,1,,,SEASON_ONLY
2024-06-30,2024,EUR_CONF,,FC Lugano,HJK Helsinki,SUI,FIN,3,0,,,SEASON_ONLY
2024-06-30,2024,EUR_CONF,,Borac Banja Luka,Panathinaikos,BIH,GRE,1,1,,,SEASON_ONLY
2024-06-30,2024,EUR_CONF,,CS Petrocub,Paphos FC,MDA,CYP,1,4,,,SEASON_ONLY
2024-06-30,2024,EUR_CONF,,Víkingur Reykjavík,Cercle Brugge,ISL,BEL,3,1,,,SEASON_ONLY
2024-06-30,2024,EUR_CONF,,KAA Gent,Molde FK,BEL,NOR,2,1,,,SEASON_ONLY
2024-06-30,2024,EUR_CONF,,Djurgårdens IF,Vitória Guimarães,SWE,POR,1,2,,,SEASON_ONLY
2024-06-30,2024,EUR_CONF,,APOEL Nikosia,Borac Banja Luka,CYP,BIH,0,1,,,SEASON_ONLY
2024-06-30,2024,EUR_CONF,,Rapid Wien,FC Noah,AUT,ARM,1,0,,,SEASON_ONLY
2024-06-30,2024,EUR_CONF,,Heart of Midlothian,Omonia Nikosia,SCO,CYP,2,0,,,SEASON_ONLY
2024-06-30,2024,EUR_CONF,,FC St. Gallen,ACF Fiorentina,SUI,ITA,2,4,,,SEASON_ONLY
2024-06-30,2024,EUR_CONF,,Panathinaikos,Chelsea FC,GRE,ENG,1,4,,,SEASON_ONLY
2024-06-30,2024,EUR_CONF,,Jagiellonia Białystok,CS Petrocub,POL,MDA,2,0,,,SEASON_ONLY
2024-06-30,2024,EUR_CONF,,NK Celje,İstanbul Başakşehir,SVN,TUR,5,1,,,SEASON_ONLY
2024-06-30,2024,EUR_CONF,,Larne FC,Shamrock Rovers,NIR,IRL,1,4,,,SEASON_ONLY
2024-06-30,2024,EUR_CONF,,Real Betis,FC København,ESP,DEN,1,1,,,SEASON_ONLY
2024-06-30,2024,EUR_CONF,,HJK Helsinki,Dinamo Minsk,FIN,BLR,1,0,,,SEASON_ONLY
2024-06-30,2024,EUR_CONF,,Olimpija Ljubljana,LASK,SVN,AUT,2,0,,,SEASON_ONLY
2024-06-30,2024,EUR_CONF,,The New Saints,FK Astana,WAL,KAZ,2,0,,,SEASON_ONLY
2024-06-30,2024,EUR_CONF,,FK Mladá Boleslav,FC Lugano,CZE,SUI,0,1,,,SEASON_ONLY
2024-06-30,2024,EUR_CONF,,TSC Bačka Topola,Legia Warszawa,SRB,POL,0,3,,,SEASON_ONLY
2024-06-30,2024,EUR_CONF,,Paphos FC,1. FC Heidenheim 1846,CYP,GER,0,1,,,SEASON_ONLY
2024-06-30,2024,EUR_CONF,,Víkingur Reykjavík,Borac Banja Luka,ISL,BIH,2,0,,,SEASON_ONLY
2024-06-30,2024,EUR_CONF,,KAA Gent,Omonia Nikosia,BEL,CYP,1,0,,,SEASON_ONLY
2024-06-30,2024,EUR_CONF,,Legia Warszawa,Dinamo Minsk,POL,BLR,4,0,,,SEASON_ONLY
2024-06-30,2024,EUR_CONF,,HJK Helsinki,Olimpija Ljubljana,FIN,SVN,0,2,,,SEASON_ONLY
2024-06-30,2024,EUR_CONF,,Shamrock Rovers,The New Saints,IRL,WAL,2,1,,,SEASON_ONLY
2024-06-30,2024,EUR_CONF,,TSC Bačka Topola,FC Lugano,SRB,SUI,4,1,,,SEASON_ONLY
2024-06-30,2024,EUR_CONF,,CS Petrocub,Rapid Wien,MDA,AUT,0,3,,,SEASON_ONLY
2024-06-30,2024,EUR_CONF,,Paphos FC,FK Astana,CYP,KAZ,1,0,,,SEASON_ONLY
2024-06-30,2024,EUR_CONF,,Chelsea FC,FC Noah,ENG,ARM,8,0,,,SEASON_ONLY
2024-06-30,2024,EUR_CONF,,FC København,İstanbul Başakşehir,DEN,TUR,2,2,,,SEASON_ONLY
2024-06-30,2024,EUR_CONF,,Real Betis,NK Celje,ESP,SVN,2,1,,,SEASON_ONLY
2024-06-30,2024,EUR_CONF,,LASK,Cercle Brugge,AUT,BEL,0,0,,,SEASON_ONLY
2024-06-30,2024,EUR_CONF,,Djurgårdens IF,Panathinaikos,SWE,GRE,2,1,,,SEASON_ONLY
2024-06-30,2024,EUR_CONF,,APOEL Nikosia,ACF Fiorentina,CYP,ITA,2,1,,,SEASON_ONLY
2024-06-30,2024,EUR_CONF,,Vitória Guimarães,FK Mladá Boleslav,POR,CZE,2,1,,,SEASON_ONLY
2024-06-30,2024,EUR_CONF,,Heart of Midlothian,1. FC Heidenheim 1846,SCO,GER,0,2,,,SEASON_ONLY
2024-06-30,2024,EUR_CONF,,Jagiellonia Białystok,Molde FK,POL,NOR,3,0,,,SEASON_ONLY
2024-06-30,2024,EUR_CONF,,Larne FC,FC St. Gallen,NIR,SUI,1,2,,,SEASON_ONLY
2024-06-30,2024,EUR_CONF,,İstanbul Başakşehir,CS Petrocub,TUR,MDA,1,1,,,SEASON_ONLY
2024-06-30,2024,EUR_CONF,,FK Astana,Vitória Guimarães,KAZ,POR,1,1,,,SEASON_ONLY
2024-06-30,2024,EUR_CONF,,Molde FK,APOEL Nikosia,NOR,CYP,0,1,,,SEASON_ONLY
2024-06-30,2024,EUR_CONF,,1. FC Heidenheim 1846,Chelsea FC,GER,ENG,0,2,,,SEASON_ONLY
2024-06-30,2024,EUR_CONF,,Cercle Brugge,Heart of Midlothian,BEL,SCO,2,0,,,SEASON_ONLY
2024-06-30,2024,EUR_CONF,,The New Saints,Djurgårdens IF,WAL,SWE,0,1,,,SEASON_ONLY
2024-06-30,2024,EUR_CONF,,FC St. Gallen,TSC Bačka Topola,SUI,SRB,2,2,,,SEASON_ONLY
2024-06-30,2024,EUR_CONF,,Panathinaikos,HJK Helsinki,GRE,FIN,1,0,,,SEASON_ONLY
2024-06-30,2024,EUR_CONF,,Borac Banja Luka,LASK,BIH,AUT,2,1,,,SEASON_ONLY
2024-06-30,2024,EUR_CONF,,NK Celje,Jagiellonia Białystok,SVN,POL,3,3,,,SEASON_ONLY
2024-06-30,2024,EUR_CONF,,Dinamo Minsk,FC København,BLR,DEN,1,2,,,SEASON_ONLY
2024-06-30,2024,EUR_CONF,,FC Noah,Víkingur Reykjavík,ARM,ISL,0,0,,,SEASON_ONLY
2024-06-30,2024,EUR_CONF,,ACF Fiorentina,Paphos FC,ITA,CYP,3,2,,,SEASON_ONLY
2024-06-30,2024,EUR_CONF,,Olimpija Ljubljana,Larne FC,SVN,NIR,1,0,,,SEASON_ONLY
2024-06-30,2024,EUR_CONF,,Omonia Nikosia,Legia Warszawa,CYP,POL,0,3,,,SEASON_ONLY
2024-06-30,2024,EUR_CONF,,Rapid Wien,Shamrock Rovers,AUT,IRL,1,1,,,SEASON_ONLY
2024-06-30,2024,EUR_CONF,,FK Mladá Boleslav,Real Betis,CZE,ESP,2,1,,,SEASON_ONLY
2024-06-30,2024,EUR_CONF,,FC Lugano,KAA Gent,SUI,BEL,2,0,,,SEASON_ONLY
2024-06-30,2024,EUR_CONF,,Víkingur Reykjavík,Djurgårdens IF,ISL,SWE,1,2,,,SEASON_ONLY
2024-06-30,2024,EUR_CONF,,FK Astana,Chelsea FC,KAZ,ENG,1,3,,,SEASON_ONLY
2024-06-30,2024,EUR_CONF,,FC København,Heart of Midlothian,DEN,SCO,2,0,,,SEASON_ONLY
2024-06-30,2024,EUR_CONF,,ACF Fiorentina,LASK,ITA,AUT,7,0,,,SEASON_ONLY
2024-06-30,2024,EUR_CONF,,İstanbul Başakşehir,1. FC Heidenheim 1846,TUR,GER,3,1,,,SEASON_ONLY
2024-06-30,2024,EUR_CONF,,Legia Warszawa,FC Lugano,POL,SUI,1,2,,,SEASON_ONLY
2024-06-30,2024,EUR_CONF,,HJK Helsinki,Molde FK,FIN,NOR,2,2,,,SEASON_ONLY
2024-06-30,2024,EUR_CONF,,Olimpija Ljubljana,Cercle Brugge,SVN,BEL,1,4,,,SEASON_ONLY
2024-06-30,2024,EUR_CONF,,CS Petrocub,Real Betis,MDA,ESP,0,1,,,SEASON_ONLY
2024-06-30,2024,EUR_CONF,,Dinamo Minsk,Larne FC,BLR,NIR,2,0,,,SEASON_ONLY
2024-06-30,2024,EUR_CONF,,FC Noah,APOEL Nikosia,ARM,CYP,1,3,,,SEASON_ONLY
2024-06-30,2024,EUR_CONF,,KAA Gent,TSC Bačka Topola,BEL,SRB,3,0,,,SEASON_ONLY
2024-06-30,2024,EUR_CONF,,Omonia Nikosia,Rapid Wien,CYP,AUT,3,1,,,SEASON_ONLY
2024-06-30,2024,EUR_CONF,,Shamrock Rovers,Borac Banja Luka,IRL,BIH,3,0,,,SEASON_ONLY
2024-06-30,2024,EUR_CONF,,The New Saints,Panathinaikos,WAL,GRE,0,2,,,SEASON_ONLY
2024-06-30,2024,EUR_CONF,,FK Mladá Boleslav,Jagiellonia Białystok,CZE,POL,1,0,,,SEASON_ONLY
2024-06-30,2024,EUR_CONF,,FC St. Gallen,Vitória Guimarães,SUI,POR,1,4,,,SEASON_ONLY
2024-06-30,2024,EUR_CONF,,Paphos FC,NK Celje,CYP,SVN,2,0,,,SEASON_ONLY
2024-06-30,2024,EUR_CONF,,Chelsea FC,Shamrock Rovers,ENG,IRL,5,1,,,SEASON_ONLY
2024-06-30,2024,EUR_CONF,,Real Betis,HJK Helsinki,ESP,FIN,1,0,,,SEASON_ONLY
2024-06-30,2024,EUR_CONF,,LASK,Víkingur Reykjavík,AUT,ISL,1,1,,,SEASON_ONLY
2024-06-30,2024,EUR_CONF,,Djurgårdens IF,Legia Warszawa,SWE,POL,3,1,,,SEASON_ONLY
2024-06-30,2024,EUR_CONF,,APOEL Nikosia,FK Astana,CYP,KAZ,1,1,,,SEASON_ONLY
2024-06-30,2024,EUR_CONF,,Molde FK,FK Mladá Boleslav,NOR,CZE,4,3,,,SEASON_ONLY
2024-06-30,2024,EUR_CONF,,1. FC Heidenheim 1846,FC St. Gallen,GER,SUI,1,1,,,SEASON_ONLY
2024-06-30,2024,EUR_CONF,,Vitória Guimarães,ACF Fiorentina,POR,ITA,1,1,,,SEASON_ONLY
2024-06-30,2024,EUR_CONF,,Rapid Wien,FC København,AUT,DEN,3,0,,,SEASON_ONLY
2024-06-30,2024,EUR_CONF,,Cercle Brugge,İstanbul Başakşehir,BEL,TUR,1,1,,,SEASON_ONLY
2024-06-30,2024,EUR_CONF,,Heart of Midlothian,CS Petrocub,SCO,MDA,2,2,,,SEASON_ONLY
2024-06-30,2024,EUR_CONF,,FC Lugano,Paphos FC,SUI,CYP,2,2,,,SEASON_ONLY
2024-06-30,2024,EUR_CONF,,Panathinaikos,Dinamo Minsk,GRE,BLR,4,0,,,SEASON_ONLY
2024-06-30,2024,EUR_CONF,,TSC Bačka Topola,FC Noah,SRB,ARM,4,3,,,SEASON_ONLY
2024-06-30,2024,EUR_CONF,,Borac Banja Luka,Omonia Nikosia,BIH,CYP,0,0,,,SEASON_ONLY
2024-06-30,2024,EUR_CONF,,Jagiellonia Białystok,Olimpija Ljubljana,POL,SVN,0,0,,,SEASON_ONLY
2024-06-30,2024,EUR_CONF,,NK Celje,The New Saints,SVN,WAL,3,2,,,SEASON_ONLY
2024-06-30,2024,EUR_CONF,,Larne FC,KAA Gent,NIR,BEL,1,0,,,SEASON_ONLY
2024-06-30,2024,EUR_CONF,,TSC Bačka Topola,Jagiellonia Białystok,SRB,POL,1,3,,,SEASON_ONLY
2024-06-30,2024,EUR_CONF,,Molde FK,Shamrock Rovers,NOR,IRL,0,1,,,SEASON_ONLY
2024-06-30,2024,EUR_CONF,,NK Celje,APOEL Nikosia,SVN,CYP,2,2,,,SEASON_ONLY
2024-06-30,2024,EUR_CONF,,Víkingur Reykjavík,Panathinaikos,ISL,GRE,2,1,,,SEASON_ONLY
2024-06-30,2024,EUR_CONF,,Omonia Nikosia,Paphos FC,CYP,CYP,1,1,,,SEASON_ONLY
2024-06-30,2024,EUR_CONF,,Borac Banja Luka,Olimpija Ljubljana,BIH,SVN,1,0,,,SEASON_ONLY
2024-06-30,2024,EUR_CONF,,KAA Gent,Real Betis,BEL,ESP,0,3,,,SEASON_ONLY
2024-06-30,2024,EUR_CONF,,FC København,1. FC Heidenheim 1846,DEN,GER,1,2,,,SEASON_ONLY
2024-06-30,2024,EUR_CONF,,Paphos FC,Omonia Nikosia,CYP,CYP,2,1,,,SEASON_ONLY
2024-06-30,2024,EUR_CONF,,Olimpija Ljubljana,Borac Banja Luka,SVN,BIH,0,0,,,SEASON_ONLY
2024-06-30,2024,EUR_CONF,,Real Betis,KAA Gent,ESP,BEL,0,1,,,SEASON_ONLY
2024-06-30,2024,EUR_CONF,,1. FC Heidenheim 1846,FC København,GER,DEN,1,3,,,SEASON_ONLY
2024-06-30,2024,EUR_CONF,,Jagiellonia Białystok,TSC Bačka Topola,POL,SRB,3,1,,,SEASON_ONLY
2024-06-30,2024,EUR_CONF,,Shamrock Rovers,Molde FK,IRL,NOR,4,5,,,SEASON_ONLY
2024-06-30,2024,EUR_CONF,,APOEL Nikosia,NK Celje,CYP,SVN,0,2,,,SEASON_ONLY
2024-06-30,2024,EUR_CONF,,Panathinaikos,Víkingur Reykjavík,GRE,ISL,2,0,,,SEASON_ONLY
2024-06-30,2024,EUR_CONF,,Real Betis,Vitória Guimarães,ESP,POR,2,2,,,SEASON_ONLY
2024-06-30,2024,EUR_CONF,,FC København,Chelsea FC,DEN,ENG,1,2,,,SEASON_ONLY
2024-06-30,2024,EUR_CONF,,Panathinaikos,ACF Fiorentina,GRE,ITA,3,2,,,SEASON_ONLY
2024-06-30,2024,EUR_CONF,,Molde FK,Legia Warszawa,NOR,POL,3,2,,,SEASON_ONLY
2024-06-30,2024,EUR_CONF,,Jagiellonia Białystok,Cercle Brugge,POL,BEL,3,0,,,SEASON_ONLY
2024-06-30,2024,EUR_CONF,,Borac Banja Luka,Rapid Wien,BIH,AUT,1,1,,,SEASON_ONLY
2024-06-30,2024,EUR_CONF,,Paphos FC,Djurgårdens IF,CYP,SWE,1,0,,,SEASON_ONLY
2024-06-30,2024,EUR_CONF,,NK Celje,FC Lugano,SVN,SUI,1,0,,,SEASON_ONLY
2024-06-30,2024,EUR_CONF,,Cercle Brugge,Jagiellonia Białystok,BEL,POL,2,0,,,SEASON_ONLY
2024-06-30,2024,EUR_CONF,,Rapid Wien,Borac Banja Luka,AUT,BIH,2,1,,,SEASON_ONLY
2024-06-30,2024,EUR_CONF,,Djurgårdens IF,Paphos FC,SWE,CYP,3,0,,,SEASON_ONLY
2024-06-30,2024,EUR_CONF,,FC Lugano,NK Celje,SUI,SVN,1,3,,,SEASON_ONLY
2024-06-30,2024,EUR_CONF,,Vitória Guimarães,Real Betis,POR,ESP,0,4,,,SEASON_ONLY
2024-06-30,2024,EUR_CONF,,Chelsea FC,FC København,ENG,DEN,1,0,,,SEASON_ONLY
2024-06-30,2024,EUR_CONF,,ACF Fiorentina,Panathinaikos,ITA,GRE,3,1,,,SEASON_ONLY
2024-06-30,2024,EUR_CONF,,Legia Warszawa,Molde FK,POL,NOR,2,0,,,SEASON_ONLY
2024-06-30,2024,EUR_CONF,,Legia Warszawa,Chelsea FC,POL,ENG,0,3,,,SEASON_ONLY
2024-06-30,2024,EUR_CONF,,Real Betis,Jagiellonia Białystok,ESP,POL,2,0,,,SEASON_ONLY
2024-06-30,2024,EUR_CONF,,NK Celje,ACF Fiorentina,SVN,ITA,1,2,,,SEASON_ONLY
2024-06-30,2024,EUR_CONF,,Djurgårdens IF,Rapid Wien,SWE,AUT,0,1,,,SEASON_ONLY
2024-06-30,2024,EUR_CONF,,Jagiellonia Białystok,Real Betis,POL,ESP,1,1,,,SEASON_ONLY
2024-06-30,2024,EUR_CONF,,ACF Fiorentina,NK Celje,ITA,SVN,2,2,,,SEASON_ONLY
2024-06-30,2024,EUR_CONF,,Chelsea FC,Legia Warszawa,ENG,POL,1,2,,,SEASON_ONLY
2024-06-30,2024,EUR_CONF,,Rapid Wien,Djurgårdens IF,AUT,SWE,1,4,,,SEASON_ONLY
2024-06-30,2024,EUR_CONF,,Real Betis,ACF Fiorentina,ESP,ITA,2,1,,,SEASON_ONLY
2024-06-30,2024,EUR_CONF,,Djurgårdens IF,Chelsea FC,SWE,ENG,1,4,,,SEASON_ONLY
2024-06-30,2024,EUR_CONF,,ACF Fiorentina,Real Betis,ITA,ESP,2,2,,,SEASON_ONLY
2024-06-30,2024,EUR_CONF,,Chelsea FC,Djurgårdens IF,ENG,SWE,1,0,,,SEASON_ONLY
2024-06-30,2024,EUR_CONF,,Real Betis,Chelsea FC,ESP,ENG,1,4,,,SEASON_ONLY
2024-06-30,2024,EUR_CONF,,Velež Mostar,Inter Club d'Escaldes,BIH,AND,1,1,,,SEASON_ONLY
2024-06-30,2024,EUR_CONF,,FK Auda,B36 Tórshavn,LVA,FRO,2,0,,,SEASON_ONLY
2024-06-30,2024,EUR_CONF,,FA Šiauliai,FCI Levadia,LTU,EST,0,2,,,SEASON_ONLY
2024-06-30,2024,EUR_CONF,,KF Malisheva,FK Budućnost Podgorica,KOS,MNE,1,0,,,SEASON_ONLY
2024-06-30,2024,EUR_CONF,,FK Aktobe,FK Sarajevo,KAZ,BIH,0,1,,,SEASON_ONLY
2024-06-30,2024,EUR_CONF,,FK Liepāja,Víkingur,LVA,FRO,1,1,,,SEASON_ONLY
2024-06-30,2024,EUR_CONF,,FCB Magpies,Derry City,GIB,IRL,2,0,,,SEASON_ONLY
2024-06-30,2024,EUR_CONF,,NK Bravo,Connah's Quay Nomads,SVN,WAL,0,1,,,SEASON_ONLY
2024-06-30,2024,EUR_CONF,,FC Noah,KF Shkëndija 79,ARM,MKD,2,0,,,SEASON_ONLY
2024-06-30,2024,EUR_CONF,,JK Tallinna Kalev,FC Urartu,EST,ARM,1,2,,,SEASON_ONLY
2024-06-30,2024,EUR_CONF,,Atlétic Escaldes,F91 Dudelange,AND,LUX,0,1,,,SEASON_ONLY
2024-06-30,2024,EUR_CONF,,Floriana FC,SP Tre Penne,MLT,SMR,3,1,,,SEASON_ONLY
2024-06-30,2024,EUR_CONF,,Torpedo-BelAZ Zhodino,FC Milsami,BLR,MDA,2,4,,,SEASON_ONLY
2024-06-30,2024,EUR_CONF,,Torpedo Kutaisi,KF Tiranë,GEO,ALB,1,1,,,SEASON_ONLY
2024-06-30,2024,EUR_CONF,,UNA Strassen,Kuopion PS,LUX,FIN,0,0,,,SEASON_ONLY
2024-06-30,2024,EUR_CONF,,Vaasan PS,FK Žalgiris,FIN,LTU,1,2,,,SEASON_ONLY
2024-06-30,2024,EUR_CONF,,Caernarfon Town,Crusaders FC,WAL,NIR,2,0,,,SEASON_ONLY
2024-06-30,2024,EUR_CONF,,Bala Town,Paide Linnameeskond,WAL,EST,1,2,,,SEASON_ONLY
2024-06-30,2024,EUR_CONF,,FK Partizani,Marsaxlokk FC,ALB,MLT,1,1,,,SEASON_ONLY
2024-06-30,2024,EUR_CONF,,GFK Tikvesh,Breiðablik,MKD,ISL,3,2,,,SEASON_ONLY
2024-06-30,2024,EUR_CONF,,SP La Fiorita,FK Isloch Minsk,SMR,BLR,0,1,,,SEASON_ONLY
2024-06-30,2024,EUR_CONF,,Shelbourne FC,St. Joseph's FC,IRL,GIB,2,1,,,SEASON_ONLY
2024-06-30,2024,EUR_CONF,,FK Mornar,Dinamo Tbilisi,MNE,GEO,2,1,,,SEASON_ONLY
2024-06-30,2024,EUR_CONF,,Valur Reykjavík,FK Vllaznia,ISL,ALB,2,2,,,SEASON_ONLY
2024-06-30,2024,EUR_CONF,,UMF Stjarnan,Linfield FC,ISL,NIR,2,0,,,SEASON_ONLY
2024-06-30,2024,EUR_CONF,,B36 Tórshavn,FK Auda,FRO,LVA,0,1,,,SEASON_ONLY
2024-06-30,2024,EUR_CONF,,Crusaders FC,Caernarfon Town,NIR,WAL,7,8,,,SEASON_ONLY
2024-06-30,2024,EUR_CONF,,FC Urartu,JK Tallinna Kalev,ARM,EST,2,0,,,SEASON_ONLY
2024-06-30,2024,EUR_CONF,,Kuopion PS,UNA Strassen,FIN,LUX,5,0,,,SEASON_ONLY
2024-06-30,2024,EUR_CONF,,Inter Club d'Escaldes,Velež Mostar,AND,BIH,5,1,,,SEASON_ONLY
2024-06-30,2024,EUR_CONF,,FC Milsami,Torpedo-BelAZ Zhodino,MDA,BLR,0,0,,,SEASON_ONLY
2024-06-30,2024,EUR_CONF,,FCI Levadia,FA Šiauliai,EST,LTU,0,0,,,SEASON_ONLY
2024-06-30,2024,EUR_CONF,,St. Joseph's FC,Shelbourne FC,GIB,IRL,1,1,,,SEASON_ONLY
2024-06-30,2024,EUR_CONF,,FK Žalgiris,Vaasan PS,LTU,FIN,1,0,,,SEASON_ONLY
2024-06-30,2024,EUR_CONF,,Paide Linnameeskond,Bala Town,EST,WAL,1,1,,,SEASON_ONLY
2024-06-30,2024,EUR_CONF,,F91 Dudelange,Atlétic Escaldes,LUX,AND,2,0,,,SEASON_ONLY
2024-06-30,2024,EUR_CONF,,Marsaxlokk FC,FK Partizani,MLT,ALB,1,2,,,SEASON_ONLY
2024-06-30,2024,EUR_CONF,,Dinamo Tbilisi,FK Mornar,GEO,MNE,1,1,,,SEASON_ONLY
2024-06-30,2024,EUR_CONF,,FK Isloch Minsk,SP La Fiorita,BLR,SMR,2,4,,,SEASON_ONLY
2024-06-30,2024,EUR_CONF,,Connah's Quay Nomads,NK Bravo,WAL,SVN,0,2,,,SEASON_ONLY
2024-06-30,2024,EUR_CONF,,KF Tiranë,Torpedo Kutaisi,ALB,GEO,0,1,,,SEASON_ONLY
2024-06-30,2024,EUR_CONF,,Víkingur,FK Liepāja,FRO,LVA,2,0,,,SEASON_ONLY
2024-06-30,2024,EUR_CONF,,KF Shkëndija 79,FC Noah,MKD,ARM,1,2,,,SEASON_ONLY
2024-06-30,2024,EUR_CONF,,FK Vllaznia,Valur Reykjavík,ALB,ISL,0,4,,,SEASON_ONLY
2024-06-30,2024,EUR_CONF,,SP Tre Penne,Floriana FC,SMR,MLT,1,1,,,SEASON_ONLY
2024-06-30,2024,EUR_CONF,,Derry City,FCB Magpies,IRL,GIB,2,1,,,SEASON_ONLY
2024-06-30,2024,EUR_CONF,,Linfield FC,UMF Stjarnan,NIR,ISL,3,2,,,SEASON_ONLY
2024-06-30,2024,EUR_CONF,,FK Budućnost Podgorica,KF Malisheva,MNE,KOS,3,0,,,SEASON_ONLY
2024-06-30,2024,EUR_CONF,,FK Sarajevo,FK Aktobe,BIH,KAZ,4,3,,,SEASON_ONLY
2024-06-30,2024,EUR_CONF,,Breiðablik,GFK Tikvesh,ISL,MKD,3,1,,,SEASON_ONLY
2024-06-30,2024,EUR_CONF,,KF Ballkani,Hamrun Spartans,KOS,MLT,0,0,,,SEASON_ONLY
2024-06-30,2024,EUR_CONF,,FC Differdange 03,FK Ordabasy,LUX,KAZ,1,0,,,SEASON_ONLY
2024-06-30,2024,EUR_CONF,,SS Virtus,FC Flora,SMR,EST,0,0,,,SEASON_ONLY
2024-06-30,2024,EUR_CONF,,FC Struga,Pyunik FC,MKD,ARM,2,1,,,SEASON_ONLY
2024-06-30,2024,EUR_CONF,,Riga FC,Śląsk Wrocław,LVA,POL,1,0,,,SEASON_ONLY
2024-06-30,2024,EUR_CONF,,Dinamo Batumi,FK Dečić Tuzi,GEO,MNE,0,2,,,SEASON_ONLY
2024-06-30,2024,EUR_CONF,,AEK Athen,Inter Club d'Escaldes,GRE,AND,4,3,,,SEASON_ONLY
2024-06-30,2024,EUR_CONF,,Cliftonville FC,FK Auda,NIR,LVA,1,2,,,SEASON_ONLY
2024-06-30,2024,EUR_CONF,,Kuopion PS,Tromsø IL,FIN,NOR,0,1,,,SEASON_ONLY
2024-06-30,2024,EUR_CONF,,Sumgayıt FK,Fehérvár FC,AZE,HUN,1,2,,,SEASON_ONLY
2024-06-30,2024,EUR_CONF,,Ilves Tampere,Austria Wien,FIN,AUT,2,1,,,SEASON_ONLY
2024-06-30,2024,EUR_CONF,,FCB Magpies,FC København,GIB,DEN,0,3,,,SEASON_ONLY
2024-06-30,2024,EUR_CONF,,FK Žalgiris,Paphos FC,LTU,CYP,2,1,,,SEASON_ONLY
2024-06-30,2024,EUR_CONF,,FK Mladá Boleslav,FK TransINVEST,CZE,LTU,2,0,,,SEASON_ONLY
2024-06-30,2024,EUR_CONF,,FC Noah,Sliema Wanderers,ARM,MLT,7,0,,,SEASON_ONLY
2024-06-30,2024,EUR_CONF,,FC Iberia 1999,FK Partizani,GEO,ALB,2,0,,,SEASON_ONLY
2024-06-30,2024,EUR_CONF,,FC Milsami,FK Astana,MDA,KAZ,1,1,,,SEASON_ONLY
2024-06-30,2024,EUR_CONF,,Go Ahead Eagles,SK Brann,NED,NOR,0,0,,,SEASON_ONLY
2024-06-30,2024,EUR_CONF,,Omonia Nikosia,Torpedo Kutaisi,CYP,GEO,3,1,,,SEASON_ONLY
2024-06-30,2024,EUR_CONF,,Zira FK,FC DAC 1904,AZE,SVK,4,0,,,SEASON_ONLY
2024-06-30,2024,EUR_CONF,,FC Zimbru,FC Ararat-Armenia,MDA,ARM,0,3,,,SEASON_ONLY
2024-06-30,2024,EUR_CONF,,Olimpija Ljubljana,Polissya Zhytomyr,SVN,UKR,2,0,,,SEASON_ONLY
2024-06-30,2024,EUR_CONF,,SK Dnipro-1,Puskás FC,UKR,HUN,0,3,,,SEASON_ONLY
2024-06-30,2024,EUR_CONF,,Djurgårdens IF,Progrès Niedercorn,SWE,LUX,3,0,,,SEASON_ONLY
2024-06-30,2024,EUR_CONF,,F91 Dudelange,BK Häcken,LUX,SWE,2,6,,,SEASON_ONLY
2024-06-30,2024,EUR_CONF,,Hapoel Be'er Sheva,Cherno More Varna,ISR,BUL,0,0,,,SEASON_ONLY
2024-06-30,2024,EUR_CONF,,Floriana FC,Vitória Guimarães,MLT,POR,0,1,,,SEASON_ONLY
2024-06-30,2024,EUR_CONF,,Baník Ostrava,FC Urartu,CZE,ARM,5,1,,,SEASON_ONLY
2024-06-30,2024,EUR_CONF,,FC Zürich,Shelbourne FC,SUI,IRL,3,0,,,SEASON_ONLY
2024-06-30,2024,EUR_CONF,,Brøndby IF,KF Llapi,DEN,KOS,6,0,,,SEASON_ONLY
2024-06-30,2024,EUR_CONF,,Maccabi Haifa,Sabah FK,ISR,AZE,0,3,,,SEASON_ONLY
2024-06-30,2024,EUR_CONF,,CSKA 1948 Sofia,FK Budućnost Podgorica,BUL,MNE,1,0,,,SEASON_ONLY
2024-06-30,2024,EUR_CONF,,CFR Cluj,Neman Grodno,ROU,BLR,0,0,,,SEASON_ONLY
2024-06-30,2024,EUR_CONF,,İstanbul Başakşehir,SP La Fiorita,TUR,SMR,6,1,,,SEASON_ONLY
2024-06-30,2024,EUR_CONF,,NK Osijek,FCI Levadia,CRO,EST,5,1,,,SEASON_ONLY
2024-06-30,2024,EUR_CONF,,KAA Gent,Víkingur,BEL,FRO,4,1,,,SEASON_ONLY
2024-06-30,2024,EUR_CONF,,FC St. Gallen,Tobyl Kostanay,SUI,KAZ,4,1,,,SEASON_ONLY
2024-06-30,2024,EUR_CONF,,FK Radnički 1923,FK Mornar,SRB,MNE,1,0,,,SEASON_ONLY
2024-06-30,2024,EUR_CONF,,Paksi SE,AEK Larnaca,HUN,CYP,3,0,,,SEASON_ONLY
2024-06-30,2024,EUR_CONF,,NK Maribor,CS Universitatea Craiova,SVN,ROU,2,0,,,SEASON_ONLY
2024-06-30,2024,EUR_CONF,,Víkingur Reykjavík,Egnatia Rrogozhine,ISL,ALB,0,1,,,SEASON_ONLY
2024-06-30,2024,EUR_CONF,,Valur Reykjavík,St. Mirren FC,ISL,SCO,0,0,,,SEASON_ONLY
2024-06-30,2024,EUR_CONF,,St Patrick's Athletic,FC Vaduz,IRL,LIE,3,1,,,SEASON_ONLY
2024-06-30,2024,EUR_CONF,,Legia Warszawa,Caernarfon Town,POL,WAL,6,0,,,SEASON_ONLY
2024-06-30,2024,EUR_CONF,,Hajduk Split,HB Tórshavn,CRO,FRO,2,0,,,SEASON_ONLY
2024-06-30,2024,EUR_CONF,,Zrinjski Mostar,NK Bravo,BIH,SVN,0,1,,,SEASON_ONLY
2024-06-30,2024,EUR_CONF,,UMF Stjarnan,Paide Linnameeskond,ISL,EST,2,1,,,SEASON_ONLY
2024-06-30,2024,EUR_CONF,,FK Sarajevo,Spartak Trnava,BIH,SVK,0,0,,,SEASON_ONLY
2024-06-30,2024,EUR_CONF,,Breiðablik,Drita Gjilan,ISL,KOS,1,2,,,SEASON_ONLY
2024-06-30,2024,EUR_CONF,,Drita Gjilan,Breiðablik,KOS,ISL,1,0,,,SEASON_ONLY
2024-06-30,2024,EUR_CONF,,FC Flora,SS Virtus,EST,SMR,5,2,,,SEASON_ONLY
2024-06-30,2024,EUR_CONF,,Pyunik FC,FC Struga,ARM,MKD,3,1,,,SEASON_ONLY
2024-06-30,2024,EUR_CONF,,Hamrun Spartans,KF Ballkani,MLT,KOS,0,2,,,SEASON_ONLY
2024-06-30,2024,EUR_CONF,,FK Dečić Tuzi,Dinamo Batumi,MNE,GEO,0,0,,,SEASON_ONLY
2024-06-30,2024,EUR_CONF,,FK Auda,Cliftonville FC,LVA,NIR,2,0,,,SEASON_ONLY
2024-06-30,2024,EUR_CONF,,Fehérvár FC,Sumgayıt FK,HUN,AZE,0,0,,,SEASON_ONLY
2024-06-30,2024,EUR_CONF,,BK Häcken,F91 Dudelange,SWE,LUX,6,1,,,SEASON_ONLY
2024-06-30,2024,EUR_CONF,,Austria Wien,Ilves Tampere,AUT,FIN,4,5,,,SEASON_ONLY
2024-06-30,2024,EUR_CONF,,Spartak Trnava,FK Sarajevo,SVK,BIH,3,0,,,SEASON_ONLY
2024-06-30,2024,EUR_CONF,,FK Mornar,FK Radnički 1923,MNE,SRB,4,3,,,SEASON_ONLY
2024-06-30,2024,EUR_CONF,,FK Astana,FC Milsami,KAZ,MDA,1,0,,,SEASON_ONLY
2024-06-30,2024,EUR_CONF,,FK Ordabasy,FC Differdange 03,KAZ,LUX,4,3,,,SEASON_ONLY
2024-06-30,2024,EUR_CONF,,NK Bravo,Zrinjski Mostar,SVN,BIH,1,3,,,SEASON_ONLY
2024-06-30,2024,EUR_CONF,,FC Urartu,Baník Ostrava,ARM,CZE,0,2,,,SEASON_ONLY
2024-06-30,2024,EUR_CONF,,KF Llapi,Brøndby IF,KOS,DEN,2,2,,,SEASON_ONLY
2024-06-30,2024,EUR_CONF,,FC Ararat-Armenia,FC Zimbru,ARM,MDA,3,1,,,SEASON_ONLY
2024-06-30,2024,EUR_CONF,,FCI Levadia,NK Osijek,EST,CRO,0,1,,,SEASON_ONLY
2024-06-30,2024,EUR_CONF,,Polissya Zhytomyr,Olimpija Ljubljana,UKR,SVN,1,2,,,SEASON_ONLY
2024-06-30,2024,EUR_CONF,,Paphos FC,FK Žalgiris,CYP,LTU,3,0,,,SEASON_ONLY
2024-06-30,2024,EUR_CONF,,Tobyl Kostanay,FC St. Gallen,KAZ,SUI,0,1,,,SEASON_ONLY
2024-06-30,2024,EUR_CONF,,FK TransINVEST,FK Mladá Boleslav,LTU,CZE,0,1,,,SEASON_ONLY
2024-06-30,2024,EUR_CONF,,Sabah FK,Maccabi Haifa,AZE,ISR,3,2,,,SEASON_ONLY
2024-06-30,2024,EUR_CONF,,AEK Larnaca,Paksi SE,CYP,HUN,0,2,,,SEASON_ONLY
2024-06-30,2024,EUR_CONF,,Inter Club d'Escaldes,AEK Athen,AND,GRE,0,4,,,SEASON_ONLY
2024-06-30,2024,EUR_CONF,,Paide Linnameeskond,UMF Stjarnan,EST,ISL,4,0,,,SEASON_ONLY
2024-06-30,2024,EUR_CONF,,SK Brann,Go Ahead Eagles,NOR,NED,2,1,,,SEASON_ONLY
2024-06-30,2024,EUR_CONF,,Torpedo Kutaisi,Omonia Nikosia,GEO,CYP,1,2,,,SEASON_ONLY
2024-06-30,2024,EUR_CONF,,Tromsø IL,Kuopion PS,NOR,FIN,1,0,,,SEASON_ONLY
2024-06-30,2024,EUR_CONF,,CS Universitatea Craiova,NK Maribor,ROU,SVN,3,2,,,SEASON_ONLY
2024-06-30,2024,EUR_CONF,,FC København,FCB Magpies,DEN,GIB,5,1,,,SEASON_ONLY
2024-06-30,2024,EUR_CONF,,Caernarfon Town,Legia Warszawa,WAL,POL,0,5,,,SEASON_ONLY
2024-06-30,2024,EUR_CONF,,Progrès Niedercorn,Djurgårdens IF,LUX,SWE,1,0,,,SEASON_ONLY
2024-06-30,2024,EUR_CONF,,Sliema Wanderers,FC Noah,MLT,ARM,0,0,,,SEASON_ONLY
2024-06-30,2024,EUR_CONF,,FC Vaduz,St Patrick's Athletic,LIE,IRL,2,2,,,SEASON_ONLY
2024-06-30,2024,EUR_CONF,,Cherno More Varna,Hapoel Be'er Sheva,BUL,ISR,1,2,,,SEASON_ONLY
2024-06-30,2024,EUR_CONF,,Egnatia Rrogozhine,Víkingur Reykjavík,ALB,ISL,0,2,,,SEASON_ONLY
2024-06-30,2024,EUR_CONF,,Víkingur,KAA Gent,FRO,BEL,0,3,,,SEASON_ONLY
2024-06-30,2024,EUR_CONF,,Neman Grodno,CFR Cluj,BLR,ROU,0,5,,,SEASON_ONLY
2024-06-30,2024,EUR_CONF,,FK Partizani,FC Iberia 1999,ALB,GEO,0,0,,,SEASON_ONLY
2024-06-30,2024,EUR_CONF,,FC DAC 1904,Zira FK,SVK,AZE,1,2,,,SEASON_ONLY
2024-06-30,2024,EUR_CONF,,Śląsk Wrocław,Riga FC,POL,LVA,3,1,,,SEASON_ONLY
2024-06-30,2024,EUR_CONF,,St. Mirren FC,Valur Reykjavík,SCO,ISL,4,1,,,SEASON_ONLY
2024-06-30,2024,EUR_CONF,,SP La Fiorita,İstanbul Başakşehir,SMR,TUR,0,4,,,SEASON_ONLY
2024-06-30,2024,EUR_CONF,,Shelbourne FC,FC Zürich,IRL,SUI,0,0,,,SEASON_ONLY
2024-06-30,2024,EUR_CONF,,FK Budućnost Podgorica,CSKA 1948 Sofia,MNE,BUL,1,1,,,SEASON_ONLY
2024-06-30,2024,EUR_CONF,,Puskás FC,SK Dnipro-1,HUN,UKR,3,0,,,SEASON_ONLY
2024-06-30,2024,EUR_CONF,,HB Tórshavn,Hajduk Split,FRO,CRO,0,0,,,SEASON_ONLY
2024-06-30,2024,EUR_CONF,,Vitória Guimarães,Floriana FC,POR,MLT,4,0,,,SEASON_ONLY
2024-06-30,2024,EUR_CONF,,FC Noah,AEK Athen,ARM,GRE,3,1,,,SEASON_ONLY
2024-06-30,2024,EUR_CONF,,Paksi SE,FK Mornar,HUN,MNE,3,0,,,SEASON_ONLY
2024-06-30,2024,EUR_CONF,,BK Häcken,Paide Linnameeskond,SWE,EST,6,1,,,SEASON_ONLY
2024-06-30,2024,EUR_CONF,,FC København,Baník Ostrava,DEN,CZE,1,0,,,SEASON_ONLY
2024-06-30,2024,EUR_CONF,,FC St. Gallen,Śląsk Wrocław,SUI,POL,2,0,,,SEASON_ONLY
2024-06-30,2024,EUR_CONF,,FK Ordabasy,Pyunik FC,KAZ,ARM,0,1,,,SEASON_ONLY
2024-06-30,2024,EUR_CONF,,FC Ararat-Armenia,Puskás FC,ARM,HUN,0,1,,,SEASON_ONLY
2024-06-30,2024,EUR_CONF,,FK Auda,Drita Gjilan,LVA,KOS,1,0,,,SEASON_ONLY
2024-06-30,2024,EUR_CONF,,HJK Helsinki,FK Dečić Tuzi,FIN,MNE,1,0,,,SEASON_ONLY
2024-06-30,2024,EUR_CONF,,FK Mladá Boleslav,Hapoel Be'er Sheva,CZE,ISR,1,1,,,SEASON_ONLY
2024-06-30,2024,EUR_CONF,,Ilves Tampere,Djurgårdens IF,FIN,SWE,1,1,,,SEASON_ONLY
2024-06-30,2024,EUR_CONF,,FC Iberia 1999,İstanbul Başakşehir,GEO,TUR,0,1,,,SEASON_ONLY
2024-06-30,2024,EUR_CONF,,MFK Ružomberok,Hajduk Split,SVK,CRO,0,0,,,SEASON_ONLY
2024-06-30,2024,EUR_CONF,,Silkeborg IF,KAA Gent,DEN,BEL,2,2,,,SEASON_ONLY
2024-06-30,2024,EUR_CONF,,FC Zürich,Vitória Guimarães,SUI,POR,0,3,,,SEASON_ONLY
2024-06-30,2024,EUR_CONF,,Brøndby IF,Legia Warszawa,DEN,POL,2,3,,,SEASON_ONLY
2024-06-30,2024,EUR_CONF,,Omonia Nikosia,Fehérvár FC,CYP,HUN,1,0,,,SEASON_ONLY
2024-06-30,2024,EUR_CONF,,Olimpija Ljubljana,FC Sheriff,SVN,MDA,3,0,,,SEASON_ONLY
2024-06-30,2024,EUR_CONF,,CSKA 1948 Sofia,Paphos FC,BUL,CYP,2,1,,,SEASON_ONLY
2024-06-30,2024,EUR_CONF,,KF Ballkani,Larne FC,KOS,NIR,0,1,,,SEASON_ONLY
2024-06-30,2024,EUR_CONF,,Kilmarnock FC,Tromsø IL,SCO,NOR,2,2,,,SEASON_ONLY
2024-06-30,2024,EUR_CONF,,FC Corvinul Hunedoara,FK Astana,ROU,KAZ,1,2,,,SEASON_ONLY
2024-06-30,2024,EUR_CONF,,Maccabi Petach-Tikva,CFR Cluj,ISR,ROU,0,1,,,SEASON_ONLY
2024-06-30,2024,EUR_CONF,,NK Osijek,Zira FK,CRO,AZE,1,1,,,SEASON_ONLY
2024-06-30,2024,EUR_CONF,,Botev Plovdiv,Zrinjski Mostar,BUL,BIH,2,1,,,SEASON_ONLY
2024-06-30,2024,EUR_CONF,,Víkingur Reykjavík,FC Flora,ISL,EST,1,1,,,SEASON_ONLY
2024-06-30,2024,EUR_CONF,,NK Maribor,Vojvodina,SVN,SRB,2,1,,,SEASON_ONLY
2024-06-30,2024,EUR_CONF,,Spartak Trnava,Wisła Kraków,SVK,POL,3,1,,,SEASON_ONLY
2024-06-30,2024,EUR_CONF,,St Patrick's Athletic,Sabah FK,IRL,AZE,1,0,,,SEASON_ONLY
2024-06-30,2024,EUR_CONF,,St. Mirren FC,SK Brann,SCO,NOR,1,1,,,SEASON_ONLY
2024-06-30,2024,EUR_CONF,,Paide Linnameeskond,BK Häcken,EST,SWE,1,1,,,SEASON_ONLY
2024-06-30,2024,EUR_CONF,,FK Mornar,Paksi SE,MNE,HUN,2,2,,,SEASON_ONLY
2024-06-30,2024,EUR_CONF,,FK Astana,FC Corvinul Hunedoara,KAZ,ROU,6,1,,,SEASON_ONLY
2024-06-30,2024,EUR_CONF,,Fehérvár FC,Omonia Nikosia,HUN,CYP,0,2,,,SEASON_ONLY
2024-06-30,2024,EUR_CONF,,FC Flora,Víkingur Reykjavík,EST,ISL,1,2,,,SEASON_ONLY
2024-06-30,2024,EUR_CONF,,Pyunik FC,FK Ordabasy,ARM,KAZ,1,0,,,SEASON_ONLY
2024-06-30,2024,EUR_CONF,,Sabah FK,St Patrick's Athletic,AZE,IRL,0,1,,,SEASON_ONLY
2024-06-30,2024,EUR_CONF,,Legia Warszawa,Brøndby IF,POL,DEN,1,1,,,SEASON_ONLY
2024-06-30,2024,EUR_CONF,,Zira FK,NK Osijek,AZE,CRO,2,1,,,SEASON_ONLY
2024-06-30,2024,EUR_CONF,,Hapoel Be'er Sheva,FK Mladá Boleslav,ISR,CZE,2,4,,,SEASON_ONLY
2024-06-30,2024,EUR_CONF,,Tromsø IL,Kilmarnock FC,NOR,SCO,0,1,,,SEASON_ONLY
2024-06-30,2024,EUR_CONF,,SK Brann,St. Mirren FC,NOR,SCO,3,1,,,SEASON_ONLY
2024-06-30,2024,EUR_CONF,,Paphos FC,CSKA 1948 Sofia,CYP,BUL,4,0,,,SEASON_ONLY
2024-06-30,2024,EUR_CONF,,Djurgårdens IF,Ilves Tampere,SWE,FIN,3,1,,,SEASON_ONLY
2024-06-30,2024,EUR_CONF,,CFR Cluj,Maccabi Petach-Tikva,ROU,ISR,1,0,,,SEASON_ONLY
2024-06-30,2024,EUR_CONF,,Baník Ostrava,FC København,CZE,DEN,1,2,,,SEASON_ONLY
2024-06-30,2024,EUR_CONF,,FC Sheriff,Olimpija Ljubljana,MDA,SVN,0,1,,,SEASON_ONLY
2024-06-30,2024,EUR_CONF,,AEK Athen,FC Noah,GRE,ARM,1,0,,,SEASON_ONLY
2024-06-30,2024,EUR_CONF,,İstanbul Başakşehir,FC Iberia 1999,TUR,GEO,2,0,,,SEASON_ONLY
2024-06-30,2024,EUR_CONF,,Vojvodina,NK Maribor,SRB,SVN,2,4,,,SEASON_ONLY
2024-06-30,2024,EUR_CONF,,Drita Gjilan,FK Auda,KOS,LVA,3,1,,,SEASON_ONLY
2024-06-30,2024,EUR_CONF,,Zrinjski Mostar,Botev Plovdiv,BIH,BUL,2,0,,,SEASON_ONLY
2024-06-30,2024,EUR_CONF,,Wisła Kraków,Spartak Trnava,POL,SVK,12,11,,,SEASON_ONLY
2024-06-30,2024,EUR_CONF,,KAA Gent,Silkeborg IF,BEL,DEN,3,2,,,SEASON_ONLY
2024-06-30,2024,EUR_CONF,,Śląsk Wrocław,FC St. Gallen,POL,SUI,3,2,,,SEASON_ONLY
2024-06-30,2024,EUR_CONF,,Larne FC,KF Ballkani,NIR,KOS,4,1,,,SEASON_ONLY
2024-06-30,2024,EUR_CONF,,FK Dečić Tuzi,HJK Helsinki,MNE,FIN,3,4,,,SEASON_ONLY
2024-06-30,2024,EUR_CONF,,Puskás FC,FC Ararat-Armenia,HUN,ARM,3,3,,,SEASON_ONLY
2024-06-30,2024,EUR_CONF,,Hajduk Split,MFK Ružomberok,CRO,SVK,0,1,,,SEASON_ONLY
2024-06-30,2024,EUR_CONF,,Vitória Guimarães,FC Zürich,POR,SUI,2,0,,,SEASON_ONLY
2024-06-30,2024,EUR_CONF,,FC Noah,MFK Ružomberok,ARM,SVK,3,0,,,SEASON_ONLY
2024-06-30,2024,EUR_CONF,,Vitória Guimarães,Zrinjski Mostar,POR,BIH,3,0,,,SEASON_ONLY
2024-06-30,2024,EUR_CONF,,Pyunik FC,NK Celje,ARM,SVN,1,0,,,SEASON_ONLY
2024-06-30,2024,EUR_CONF,,Legia Warszawa,Drita Gjilan,POL,KOS,2,0,,,SEASON_ONLY
2024-06-30,2024,EUR_CONF,,FK Mladá Boleslav,Paksi SE,CZE,HUN,2,2,,,SEASON_ONLY
2024-06-30,2024,EUR_CONF,,FK Panevėžys,The New Saints,LTU,WAL,0,3,,,SEASON_ONLY
2024-06-30,2024,EUR_CONF,,Omonia Nikosia,Zira FK,CYP,AZE,6,0,,,SEASON_ONLY
2024-06-30,2024,EUR_CONF,,Djurgårdens IF,NK Maribor,SWE,SVN,1,0,,,SEASON_ONLY
2024-06-30,2024,EUR_CONF,,SK Brann,FK Astana,NOR,KAZ,2,0,,,SEASON_ONLY
2024-06-30,2024,EUR_CONF,,BK Häcken,1. FC Heidenheim 1846,SWE,GER,1,2,,,SEASON_ONLY
2024-06-30,2024,EUR_CONF,,FC København,Kilmarnock FC,DEN,SCO,2,0,,,SEASON_ONLY
2024-06-30,2024,EUR_CONF,,CFR Cluj,Paphos FC,ROU,CYP,1,0,,,SEASON_ONLY
2024-06-30,2024,EUR_CONF,,Víkingur Reykjavík,UE Santa Coloma,ISL,AND,5,0,,,SEASON_ONLY
2024-06-30,2024,EUR_CONF,,HNK Rijeka,Olimpija Ljubljana,CRO,SVN,1,1,,,SEASON_ONLY
2024-06-30,2024,EUR_CONF,,ACF Fiorentina,Puskás FC,ITA,HUN,3,3,,,SEASON_ONLY
2024-06-30,2024,EUR_CONF,,Kryvbas Kryvyi Rih,Real Betis,UKR,ESP,0,2,,,SEASON_ONLY
2024-06-30,2024,EUR_CONF,,Partizan,KAA Gent,SRB,BEL,0,1,,,SEASON_ONLY
2024-06-30,2024,EUR_CONF,,Wisła Kraków,Cercle Brugge,POL,BEL,1,6,,,SEASON_ONLY
2024-06-30,2024,EUR_CONF,,KÍ Klaksvík,HJK Helsinki,FRO,FIN,2,2,,,SEASON_ONLY
2024-06-30,2024,EUR_CONF,,St Patrick's Athletic,İstanbul Başakşehir,IRL,TUR,0,0,,,SEASON_ONLY
2024-06-30,2024,EUR_CONF,,Lincoln Red Imps,Larne FC,GIB,NIR,2,1,,,SEASON_ONLY
2024-06-30,2024,EUR_CONF,,FC St. Gallen,Trabzonspor,SUI,TUR,0,0,,,SEASON_ONLY
2024-06-30,2024,EUR_CONF,,RC Lens,Panathinaikos,FRA,GRE,2,1,,,SEASON_ONLY
2024-06-30,2024,EUR_CONF,,Chelsea FC,Servette FC,ENG,SUI,2,0,,,SEASON_ONLY
2024-06-30,2024,EUR_CONF,,İstanbul Başakşehir,St Patrick's Athletic,TUR,IRL,2,0,,,SEASON_ONLY
2024-06-30,2024,EUR_CONF,,KAA Gent,Partizan,BEL,SRB,1,0,,,SEASON_ONLY
2024-06-30,2024,EUR_CONF,,FK Astana,SK Brann,KAZ,NOR,3,0,,,SEASON_ONLY
2024-06-30,2024,EUR_CONF,,HJK Helsinki,KÍ Klaksvík,FIN,FRO,2,1,,,SEASON_ONLY
2024-06-30,2024,EUR_CONF,,Zira FK,Omonia Nikosia,AZE,CYP,1,0,,,SEASON_ONLY
2024-06-30,2024,EUR_CONF,,MFK Ružomberok,FC Noah,SVK,ARM,3,1,,,SEASON_ONLY
2024-06-30,2024,EUR_CONF,,Trabzonspor,FC St. Gallen,TUR,SUI,4,5,,,SEASON_ONLY
2024-06-30,2024,EUR_CONF,,Paksi SE,FK Mladá Boleslav,HUN,CZE,0,3,,,SEASON_ONLY
2024-06-30,2024,EUR_CONF,,Olimpija Ljubljana,HNK Rijeka,SVN,CRO,5,0,,,SEASON_ONLY
2024-06-30,2024,EUR_CONF,,Paphos FC,CFR Cluj,CYP,ROU,3,0,,,SEASON_ONLY
2024-06-30,2024,EUR_CONF,,The New Saints,FK Panevėžys,WAL,LTU,0,0,,,SEASON_ONLY
2024-06-30,2024,EUR_CONF,,UE Santa Coloma,Víkingur Reykjavík,AND,ISL,0,0,,,SEASON_ONLY
2024-06-30,2024,EUR_CONF,,Zrinjski Mostar,Vitória Guimarães,BIH,POR,0,4,,,SEASON_ONLY
2024-06-30,2024,EUR_CONF,,Cercle Brugge,Wisła Kraków,BEL,POL,1,4,,,SEASON_ONLY
2024-06-30,2024,EUR_CONF,,Panathinaikos,RC Lens,GRE,FRA,2,0,,,SEASON_ONLY
2024-06-30,2024,EUR_CONF,,Drita Gjilan,Legia Warszawa,KOS,POL,0,1,,,SEASON_ONLY
2024-06-30,2024,EUR_CONF,,Kilmarnock FC,FC København,SCO,DEN,1,1,,,SEASON_ONLY
2024-06-30,2024,EUR_CONF,,NK Celje,Pyunik FC,SVN,ARM,4,1,,,SEASON_ONLY
2024-06-30,2024,EUR_CONF,,NK Maribor,Djurgårdens IF,SVN,SWE,0,1,,,SEASON_ONLY
2024-06-30,2024,EUR_CONF,,1. FC Heidenheim 1846,BK Häcken,GER,SWE,3,2,,,SEASON_ONLY
2024-06-30,2024,EUR_CONF,,Servette FC,Chelsea FC,SUI,ENG,2,1,,,SEASON_ONLY
2024-06-30,2024,EUR_CONF,,Larne FC,Lincoln Red Imps,NIR,GIB,3,1,,,SEASON_ONLY
2024-06-30,2024,EUR_CONF,,Puskás FC,ACF Fiorentina,HUN,ITA,4,5,,,SEASON_ONLY
2024-06-30,2024,EUR_CONF,,Real Betis,Kryvbas Kryvyi Rih,ESP,UKR,3,0,,,SEASON_ONLY
2024-06-30,2024,EUR_EL,,AZ Alkmaar,IF Elfsborg,NED,SWE,3,2,,,SEASON_ONLY
2024-06-30,2024,EUR_EL,,FK Bodø/Glimt,FC Porto,NOR,POR,3,2,,,SEASON_ONLY
2024-06-30,2024,EUR_EL,,Manchester United,FC Twente,ENG,NED,1,1,,,SEASON_ONLY
2024-06-30,2024,EUR_EL,,PFC Ludogorets Razgrad,Slavia Praha,BUL,CZE,0,2,,,SEASON_ONLY
2024-06-30,2024,EUR_EL,,Galatasaray,PAOK Saloniki,TUR,GRE,3,1,,,SEASON_ONLY
2024-06-30,2024,EUR_EL,,Dinamo Kiev,Lazio Roma,UKR,ITA,0,3,,,SEASON_ONLY
2024-06-30,2024,EUR_EL,,FC Midtjylland,1899 Hoffenheim,DEN,GER,1,1,,,SEASON_ONLY
2024-06-30,2024,EUR_EL,,RSC Anderlecht,Ferencvárosi TC,BEL,HUN,2,1,,,SEASON_ONLY
2024-06-30,2024,EUR_EL,,OGC Nice,Real Sociedad,FRA,ESP,1,1,,,SEASON_ONLY
2024-06-30,2024,EUR_EL,,Fenerbahçe,Union Saint-Gilloise,TUR,BEL,2,1,,,SEASON_ONLY
2024-06-30,2024,EUR_EL,,Malmö FF,Rangers FC,SWE,SCO,0,2,,,SEASON_ONLY
2024-06-30,2024,EUR_EL,,AS Roma,Athletic Club,ITA,ESP,1,1,,,SEASON_ONLY
2024-06-30,2024,EUR_EL,,Eintracht Frankfurt,Viktoria Plzeň,GER,CZE,3,3,,,SEASON_ONLY
2024-06-30,2024,EUR_EL,,AFC Ajax,Beşiktaş,NED,TUR,4,0,,,SEASON_ONLY
2024-06-30,2024,EUR_EL,,Sporting Braga,Maccabi Tel Aviv,POR,ISR,2,1,,,SEASON_ONLY
2024-06-30,2024,EUR_EL,,Olympique Lyonnais,Olympiakos Piraeus,FRA,GRE,2,0,,,SEASON_ONLY
2024-06-30,2024,EUR_EL,,FCSB,FK RFS,ROU,LVA,4,1,,,SEASON_ONLY
2024-06-30,2024,EUR_EL,,Tottenham Hotspur,Qarabağ FK,ENG,AZE,3,0,,,SEASON_ONLY
2024-06-30,2024,EUR_EL,,Slavia Praha,AFC Ajax,CZE,NED,1,1,,,SEASON_ONLY
2024-06-30,2024,EUR_EL,,Lazio Roma,OGC Nice,ITA,FRA,4,1,,,SEASON_ONLY
2024-06-30,2024,EUR_EL,,Maccabi Tel Aviv,FC Midtjylland,ISR,DEN,0,2,,,SEASON_ONLY
2024-06-30,2024,EUR_EL,,Ferencvárosi TC,Tottenham Hotspur,HUN,ENG,1,2,,,SEASON_ONLY
2024-06-30,2024,EUR_EL,,Real Sociedad,RSC Anderlecht,ESP,BEL,1,2,,,SEASON_ONLY
2024-06-30,2024,EUR_EL,,Olympiakos Piraeus,Sporting Braga,GRE,POR,3,0,,,SEASON_ONLY
2024-06-30,2024,EUR_EL,,Qarabağ FK,Malmö FF,AZE,SWE,1,2,,,SEASON_ONLY
2024-06-30,2024,EUR_EL,,1899 Hoffenheim,Dinamo Kiev,GER,UKR,2,0,,,SEASON_ONLY
2024-06-30,2024,EUR_EL,,FK RFS,Galatasaray,LVA,TUR,2,2,,,SEASON_ONLY
2024-06-30,2024,EUR_EL,,Rangers FC,Olympique Lyonnais,SCO,FRA,1,4,,,SEASON_ONLY
2024-06-30,2024,EUR_EL,,FC Porto,Manchester United,POR,ENG,3,3,,,SEASON_ONLY
2024-06-30,2024,EUR_EL,,PAOK Saloniki,FCSB,GRE,ROU,0,1,,,SEASON_ONLY
2024-06-30,2024,EUR_EL,,Union Saint-Gilloise,FK Bodø/Glimt,BEL,NOR,0,0,,,SEASON_ONLY
2024-06-30,2024,EUR_EL,,Viktoria Plzeň,PFC Ludogorets Razgrad,CZE,BUL,0,0,,,SEASON_ONLY
2024-06-30,2024,EUR_EL,,Beşiktaş,Eintracht Frankfurt,TUR,GER,1,3,,,SEASON_ONLY
2024-06-30,2024,EUR_EL,,FC Twente,Fenerbahçe,NED,TUR,1,1,,,SEASON_ONLY
2024-06-30,2024,EUR_EL,,IF Elfsborg,AS Roma,SWE,ITA,1,0,,,SEASON_ONLY
2024-06-30,2024,EUR_EL,,Athletic Club,AZ Alkmaar,ESP,NED,2,0,,,SEASON_ONLY
2024-06-30,2024,EUR_EL,,Sporting Braga,FK Bodø/Glimt,POR,NOR,1,2,,,SEASON_ONLY
2024-06-30,2024,EUR_EL,,Galatasaray,IF Elfsborg,TUR,SWE,4,3,,,SEASON_ONLY
2024-06-30,2024,EUR_EL,,AS Roma,Dinamo Kiev,ITA,UKR,1,0,,,SEASON_ONLY
2024-06-30,2024,EUR_EL,,Eintracht Frankfurt,FK RFS,GER,LVA,1,0,,,SEASON_ONLY
2024-06-30,2024,EUR_EL,,Maccabi Tel Aviv,Real Sociedad,ISR,ESP,1,2,,,SEASON_ONLY
2024-06-30,2024,EUR_EL,,Ferencvárosi TC,OGC Nice,HUN,FRA,1,0,,,SEASON_ONLY
2024-06-30,2024,EUR_EL,,PAOK Saloniki,Viktoria Plzeň,GRE,CZE,2,2,,,SEASON_ONLY
2024-06-30,2024,EUR_EL,,FC Midtjylland,Union Saint-Gilloise,DEN,BEL,1,0,,,SEASON_ONLY
2024-06-30,2024,EUR_EL,,Qarabağ FK,AFC Ajax,AZE,NED,0,3,,,SEASON_ONLY
2024-06-30,2024,EUR_EL,,Rangers FC,FCSB,SCO,ROU,4,0,,,SEASON_ONLY
2024-06-30,2024,EUR_EL,,FC Porto,1899 Hoffenheim,POR,GER,2,0,,,SEASON_ONLY
2024-06-30,2024,EUR_EL,,Tottenham Hotspur,AZ Alkmaar,ENG,NED,1,0,,,SEASON_ONLY
2024-06-30,2024,EUR_EL,,Fenerbahçe,Manchester United,TUR,ENG,1,1,,,SEASON_ONLY
2024-06-30,2024,EUR_EL,,Olympique Lyonnais,Beşiktaş,FRA,TUR,0,1,,,SEASON_ONLY
2024-06-30,2024,EUR_EL,,Malmö FF,Olympiakos Piraeus,SWE,GRE,0,1,,,SEASON_ONLY
2024-06-30,2024,EUR_EL,,FC Twente,Lazio Roma,NED,ITA,0,2,,,SEASON_ONLY
2024-06-30,2024,EUR_EL,,Athletic Club,Slavia Praha,ESP,CZE,1,0,,,SEASON_ONLY
2024-06-30,2024,EUR_EL,,RSC Anderlecht,PFC Ludogorets Razgrad,BEL,BUL,2,0,,,SEASON_ONLY
2024-06-30,2024,EUR_EL,,Beşiktaş,Malmö FF,TUR,SWE,2,1,,,SEASON_ONLY
2024-06-30,2024,EUR_EL,,Eintracht Frankfurt,Slavia Praha,GER,CZE,1,0,,,SEASON_ONLY
2024-06-30,2024,EUR_EL,,Olympiakos Piraeus,Rangers FC,GRE,SCO,1,1,,,SEASON_ONLY
2024-06-30,2024,EUR_EL,,Union Saint-Gilloise,AS Roma,BEL,ITA,1,1,,,SEASON_ONLY
2024-06-30,2024,EUR_EL,,PFC Ludogorets Razgrad,Athletic Club,BUL,ESP,1,2,,,SEASON_ONLY
2024-06-30,2024,EUR_EL,,Galatasaray,Tottenham Hotspur,TUR,ENG,3,2,,,SEASON_ONLY
2024-06-30,2024,EUR_EL,,FK Bodø/Glimt,Qarabağ FK,NOR,AZE,1,2,,,SEASON_ONLY
2024-06-30,2024,EUR_EL,,IF Elfsborg,Sporting Braga,SWE,POR,1,1,,,SEASON_ONLY
2024-06-30,2024,EUR_EL,,FCSB,FC Midtjylland,ROU,DEN,2,0,,,SEASON_ONLY
2024-06-30,2024,EUR_EL,,OGC Nice,FC Twente,FRA,NED,2,2,,,SEASON_ONLY
2024-06-30,2024,EUR_EL,,Manchester United,PAOK Saloniki,ENG,GRE,2,0,,,SEASON_ONLY
2024-06-30,2024,EUR_EL,,Lazio Roma,FC Porto,ITA,POR,2,1,,,SEASON_ONLY
2024-06-30,2024,EUR_EL,,AFC Ajax,Maccabi Tel Aviv,NED,ISR,5,0,,,SEASON_ONLY
2024-06-30,2024,EUR_EL,,AZ Alkmaar,Fenerbahçe,NED,TUR,3,1,,,SEASON_ONLY
2024-06-30,2024,EUR_EL,,Dinamo Kiev,Ferencvárosi TC,UKR,HUN,0,4,,,SEASON_ONLY
2024-06-30,2024,EUR_EL,,Viktoria Plzeň,Real Sociedad,CZE,ESP,2,1,,,SEASON_ONLY
2024-06-30,2024,EUR_EL,,1899 Hoffenheim,Olympique Lyonnais,GER,FRA,2,2,,,SEASON_ONLY
2024-06-30,2024,EUR_EL,,FK RFS,RSC Anderlecht,LVA,BEL,1,1,,,SEASON_ONLY
2024-06-30,2024,EUR_EL,,Lazio Roma,PFC Ludogorets Razgrad,ITA,BUL,0,0,,,SEASON_ONLY
2024-06-30,2024,EUR_EL,,AZ Alkmaar,Galatasaray,NED,TUR,1,1,,,SEASON_ONLY
2024-06-30,2024,EUR_EL,,Dinamo Kiev,Viktoria Plzeň,UKR,CZE,1,2,,,SEASON_ONLY
2024-06-30,2024,EUR_EL,,Qarabağ FK,Olympique Lyonnais,AZE,FRA,1,4,,,SEASON_ONLY
2024-06-30,2024,EUR_EL,,Beşiktaş,Maccabi Tel Aviv,TUR,ISR,1,3,,,SEASON_ONLY
2024-06-30,2024,EUR_EL,,Athletic Club,IF Elfsborg,ESP,SWE,3,0,,,SEASON_ONLY
2024-06-30,2024,EUR_EL,,RSC Anderlecht,FC Porto,BEL,POR,2,2,,,SEASON_ONLY
2024-06-30,2024,EUR_EL,,FK RFS,PAOK Saloniki,LVA,GRE,0,2,,,SEASON_ONLY
2024-06-30,2024,EUR_EL,,Slavia Praha,Fenerbahçe,CZE,TUR,1,2,,,SEASON_ONLY
2024-06-30,2024,EUR_EL,,Manchester United,FK Bodø/Glimt,ENG,NOR,3,2,,,SEASON_ONLY
2024-06-30,2024,EUR_EL,,Tottenham Hotspur,AS Roma,ENG,ITA,2,2,,,SEASON_ONLY
2024-06-30,2024,EUR_EL,,Ferencvárosi TC,Malmö FF,HUN,SWE,4,1,,,SEASON_ONLY
2024-06-30,2024,EUR_EL,,Sporting Braga,1899 Hoffenheim,POR,GER,3,0,,,SEASON_ONLY
2024-06-30,2024,EUR_EL,,Real Sociedad,AFC Ajax,ESP,NED,2,0,,,SEASON_ONLY
2024-06-30,2024,EUR_EL,,FC Midtjylland,Eintracht Frankfurt,DEN,GER,1,2,,,SEASON_ONLY
2024-06-30,2024,EUR_EL,,FC Twente,Union Saint-Gilloise,NED,BEL,0,1,,,SEASON_ONLY
2024-06-30,2024,EUR_EL,,FCSB,Olympiakos Piraeus,ROU,GRE,0,0,,,SEASON_ONLY
2024-06-30,2024,EUR_EL,,OGC Nice,Rangers FC,FRA,SCO,1,4,,,SEASON_ONLY
2024-06-30,2024,EUR_EL,,Fenerbahçe,Athletic Club,TUR,ESP,0,2,,,SEASON_ONLY
2024-06-30,2024,EUR_EL,,AS Roma,Sporting Braga,ITA,POR,3,0,,,SEASON_ONLY
2024-06-30,2024,EUR_EL,,PAOK Saloniki,Ferencvárosi TC,GRE,HUN,5,0,,,SEASON_ONLY
2024-06-30,2024,EUR_EL,,Olympiakos Piraeus,FC Twente,GRE,NED,0,0,,,SEASON_ONLY
2024-06-30,2024,EUR_EL,,Union Saint-Gilloise,OGC Nice,BEL,FRA,2,1,,,SEASON_ONLY
2024-06-30,2024,EUR_EL,,PFC Ludogorets Razgrad,AZ Alkmaar,BUL,NED,2,2,,,SEASON_ONLY
2024-06-30,2024,EUR_EL,,Malmö FF,Galatasaray,SWE,TUR,2,2,,,SEASON_ONLY
2024-06-30,2024,EUR_EL,,Viktoria Plzeň,Manchester United,CZE,ENG,1,2,,,SEASON_ONLY
2024-06-30,2024,EUR_EL,,1899 Hoffenheim,FCSB,GER,ROU,0,0,,,SEASON_ONLY
2024-06-30,2024,EUR_EL,,Rangers FC,Tottenham Hotspur,SCO,ENG,1,1,,,SEASON_ONLY
2024-06-30,2024,EUR_EL,,FC Porto,FC Midtjylland,POR,DEN,2,0,,,SEASON_ONLY
2024-06-30,2024,EUR_EL,,Slavia Praha,RSC Anderlecht,CZE,BEL,1,2,,,SEASON_ONLY
2024-06-30,2024,EUR_EL,,AFC Ajax,Lazio Roma,NED,ITA,1,3,,,SEASON_ONLY
2024-06-30,2024,EUR_EL,,Maccabi Tel Aviv,FK RFS,ISR,LVA,2,1,,,SEASON_ONLY
2024-06-30,2024,EUR_EL,,Real Sociedad,Dinamo Kiev,ESP,UKR,3,0,,,SEASON_ONLY
2024-06-30,2024,EUR_EL,,Olympique Lyonnais,Eintracht Frankfurt,FRA,GER,3,2,,,SEASON_ONLY
2024-06-30,2024,EUR_EL,,FK Bodø/Glimt,Beşiktaş,NOR,TUR,2,1,,,SEASON_ONLY
2024-06-30,2024,EUR_EL,,IF Elfsborg,Qarabağ FK,SWE,AZE,1,0,,,SEASON_ONLY
2024-06-30,2024,EUR_EL,,Galatasaray,Dinamo Kiev,TUR,UKR,3,3,,,SEASON_ONLY
2024-06-30,2024,EUR_EL,,Beşiktaş,Athletic Club,TUR,ESP,4,1,,,SEASON_ONLY
2024-06-30,2024,EUR_EL,,FC Porto,Olympiakos Piraeus,POR,GRE,0,1,,,SEASON_ONLY
2024-06-30,2024,EUR_EL,,Fenerbahçe,Olympique Lyonnais,TUR,FRA,0,0,,,SEASON_ONLY
2024-06-30,2024,EUR_EL,,AZ Alkmaar,AS Roma,NED,ITA,1,0,,,SEASON_ONLY
2024-06-30,2024,EUR_EL,,Malmö FF,FC Twente,SWE,NED,2,3,,,SEASON_ONLY
2024-06-30,2024,EUR_EL,,Qarabağ FK,FCSB,AZE,ROU,2,3,,,SEASON_ONLY
2024-06-30,2024,EUR_EL,,FK Bodø/Glimt,Maccabi Tel Aviv,NOR,ISR,3,1,,,SEASON_ONLY
2024-06-30,2024,EUR_EL,,Viktoria Plzeň,RSC Anderlecht,CZE,BEL,2,0,,,SEASON_ONLY
2024-06-30,2024,EUR_EL,,1899 Hoffenheim,Tottenham Hotspur,GER,ENG,2,3,,,SEASON_ONLY
2024-06-30,2024,EUR_EL,,Eintracht Frankfurt,Ferencvárosi TC,GER,HUN,2,0,,,SEASON_ONLY
2024-06-30,2024,EUR_EL,,Manchester United,Rangers FC,ENG,SCO,2,1,,,SEASON_ONLY
2024-06-30,2024,EUR_EL,,Lazio Roma,Real Sociedad,ITA,ESP,3,1,,,SEASON_ONLY
2024-06-30,2024,EUR_EL,,PAOK Saloniki,Slavia Praha,GRE,CZE,2,0,,,SEASON_ONLY
2024-06-30,2024,EUR_EL,,Union Saint-Gilloise,Sporting Braga,BEL,POR,2,1,,,SEASON_ONLY
2024-06-30,2024,EUR_EL,,PFC Ludogorets Razgrad,FC Midtjylland,BUL,DEN,0,2,,,SEASON_ONLY
2024-06-30,2024,EUR_EL,,IF Elfsborg,OGC Nice,SWE,FRA,1,0,,,SEASON_ONLY
2024-06-30,2024,EUR_EL,,FK RFS,AFC Ajax,LVA,NED,1,0,,,SEASON_ONLY
2024-06-30,2024,EUR_EL,,Rangers FC,Union Saint-Gilloise,SCO,BEL,2,1,,,SEASON_ONLY
2024-06-30,2024,EUR_EL,,AS Roma,Eintracht Frankfurt,ITA,GER,2,0,,,SEASON_ONLY
2024-06-30,2024,EUR_EL,,Slavia Praha,Malmö FF,CZE,SWE,2,2,,,SEASON_ONLY
2024-06-30,2024,EUR_EL,,Tottenham Hotspur,IF Elfsborg,ENG,SWE,3,0,,,SEASON_ONLY
2024-06-30,2024,EUR_EL,,AFC Ajax,Galatasaray,NED,TUR,2,1,,,SEASON_ONLY
2024-06-30,2024,EUR_EL,,Maccabi Tel Aviv,FC Porto,ISR,POR,0,1,,,SEASON_ONLY
2024-06-30,2024,EUR_EL,,Ferencvárosi TC,AZ Alkmaar,HUN,NED,4,3,,,SEASON_ONLY
2024-06-30,2024,EUR_EL,,Sporting Braga,Lazio Roma,POR,ITA,1,0,,,SEASON_ONLY
2024-06-30,2024,EUR_EL,,Real Sociedad,PAOK Saloniki,ESP,GRE,2,0,,,SEASON_ONLY
2024-06-30,2024,EUR_EL,,Olympiakos Piraeus,Qarabağ FK,GRE,AZE,3,0,,,SEASON_ONLY
2024-06-30,2024,EUR_EL,,Olympique Lyonnais,PFC Ludogorets Razgrad,FRA,BUL,1,1,,,SEASON_ONLY
2024-06-30,2024,EUR_EL,,Dinamo Kiev,FK RFS,UKR,LVA,1,0,,,SEASON_ONLY
2024-06-30,2024,EUR_EL,,FC Midtjylland,Fenerbahçe,DEN,TUR,2,2,,,SEASON_ONLY
2024-06-30,2024,EUR_EL,,FC Twente,Beşiktaş,NED,TUR,1,0,,,SEASON_ONLY
2024-06-30,2024,EUR_EL,,Athletic Club,Viktoria Plzeň,ESP,CZE,3,1,,,SEASON_ONLY
2024-06-30,2024,EUR_EL,,RSC Anderlecht,1899 Hoffenheim,BEL,GER,3,4,,,SEASON_ONLY
2024-06-30,2024,EUR_EL,,FCSB,Manchester United,ROU,ENG,0,2,,,SEASON_ONLY
2024-06-30,2024,EUR_EL,,OGC Nice,FK Bodø/Glimt,FRA,NOR,1,1,,,SEASON_ONLY
2024-06-30,2024,EUR_EL,,Fenerbahçe,RSC Anderlecht,TUR,BEL,3,0,,,SEASON_ONLY
2024-06-30,2024,EUR_EL,,Union Saint-Gilloise,AFC Ajax,BEL,NED,0,2,,,SEASON_ONLY
2024-06-30,2024,EUR_EL,,FC Midtjylland,Real Sociedad,DEN,ESP,1,2,,,SEASON_ONLY
2024-06-30,2024,EUR_EL,,Ferencvárosi TC,Viktoria Plzeň,HUN,CZE,1,0,,,SEASON_ONLY
2024-06-30,2024,EUR_EL,,FC Twente,FK Bodø/Glimt,NED,NOR,2,1,,,SEASON_ONLY
2024-06-30,2024,EUR_EL,,PAOK Saloniki,FCSB,GRE,ROU,1,2,,,SEASON_ONLY
2024-06-30,2024,EUR_EL,,AZ Alkmaar,Galatasaray,NED,TUR,4,1,,,SEASON_ONLY
2024-06-30,2024,EUR_EL,,FC Porto,AS Roma,POR,ITA,1,1,,,SEASON_ONLY
2024-06-30,2024,EUR_EL,,FK Bodø/Glimt,FC Twente,NOR,NED,5,2,,,SEASON_ONLY
2024-06-30,2024,EUR_EL,,FCSB,PAOK Saloniki,ROU,GRE,2,0,,,SEASON_ONLY
2024-06-30,2024,EUR_EL,,Galatasaray,AZ Alkmaar,TUR,NED,2,2,,,SEASON_ONLY
2024-06-30,2024,EUR_EL,,AS Roma,FC Porto,ITA,POR,3,2,,,SEASON_ONLY
2024-06-30,2024,EUR_EL,,RSC Anderlecht,Fenerbahçe,BEL,TUR,2,2,,,SEASON_ONLY
2024-06-30,2024,EUR_EL,,AFC Ajax,Union Saint-Gilloise,NED,BEL,1,2,,,SEASON_ONLY
2024-06-30,2024,EUR_EL,,Real Sociedad,FC Midtjylland,ESP,DEN,5,2,,,SEASON_ONLY
2024-06-30,2024,EUR_EL,,Viktoria Plzeň,Ferencvárosi TC,CZE,HUN,3,0,,,SEASON_ONLY
2024-06-30,2024,EUR_EL,,AZ Alkmaar,Tottenham Hotspur,NED,ENG,1,0,,,SEASON_ONLY
2024-06-30,2024,EUR_EL,,Real Sociedad,Manchester United,ESP,ENG,1,1,,,SEASON_ONLY
2024-06-30,2024,EUR_EL,,FCSB,Olympique Lyonnais,ROU,FRA,1,3,,,SEASON_ONLY
2024-06-30,2024,EUR_EL,,Fenerbahçe,Rangers FC,TUR,SCO,1,3,,,SEASON_ONLY
2024-06-30,2024,EUR_EL,,AS Roma,Athletic Club,ITA,ESP,2,1,,,SEASON_ONLY
2024-06-30,2024,EUR_EL,,FK Bodø/Glimt,Olympiakos Piraeus,NOR,GRE,3,0,,,SEASON_ONLY
2024-06-30,2024,EUR_EL,,AFC Ajax,Eintracht Frankfurt,NED,GER,1,2,,,SEASON_ONLY
2024-06-30,2024,EUR_EL,,Viktoria Plzeň,Lazio Roma,CZE,ITA,1,2,,,SEASON_ONLY
2024-06-30,2024,EUR_EL,,Lazio Roma,Viktoria Plzeň,ITA,CZE,1,1,,,SEASON_ONLY
2024-06-30,2024,EUR_EL,,Olympiakos Piraeus,FK Bodø/Glimt,GRE,NOR,2,1,,,SEASON_ONLY
2024-06-30,2024,EUR_EL,,Eintracht Frankfurt,AFC Ajax,GER,NED,4,1,,,SEASON_ONLY
2024-06-30,2024,EUR_EL,,Athletic Club,AS Roma,ESP,ITA,3,1,,,SEASON_ONLY
2024-06-30,2024,EUR_EL,,Tottenham Hotspur,AZ Alkmaar,ENG,NED,3,1,,,SEASON_ONLY
2024-06-30,2024,EUR_EL,,Manchester United,Real Sociedad,ENG,ESP,4,1,,,SEASON_ONLY
2024-06-30,2024,EUR_EL,,Olympique Lyonnais,FCSB,FRA,ROU,4,0,,,SEASON_ONLY
2024-06-30,2024,EUR_EL,,Rangers FC,Fenerbahçe,SCO,TUR,3,2,,,SEASON_ONLY
2024-06-30,2024,EUR_EL,,FK Bodø/Glimt,Lazio Roma,NOR,ITA,2,0,,,SEASON_ONLY
2024-06-30,2024,EUR_EL,,Tottenham Hotspur,Eintracht Frankfurt,ENG,GER,1,1,,,SEASON_ONLY
2024-06-30,2024,EUR_EL,,Rangers FC,Athletic Club,SCO,ESP,0,0,,,SEASON_ONLY
2024-06-30,2024,EUR_EL,,Olympique Lyonnais,Manchester United,FRA,ENG,2,2,,,SEASON_ONLY
2024-06-30,2024,EUR_EL,,Eintracht Frankfurt,Tottenham Hotspur,GER,ENG,0,1,,,SEASON_ONLY
2024-06-30,2024,EUR_EL,,Lazio Roma,FK Bodø/Glimt,ITA,NOR,2,3,,,SEASON_ONLY
2024-06-30,2024,EUR_EL,,Athletic Club,Rangers FC,ESP,SCO,2,0,,,SEASON_ONLY
2024-06-30,2024,EUR_EL,,Manchester United,Olympique Lyonnais,ENG,FRA,5,4,,,SEASON_ONLY
2024-06-30,2024,EUR_EL,,Tottenham Hotspur,FK Bodø/Glimt,ENG,NOR,3,1,,,SEASON_ONLY
2024-06-30,2024,EUR_EL,,Athletic Club,Manchester United,ESP,ENG,0,3,,,SEASON_ONLY
2024-06-30,2024,EUR_EL,,FK Bodø/Glimt,Tottenham Hotspur,NOR,ENG,0,2,,,SEASON_ONLY
2024-06-30,2024,EUR_EL,,Manchester United,Athletic Club,ENG,ESP,4,1,,,SEASON_ONLY
2024-06-30,2024,EUR_EL,,Tottenham Hotspur,Manchester United,ENG,ENG,1,0,,,SEASON_ONLY
2024-06-30,2024,EUR_EL,,IF Elfsborg,Paphos FC,SWE,CYP,3,0,,,SEASON_ONLY
2024-06-30,2024,EUR_EL,,Paksi SE,FC Corvinul Hunedoara,HUN,ROU,0,4,,,SEASON_ONLY
2024-06-30,2024,EUR_EL,,FC Sheriff,Zira FK,MDA,AZE,0,1,,,SEASON_ONLY
2024-06-30,2024,EUR_EL,,MFK Ružomberok,Tobyl Kostanay,SVK,KAZ,5,2,,,SEASON_ONLY
2024-06-30,2024,EUR_EL,,Botev Plovdiv,NK Maribor,BUL,SVN,2,1,,,SEASON_ONLY
2024-06-30,2024,EUR_EL,,Wisła Kraków,KF Llapi,POL,KOS,2,0,,,SEASON_ONLY
2024-06-30,2024,EUR_EL,,KF Llapi,Wisła Kraków,KOS,POL,1,2,,,SEASON_ONLY
2024-06-30,2024,EUR_EL,,Tobyl Kostanay,MFK Ružomberok,KAZ,SVK,1,0,,,SEASON_ONLY
2024-06-30,2024,EUR_EL,,Paphos FC,IF Elfsborg,CYP,SWE,2,5,,,SEASON_ONLY
2024-06-30,2024,EUR_EL,,Zira FK,FC Sheriff,AZE,MDA,4,5,,,SEASON_ONLY
2024-06-30,2024,EUR_EL,,FC Corvinul Hunedoara,Paksi SE,ROU,HUN,0,2,,,SEASON_ONLY
2024-06-30,2024,EUR_EL,,NK Maribor,Botev Plovdiv,SVN,BUL,2,2,,,SEASON_ONLY
2024-06-30,2024,EUR_EL,,Wisła Kraków,Rapid Wien,POL,AUT,1,2,,,SEASON_ONLY
2024-06-30,2024,EUR_EL,,MFK Ružomberok,Trabzonspor,SVK,TUR,0,2,,,SEASON_ONLY
2024-06-30,2024,EUR_EL,,Molde FK,Silkeborg IF,NOR,DEN,3,1,,,SEASON_ONLY
2024-06-30,2024,EUR_EL,,FC Sheriff,IF Elfsborg,MDA,SWE,0,1,,,SEASON_ONLY
2024-06-30,2024,EUR_EL,,FC Corvinul Hunedoara,HNK Rijeka,ROU,CRO,0,0,,,SEASON_ONLY
2024-06-30,2024,EUR_EL,,Panathinaikos,Botev Plovdiv,GRE,BUL,2,1,,,SEASON_ONLY
2024-06-30,2024,EUR_EL,,AFC Ajax,Vojvodina,NED,SRB,1,0,,,SEASON_ONLY
2024-06-30,2024,EUR_EL,,Kilmarnock FC,Cercle Brugge,SCO,BEL,1,1,,,SEASON_ONLY
2024-06-30,2024,EUR_EL,,Sporting Braga,Maccabi Petach-Tikva,POR,ISR,2,0,,,SEASON_ONLY
2024-06-30,2024,EUR_EL,,IF Elfsborg,FC Sheriff,SWE,MDA,2,0,,,SEASON_ONLY
2024-06-30,2024,EUR_EL,,Silkeborg IF,Molde FK,DEN,NOR,3,2,,,SEASON_ONLY
2024-06-30,2024,EUR_EL,,Trabzonspor,MFK Ružomberok,TUR,SVK,1,0,,,SEASON_ONLY
2024-06-30,2024,EUR_EL,,Maccabi Petach-Tikva,Sporting Braga,ISR,POR,0,5,,,SEASON_ONLY
2024-06-30,2024,EUR_EL,,Vojvodina,AFC Ajax,SRB,NED,1,3,,,SEASON_ONLY
2024-06-30,2024,EUR_EL,,Cercle Brugge,Kilmarnock FC,BEL,SCO,1,0,,,SEASON_ONLY
2024-06-30,2024,EUR_EL,,Botev Plovdiv,Panathinaikos,BUL,GRE,0,4,,,SEASON_ONLY
2024-06-30,2024,EUR_EL,,HNK Rijeka,FC Corvinul Hunedoara,CRO,ROU,1,0,,,SEASON_ONLY
2024-06-30,2024,EUR_EL,,Rapid Wien,Wisła Kraków,AUT,POL,6,1,,,SEASON_ONLY
2024-06-30,2024,EUR_EL,,FK Panevėžys,Maccabi Tel Aviv,LTU,ISR,1,2,,,SEASON_ONLY
2024-06-30,2024,EUR_EL,,CS Petrocub,The New Saints,MDA,WAL,1,0,,,SEASON_ONLY
2024-06-30,2024,EUR_EL,,KÍ Klaksvík,Borac Banja Luka,FRO,BIH,2,1,,,SEASON_ONLY
2024-06-30,2024,EUR_EL,,Molde FK,Cercle Brugge,NOR,BEL,3,0,,,SEASON_ONLY
2024-06-30,2024,EUR_EL,,Trabzonspor,Rapid Wien,TUR,AUT,0,1,,,SEASON_ONLY
2024-06-30,2024,EUR_EL,,UE Santa Coloma,FK RFS,AND,LVA,0,2,,,SEASON_ONLY
2024-06-30,2024,EUR_EL,,Partizan,FC Lugano,SRB,SUI,0,1,,,SEASON_ONLY
2024-06-30,2024,EUR_EL,,Panathinaikos,AFC Ajax,GRE,NED,0,1,,,SEASON_ONLY
2024-06-30,2024,EUR_EL,,HNK Rijeka,IF Elfsborg,CRO,SWE,1,1,,,SEASON_ONLY
2024-06-30,2024,EUR_EL,,Kryvbas Kryvyi Rih,Viktoria Plzeň,UKR,CZE,1,2,,,SEASON_ONLY
2024-06-30,2024,EUR_EL,,NK Celje,Shamrock Rovers,SVN,IRL,1,0,,,SEASON_ONLY
2024-06-30,2024,EUR_EL,,Dinamo Minsk,Lincoln Red Imps,BLR,GIB,2,0,,,SEASON_ONLY
2024-06-30,2024,EUR_EL,,Sporting Braga,Servette FC,POR,SUI,0,0,,,SEASON_ONLY
2024-06-30,2024,EUR_EL,,The New Saints,CS Petrocub,WAL,MDA,0,0,,,SEASON_ONLY
2024-06-30,2024,EUR_EL,,FK RFS,UE Santa Coloma,LVA,AND,7,0,,,SEASON_ONLY
2024-06-30,2024,EUR_EL,,Lincoln Red Imps,Dinamo Minsk,GIB,BLR,2,1,,,SEASON_ONLY
2024-06-30,2024,EUR_EL,,Rapid Wien,Trabzonspor,AUT,TUR,2,0,,,SEASON_ONLY
2024-06-30,2024,EUR_EL,,IF Elfsborg,HNK Rijeka,SWE,CRO,2,0,,,SEASON_ONLY
2024-06-30,2024,EUR_EL,,Viktoria Plzeň,Kryvbas Kryvyi Rih,CZE,UKR,1,0,,,SEASON_ONLY
2024-06-30,2024,EUR_EL,,Cercle Brugge,Molde FK,BEL,NOR,1,0,,,SEASON_ONLY
2024-06-30,2024,EUR_EL,,AFC Ajax,Panathinaikos,NED,GRE,13,12,,,SEASON_ONLY
2024-06-30,2024,EUR_EL,,Maccabi Tel Aviv,FK Panevėžys,ISR,LTU,3,0,,,SEASON_ONLY
2024-06-30,2024,EUR_EL,,FC Lugano,Partizan,SUI,SRB,2,2,,,SEASON_ONLY
2024-06-30,2024,EUR_EL,,Servette FC,Sporting Braga,SUI,POR,1,2,,,SEASON_ONLY
2024-06-30,2024,EUR_EL,,Borac Banja Luka,KÍ Klaksvík,BIH,FRO,3,1,,,SEASON_ONLY
2024-06-30,2024,EUR_EL,,Shamrock Rovers,NK Celje,IRL,SVN,3,1,,,SEASON_ONLY
2024-06-30,2024,EUR_EL,,LASK,FCSB,AUT,ROU,1,1,,,SEASON_ONLY
2024-06-30,2024,EUR_EL,,FK RFS,APOEL Nikosia,LVA,CYP,2,1,,,SEASON_ONLY
2024-06-30,2024,EUR_EL,,Molde FK,IF Elfsborg,NOR,SWE,0,1,,,SEASON_ONLY
2024-06-30,2024,EUR_EL,,Viktoria Plzeň,Heart of Midlothian,CZE,SCO,1,0,,,SEASON_ONLY
2024-06-30,2024,EUR_EL,,PAOK Saloniki,Shamrock Rovers,GRE,IRL,4,0,,,SEASON_ONLY
2024-06-30,2024,EUR_EL,,PFC Ludogorets Razgrad,CS Petrocub,BUL,MDA,4,0,,,SEASON_ONLY
2024-06-30,2024,EUR_EL,,Maccabi Tel Aviv,TSC Bačka Topola,ISR,SRB,3,0,,,SEASON_ONLY
2024-06-30,2024,EUR_EL,,FC Lugano,Beşiktaş,SUI,TUR,3,3,,,SEASON_ONLY
2024-06-30,2024,EUR_EL,,Dinamo Minsk,RSC Anderlecht,BLR,BEL,0,1,,,SEASON_ONLY
2024-06-30,2024,EUR_EL,,Jagiellonia Białystok,AFC Ajax,POL,NED,1,4,,,SEASON_ONLY
2024-06-30,2024,EUR_EL,,Ferencvárosi TC,Borac Banja Luka,HUN,BIH,0,0,,,SEASON_ONLY
2024-06-30,2024,EUR_EL,,Sporting Braga,Rapid Wien,POR,AUT,2,1,,,SEASON_ONLY
2024-06-30,2024,EUR_EL,,CS Petrocub,PFC Ludogorets Razgrad,MDA,BUL,1,2,,,SEASON_ONLY
2024-06-30,2024,EUR_EL,,APOEL Nikosia,FK RFS,CYP,LVA,2,4,,,SEASON_ONLY
2024-06-30,2024,EUR_EL,,IF Elfsborg,Molde FK,SWE,NOR,4,2,,,SEASON_ONLY
2024-06-30,2024,EUR_EL,,RSC Anderlecht,Dinamo Minsk,BEL,BLR,1,0,,,SEASON_ONLY
2024-06-30,2024,EUR_EL,,AFC Ajax,Jagiellonia Białystok,NED,POL,3,0,,,SEASON_ONLY
2024-06-30,2024,EUR_EL,,Beşiktaş,FC Lugano,TUR,SUI,5,1,,,SEASON_ONLY
2024-06-30,2024,EUR_EL,,FCSB,LASK,ROU,AUT,1,0,,,SEASON_ONLY
2024-06-30,2024,EUR_EL,,Heart of Midlothian,Viktoria Plzeň,SCO,CZE,0,1,,,SEASON_ONLY
2024-06-30,2024,EUR_EL,,TSC Bačka Topola,Maccabi Tel Aviv,SRB,ISR,1,5,,,SEASON_ONLY
2024-06-30,2024,EUR_EL,,Shamrock Rovers,PAOK Saloniki,IRL,GRE,0,2,,,SEASON_ONLY
2024-06-30,2024,EUR_EL,,Borac Banja Luka,Ferencvárosi TC,BIH,HUN,2,3,,,SEASON_ONLY
2024-06-30,2024,EUR_EL,,Rapid Wien,Sporting Braga,AUT,POR,2,2,,,SEASON_ONLY
2025-06-30,2025,EUR_CL,,Athletic Club,Arsenal FC,ESP,ENG,0,2,,,SEASON_ONLY
2025-06-30,2025,EUR_CL,,PSV,Royale Union Saint-Gilloise,NED,BEL,1,3,,,SEASON_ONLY
2025-06-30,2025,EUR_CL,,Juventus FC,Borussia Dortmund,ITA,GER,4,4,,,SEASON_ONLY
2025-06-30,2025,EUR_CL,,Sport Lisboa e Benfica,Qarabağ Ağdam FK,POR,AZE,2,3,,,SEASON_ONLY
2025-06-30,2025,EUR_CL,,Tottenham Hotspur FC,Villarreal CF,ENG,ESP,1,0,,,SEASON_ONLY
2025-06-30,2025,EUR_CL,,Real Madrid CF,Olympique de Marseille,ESP,FRA,2,1,,,SEASON_ONLY
2025-06-30,2025,EUR_CL,,SK Slavia Praha,FK Bodø/Glimt,CZE,NOR,2,2,,,SEASON_ONLY
2025-06-30,2025,EUR_CL,,PAE Olympiakos SFP,Paphos FC,GRE,CYP,0,0,,,SEASON_ONLY
2025-06-30,2025,EUR_CL,,AFC Ajax,FC Internazionale Milano,NED,ITA,0,2,,,SEASON_ONLY
2025-06-30,2025,EUR_CL,,Liverpool FC,Club Atlético de Madrid,ENG,ESP,3,2,,,SEASON_ONLY
2025-06-30,2025,EUR_CL,,Paris Saint-Germain FC,Atalanta BC,FRA,ITA,4,0,,,SEASON_ONLY
2025-06-30,2025,EUR_CL,,FC Bayern München,Chelsea FC,GER,ENG,3,1,,,SEASON_ONLY
2025-06-30,2025,EUR_CL,,FC København,Bayer 04 Leverkusen,DEN,GER,2,2,,,SEASON_ONLY
2025-06-30,2025,EUR_CL,,Club Brugge KV,AS Monaco FC,BEL,MCO,4,1,,,SEASON_ONLY
2025-06-30,2025,EUR_CL,,Newcastle United FC,FC Barcelona,ENG,ESP,1,2,,,SEASON_ONLY
2025-06-30,2025,EUR_CL,,Manchester City FC,SSC Napoli,ENG,ITA,2,0,,,SEASON_ONLY
2025-06-30,2025,EUR_CL,,Eintracht Frankfurt,Galatasaray SK,GER,TUR,5,1,,,SEASON_ONLY
2025-06-30,2025,EUR_CL,,Sporting Clube de Portugal,FK Kairat,POR,KAZ,4,1,,,SEASON_ONLY
2025-06-30,2025,EUR_CL,,Atalanta BC,Club Brugge KV,ITA,BEL,2,1,,,SEASON_ONLY
2025-06-30,2025,EUR_CL,,FK Kairat,Real Madrid CF,KAZ,ESP,0,5,,,SEASON_ONLY
2025-06-30,2025,EUR_CL,,Galatasaray SK,Liverpool FC,TUR,ENG,1,0,,,SEASON_ONLY
2025-06-30,2025,EUR_CL,,Club Atlético de Madrid,Eintracht Frankfurt,ESP,GER,5,1,,,SEASON_ONLY
2025-06-30,2025,EUR_CL,,Olympique de Marseille,AFC Ajax,FRA,NED,4,0,,,SEASON_ONLY
2025-06-30,2025,EUR_CL,,FK Bodø/Glimt,Tottenham Hotspur FC,NOR,ENG,2,2,,,SEASON_ONLY
2025-06-30,2025,EUR_CL,,Paphos FC,FC Bayern München,CYP,GER,1,5,,,SEASON_ONLY
2025-06-30,2025,EUR_CL,,Chelsea FC,Sport Lisboa e Benfica,ENG,POR,1,0,,,SEASON_ONLY
2025-06-30,2025,EUR_CL,,FC Internazionale Milano,SK Slavia Praha,ITA,CZE,3,0,,,SEASON_ONLY
2025-06-30,2025,EUR_CL,,Qarabağ Ağdam FK,FC København,AZE,DEN,2,0,,,SEASON_ONLY
2025-06-30,2025,EUR_CL,,Royale Union Saint-Gilloise,Newcastle United FC,BEL,ENG,0,4,,,SEASON_ONLY
2025-06-30,2025,EUR_CL,,Borussia Dortmund,Athletic Club,GER,ESP,4,1,,,SEASON_ONLY
2025-06-30,2025,EUR_CL,,FC Barcelona,Paris Saint-Germain FC,ESP,FRA,1,2,,,SEASON_ONLY
2025-06-30,2025,EUR_CL,,AS Monaco FC,Manchester City FC,MCO,ENG,2,2,,,SEASON_ONLY
2025-06-30,2025,EUR_CL,,Bayer 04 Leverkusen,PSV,GER,NED,1,1,,,SEASON_ONLY
2025-06-30,2025,EUR_CL,,Arsenal FC,PAE Olympiakos SFP,ENG,GRE,2,0,,,SEASON_ONLY
2025-06-30,2025,EUR_CL,,Villarreal CF,Juventus FC,ESP,ITA,2,2,,,SEASON_ONLY
2025-06-30,2025,EUR_CL,,SSC Napoli,Sporting Clube de Portugal,ITA,POR,2,1,,,SEASON_ONLY
2025-06-30,2025,EUR_CL,,FC Barcelona,PAE Olympiakos SFP,ESP,GRE,6,1,,,SEASON_ONLY
2025-06-30,2025,EUR_CL,,FK Kairat,Paphos FC,KAZ,CYP,0,0,,,SEASON_ONLY
2025-06-30,2025,EUR_CL,,Royale Union Saint-Gilloise,FC Internazionale Milano,BEL,ITA,0,4,,,SEASON_ONLY
2025-06-30,2025,EUR_CL,,FC København,Borussia Dortmund,DEN,GER,2,4,,,SEASON_ONLY
2025-06-30,2025,EUR_CL,,Bayer 04 Leverkusen,Paris Saint-Germain FC,GER,FRA,2,7,,,SEASON_ONLY
2025-06-30,2025,EUR_CL,,Villarreal CF,Manchester City FC,ESP,ENG,0,2,,,SEASON_ONLY
2025-06-30,2025,EUR_CL,,Arsenal FC,Club Atlético de Madrid,ENG,ESP,4,0,,,SEASON_ONLY
2025-06-30,2025,EUR_CL,,Newcastle United FC,Sport Lisboa e Benfica,ENG,POR,3,0,,,SEASON_ONLY
2025-06-30,2025,EUR_CL,,PSV,SSC Napoli,NED,ITA,6,2,,,SEASON_ONLY
2025-06-30,2025,EUR_CL,,Galatasaray SK,FK Bodø/Glimt,TUR,NOR,3,1,,,SEASON_ONLY
2025-06-30,2025,EUR_CL,,Athletic Club,Qarabağ Ağdam FK,ESP,AZE,3,1,,,SEASON_ONLY
2025-06-30,2025,EUR_CL,,Eintracht Frankfurt,Liverpool FC,GER,ENG,1,5,,,SEASON_ONLY
2025-06-30,2025,EUR_CL,,Atalanta BC,SK Slavia Praha,ITA,CZE,0,0,,,SEASON_ONLY
2025-06-30,2025,EUR_CL,,Sporting Clube de Portugal,Olympique de Marseille,POR,FRA,2,1,,,SEASON_ONLY
2025-06-30,2025,EUR_CL,,AS Monaco FC,Tottenham Hotspur FC,MCO,ENG,0,0,,,SEASON_ONLY
2025-06-30,2025,EUR_CL,,FC Bayern München,Club Brugge KV,GER,BEL,4,0,,,SEASON_ONLY
2025-06-30,2025,EUR_CL,,Chelsea FC,AFC Ajax,ENG,NED,5,1,,,SEASON_ONLY
2025-06-30,2025,EUR_CL,,Real Madrid CF,Juventus FC,ESP,ITA,1,0,,,SEASON_ONLY
2025-06-30,2025,EUR_CL,,SK Slavia Praha,Arsenal FC,CZE,ENG,0,3,,,SEASON_ONLY
2025-06-30,2025,EUR_CL,,SSC Napoli,Eintracht Frankfurt,ITA,GER,0,0,,,SEASON_ONLY
2025-06-30,2025,EUR_CL,,Juventus FC,Sporting Clube de Portugal,ITA,POR,1,1,,,SEASON_ONLY
2025-06-30,2025,EUR_CL,,Club Atlético de Madrid,Royale Union Saint-Gilloise,ESP,BEL,3,1,,,SEASON_ONLY
2025-06-30,2025,EUR_CL,,Tottenham Hotspur FC,FC København,ENG,DEN,4,0,,,SEASON_ONLY
2025-06-30,2025,EUR_CL,,FK Bodø/Glimt,AS Monaco FC,NOR,MCO,0,1,,,SEASON_ONLY
2025-06-30,2025,EUR_CL,,PAE Olympiakos SFP,PSV,GRE,NED,1,1,,,SEASON_ONLY
2025-06-30,2025,EUR_CL,,Paris Saint-Germain FC,FC Bayern München,FRA,GER,1,2,,,SEASON_ONLY
2025-06-30,2025,EUR_CL,,Liverpool FC,Real Madrid CF,ENG,ESP,1,0,,,SEASON_ONLY
2025-06-30,2025,EUR_CL,,Paphos FC,Villarreal CF,CYP,ESP,1,0,,,SEASON_ONLY
2025-06-30,2025,EUR_CL,,Qarabağ Ağdam FK,Chelsea FC,AZE,ENG,2,2,,,SEASON_ONLY
2025-06-30,2025,EUR_CL,,FC Internazionale Milano,FK Kairat,ITA,KAZ,2,1,,,SEASON_ONLY
2025-06-30,2025,EUR_CL,,Manchester City FC,Borussia Dortmund,ENG,GER,4,1,,,SEASON_ONLY
2025-06-30,2025,EUR_CL,,Club Brugge KV,FC Barcelona,BEL,ESP,3,3,,,SEASON_ONLY
2025-06-30,2025,EUR_CL,,Sport Lisboa e Benfica,Bayer 04 Leverkusen,POR,GER,0,1,,,SEASON_ONLY
2025-06-30,2025,EUR_CL,,Olympique de Marseille,Atalanta BC,FRA,ITA,0,1,,,SEASON_ONLY
2025-06-30,2025,EUR_CL,,AFC Ajax,Galatasaray SK,NED,TUR,0,3,,,SEASON_ONLY
2025-06-30,2025,EUR_CL,,Newcastle United FC,Athletic Club,ENG,ESP,2,0,,,SEASON_ONLY
2025-06-30,2025,EUR_CL,,AFC Ajax,Sport Lisboa e Benfica,NED,POR,0,2,,,SEASON_ONLY
2025-06-30,2025,EUR_CL,,Galatasaray SK,Royale Union Saint-Gilloise,TUR,BEL,0,1,,,SEASON_ONLY
2025-06-30,2025,EUR_CL,,Borussia Dortmund,Villarreal CF,GER,ESP,4,0,,,SEASON_ONLY
2025-06-30,2025,EUR_CL,,Manchester City FC,Bayer 04 Leverkusen,ENG,GER,0,2,,,SEASON_ONLY
2025-06-30,2025,EUR_CL,,FK Bodø/Glimt,Juventus FC,NOR,ITA,2,3,,,SEASON_ONLY
2025-06-30,2025,EUR_CL,,Olympique de Marseille,Newcastle United FC,FRA,ENG,2,1,,,SEASON_ONLY
2025-06-30,2025,EUR_CL,,SK Slavia Praha,Athletic Club,CZE,ESP,0,0,,,SEASON_ONLY
2025-06-30,2025,EUR_CL,,SSC Napoli,Qarabağ Ağdam FK,ITA,AZE,2,0,,,SEASON_ONLY
2025-06-30,2025,EUR_CL,,Chelsea FC,FC Barcelona,ENG,ESP,3,0,,,SEASON_ONLY
2025-06-30,2025,EUR_CL,,Paphos FC,AS Monaco FC,CYP,MCO,2,2,,,SEASON_ONLY
2025-06-30,2025,EUR_CL,,FC København,FK Kairat,DEN,KAZ,3,2,,,SEASON_ONLY
2025-06-30,2025,EUR_CL,,Liverpool FC,PSV,ENG,NED,1,4,,,SEASON_ONLY
2025-06-30,2025,EUR_CL,,Paris Saint-Germain FC,Tottenham Hotspur FC,FRA,ENG,5,3,,,SEASON_ONLY
2025-06-30,2025,EUR_CL,,Eintracht Frankfurt,Atalanta BC,GER,ITA,0,3,,,SEASON_ONLY
2025-06-30,2025,EUR_CL,,Sporting Clube de Portugal,Club Brugge KV,POR,BEL,3,0,,,SEASON_ONLY
2025-06-30,2025,EUR_CL,,Arsenal FC,FC Bayern München,ENG,GER,3,1,,,SEASON_ONLY
2025-06-30,2025,EUR_CL,,PAE Olympiakos SFP,Real Madrid CF,GRE,ESP,3,4,,,SEASON_ONLY
2025-06-30,2025,EUR_CL,,Club Atlético de Madrid,FC Internazionale Milano,ESP,ITA,2,1,,,SEASON_ONLY
2025-06-30,2025,EUR_CL,,FK Kairat,PAE Olympiakos SFP,KAZ,GRE,0,1,,,SEASON_ONLY
2025-06-30,2025,EUR_CL,,FC Bayern München,Sporting Clube de Portugal,GER,POR,3,1,,,SEASON_ONLY
2025-06-30,2025,EUR_CL,,FC Barcelona,Eintracht Frankfurt,ESP,GER,2,1,,,SEASON_ONLY
2025-06-30,2025,EUR_CL,,PSV,Club Atlético de Madrid,NED,ESP,2,3,,,SEASON_ONLY
2025-06-30,2025,EUR_CL,,Royale Union Saint-Gilloise,Olympique de Marseille,BEL,FRA,2,3,,,SEASON_ONLY
2025-06-30,2025,EUR_CL,,Tottenham Hotspur FC,SK Slavia Praha,ENG,CZE,3,0,,,SEASON_ONLY
2025-06-30,2025,EUR_CL,,AS Monaco FC,Galatasaray SK,MCO,TUR,1,0,,,SEASON_ONLY
2025-06-30,2025,EUR_CL,,Atalanta BC,Chelsea FC,ITA,ENG,2,1,,,SEASON_ONLY
2025-06-30,2025,EUR_CL,,FC Internazionale Milano,Liverpool FC,ITA,ENG,0,1,,,SEASON_ONLY
2025-06-30,2025,EUR_CL,,Villarreal CF,FC København,ESP,DEN,2,3,,,SEASON_ONLY
2025-06-30,2025,EUR_CL,,Qarabağ Ağdam FK,AFC Ajax,AZE,NED,2,4,,,SEASON_ONLY
2025-06-30,2025,EUR_CL,,Borussia Dortmund,FK Bodø/Glimt,GER,NOR,2,2,,,SEASON_ONLY
2025-06-30,2025,EUR_CL,,Athletic Club,Paris Saint-Germain FC,ESP,FRA,0,0,,,SEASON_ONLY
2025-06-30,2025,EUR_CL,,Bayer 04 Leverkusen,Newcastle United FC,GER,ENG,2,2,,,SEASON_ONLY
2025-06-30,2025,EUR_CL,,Club Brugge KV,Arsenal FC,BEL,ENG,0,3,,,SEASON_ONLY
2025-06-30,2025,EUR_CL,,Sport Lisboa e Benfica,SSC Napoli,POR,ITA,2,0,,,SEASON_ONLY
2025-06-30,2025,EUR_CL,,Juventus FC,Paphos FC,ITA,CYP,2,0,,,SEASON_ONLY
2025-06-30,2025,EUR_CL,,Real Madrid CF,Manchester City FC,ESP,ENG,1,2,,,SEASON_ONLY
2025-06-30,2025,EUR_CL,,FK Kairat,Club Brugge KV,KAZ,BEL,1,4,,,SEASON_ONLY
2025-06-30,2025,EUR_CL,,FK Bodø/Glimt,Manchester City FC,NOR,ENG,3,1,,,SEASON_ONLY
2025-06-30,2025,EUR_CL,,Tottenham Hotspur FC,Borussia Dortmund,ENG,GER,2,0,,,SEASON_ONLY
2025-06-30,2025,EUR_CL,,Sporting Clube de Portugal,Paris Saint-Germain FC,POR,FRA,2,1,,,SEASON_ONLY
2025-06-30,2025,EUR_CL,,PAE Olympiakos SFP,Bayer 04 Leverkusen,GRE,GER,2,0,,,SEASON_ONLY
2025-06-30,2025,EUR_CL,,Villarreal CF,AFC Ajax,ESP,NED,1,2,,,SEASON_ONLY
2025-06-30,2025,EUR_CL,,FC København,SSC Napoli,DEN,ITA,1,1,,,SEASON_ONLY
2025-06-30,2025,EUR_CL,,Real Madrid CF,AS Monaco FC,ESP,MCO,6,1,,,SEASON_ONLY
2025-06-30,2025,EUR_CL,,FC Internazionale Milano,Arsenal FC,ITA,ENG,1,3,,,SEASON_ONLY
2025-06-30,2025,EUR_CL,,Qarabağ Ağdam FK,Eintracht Frankfurt,AZE,GER,3,2,,,SEASON_ONLY
2025-06-30,2025,EUR_CL,,Galatasaray SK,Club Atlético de Madrid,TUR,ESP,1,1,,,SEASON_ONLY
2025-06-30,2025,EUR_CL,,Olympique de Marseille,Liverpool FC,FRA,ENG,0,3,,,SEASON_ONLY
2025-06-30,2025,EUR_CL,,SK Slavia Praha,FC Barcelona,CZE,ESP,2,4,,,SEASON_ONLY
2025-06-30,2025,EUR_CL,,Atalanta BC,Athletic Club,ITA,ESP,2,3,,,SEASON_ONLY
2025-06-30,2025,EUR_CL,,Juventus FC,Sport Lisboa e Benfica,ITA,POR,2,0,,,SEASON_ONLY
2025-06-30,2025,EUR_CL,,Newcastle United FC,PSV,ENG,NED,3,0,,,SEASON_ONLY
2025-06-30,2025,EUR_CL,,FC Bayern München,Royale Union Saint-Gilloise,GER,BEL,2,0,,,SEASON_ONLY
2025-06-30,2025,EUR_CL,,Chelsea FC,Paphos FC,ENG,CYP,1,0,,,SEASON_ONLY
2025-06-30,2025,EUR_CL,,Liverpool FC,Qarabağ Ağdam FK,ENG,AZE,6,0,,,SEASON_ONLY
2025-06-30,2025,EUR_CL,,FC Barcelona,FC København,ESP,DEN,4,1,,,SEASON_ONLY
2025-06-30,2025,EUR_CL,,Manchester City FC,Galatasaray SK,ENG,TUR,2,0,,,SEASON_ONLY
2025-06-30,2025,EUR_CL,,Bayer 04 Leverkusen,Villarreal CF,GER,ESP,3,0,,,SEASON_ONLY
2025-06-30,2025,EUR_CL,,Arsenal FC,FK Kairat,ENG,KAZ,3,2,,,SEASON_ONLY
2025-06-30,2025,EUR_CL,,Royale Union Saint-Gilloise,Atalanta BC,BEL,ITA,1,0,,,SEASON_ONLY
2025-06-30,2025,EUR_CL,,Club Brugge KV,Olympique de Marseille,BEL,FRA,3,0,,,SEASON_ONLY
2025-06-30,2025,EUR_CL,,Eintracht Frankfurt,Tottenham Hotspur FC,GER,ENG,0,2,,,SEASON_ONLY
2025-06-30,2025,EUR_CL,,AS Monaco FC,Juventus FC,MCO,ITA,0,0,,,SEASON_ONLY
2025-06-30,2025,EUR_CL,,Club Atlético de Madrid,FK Bodø/Glimt,ESP,NOR,1,2,,,SEASON_ONLY
2025-06-30,2025,EUR_CL,,Athletic Club,Sporting Clube de Portugal,ESP,POR,2,3,,,SEASON_ONLY
2025-06-30,2025,EUR_CL,,AFC Ajax,PAE Olympiakos SFP,NED,GRE,1,2,,,SEASON_ONLY
2025-06-30,2025,EUR_CL,,Paris Saint-Germain FC,Newcastle United FC,FRA,ENG,1,1,,,SEASON_ONLY
2025-06-30,2025,EUR_CL,,Paphos FC,SK Slavia Praha,CYP,CZE,4,1,,,SEASON_ONLY
2025-06-30,2025,EUR_CL,,PSV,FC Bayern München,NED,GER,1,2,,,SEASON_ONLY
2025-06-30,2025,EUR_CL,,SSC Napoli,Chelsea FC,ITA,ENG,2,3,,,SEASON_ONLY
2025-06-30,2025,EUR_CL,,Sport Lisboa e Benfica,Real Madrid CF,POR,ESP,4,2,,,SEASON_ONLY
2025-06-30,2025,EUR_CL,,Borussia Dortmund,FC Internazionale Milano,GER,ITA,0,2,,,SEASON_ONLY
2025-06-30,2025,EUR_CL,,Galatasaray SK,Juventus FC,TUR,ITA,5,2,,,SEASON_ONLY
2025-06-30,2025,EUR_CL,,Sport Lisboa e Benfica,Real Madrid CF,POR,ESP,0,1,,,SEASON_ONLY
2025-06-30,2025,EUR_CL,,AS Monaco FC,Paris Saint-Germain FC,MCO,FRA,2,3,,,SEASON_ONLY
2025-06-30,2025,EUR_CL,,Borussia Dortmund,Atalanta BC,GER,ITA,2,0,,,SEASON_ONLY
2025-06-30,2025,EUR_CL,,Qarabağ Ağdam FK,Newcastle United FC,AZE,ENG,1,6,,,SEASON_ONLY
2025-06-30,2025,EUR_CL,,Club Brugge KV,Club Atlético de Madrid,BEL,ESP,3,3,,,SEASON_ONLY
2025-06-30,2025,EUR_CL,,PAE Olympiakos SFP,Bayer 04 Leverkusen,GRE,GER,0,2,,,SEASON_ONLY
2025-06-30,2025,EUR_CL,,FK Bodø/Glimt,FC Internazionale Milano,NOR,ITA,3,1,,,SEASON_ONLY
2025-06-30,2025,EUR_CL,,Club Atlético de Madrid,Club Brugge KV,ESP,BEL,4,1,,,SEASON_ONLY
2025-06-30,2025,EUR_CL,,Newcastle United FC,Qarabağ Ağdam FK,ENG,AZE,3,2,,,SEASON_ONLY
2025-06-30,2025,EUR_CL,,Bayer 04 Leverkusen,PAE Olympiakos SFP,GER,GRE,0,0,,,SEASON_ONLY
2025-06-30,2025,EUR_CL,,FC Internazionale Milano,FK Bodø/Glimt,ITA,NOR,1,2,,,SEASON_ONLY
2025-06-30,2025,EUR_CL,,Atalanta BC,Borussia Dortmund,ITA,GER,4,1,,,SEASON_ONLY
2025-06-30,2025,EUR_CL,,Real Madrid CF,Sport Lisboa e Benfica,ESP,POR,2,1,,,SEASON_ONLY
2025-06-30,2025,EUR_CL,,Paris Saint-Germain FC,AS Monaco FC,FRA,MCO,2,2,,,SEASON_ONLY
2025-06-30,2025,EUR_CL,,Juventus FC,Galatasaray SK,ITA,TUR,3,2,,,SEASON_ONLY
2025-06-30,2025,EUR_CL,,Galatasaray SK,Liverpool FC,TUR,ENG,1,0,,,SEASON_ONLY
2025-06-30,2025,EUR_CL,,Atalanta BC,FC Bayern München,ITA,GER,1,6,,,SEASON_ONLY
2025-06-30,2025,EUR_CL,,Newcastle United FC,FC Barcelona,ENG,ESP,1,1,,,SEASON_ONLY
2025-06-30,2025,EUR_CL,,Club Atlético de Madrid,Tottenham Hotspur FC,ESP,ENG,5,2,,,SEASON_ONLY
2025-06-30,2025,EUR_CL,,Bayer 04 Leverkusen,Arsenal FC,GER,ENG,1,1,,,SEASON_ONLY
2025-06-30,2025,EUR_CL,,Paris Saint-Germain FC,Chelsea FC,FRA,ENG,5,2,,,SEASON_ONLY
2025-06-30,2025,EUR_CL,,Real Madrid CF,Manchester City FC,ESP,ENG,3,0,,,SEASON_ONLY
2025-06-30,2025,EUR_CL,,FK Bodø/Glimt,Sporting Clube de Portugal,NOR,POR,3,0,,,SEASON_ONLY
2025-06-30,2025,EUR_CL,,Sporting Clube de Portugal,FK Bodø/Glimt,POR,NOR,5,0,,,SEASON_ONLY
2025-06-30,2025,EUR_CL,,Chelsea FC,Paris Saint-Germain FC,ENG,FRA,0,3,,,SEASON_ONLY
2025-06-30,2025,EUR_CL,,Manchester City FC,Real Madrid CF,ENG,ESP,1,2,,,SEASON_ONLY
2025-06-30,2025,EUR_CL,,Arsenal FC,Bayer 04 Leverkusen,ENG,GER,2,0,,,SEASON_ONLY
2025-06-30,2025,EUR_CL,,FC Barcelona,Newcastle United FC,ESP,ENG,7,2,,,SEASON_ONLY
2025-06-30,2025,EUR_CL,,Liverpool FC,Galatasaray SK,ENG,TUR,4,0,,,SEASON_ONLY
2025-06-30,2025,EUR_CL,,FC Bayern München,Atalanta BC,GER,ITA,4,1,,,SEASON_ONLY
2025-06-30,2025,EUR_CL,,Tottenham Hotspur FC,Club Atlético de Madrid,ENG,ESP,3,2,,,SEASON_ONLY
2025-06-30,2025,EUR_CL,,Real Madrid CF,FC Bayern München,ESP,GER,1,2,,,SEASON_ONLY
2025-06-30,2025,EUR_CL,,Sporting Clube de Portugal,Arsenal FC,POR,ENG,0,1,,,SEASON_ONLY
2025-06-30,2025,EUR_CL,,Paris Saint-Germain FC,Liverpool FC,FRA,ENG,2,0,,,SEASON_ONLY
2025-06-30,2025,EUR_CL,,FC Barcelona,Club Atlético de Madrid,ESP,ESP,0,2,,,SEASON_ONLY
2025-06-30,2025,EUR_CL,,Liverpool FC,Paris Saint-Germain FC,ENG,FRA,0,2,,,SEASON_ONLY
2025-06-30,2025,EUR_CL,,Club Atlético de Madrid,FC Barcelona,ESP,ESP,1,2,,,SEASON_ONLY
2025-06-30,2025,EUR_CL,,FC Bayern München,Real Madrid CF,GER,ESP,4,3,,,SEASON_ONLY
2025-06-30,2025,EUR_CL,,Arsenal FC,Sporting Clube de Portugal,ENG,POR,0,0,,,SEASON_ONLY
2025-06-30,2025,EUR_CL,,Paris Saint-Germain FC,FC Bayern München,FRA,GER,5,4,,,SEASON_ONLY
2025-06-30,2025,EUR_CL,,Club Atlético de Madrid,Arsenal FC,ESP,ENG,1,1,,,SEASON_ONLY
2025-06-30,2025,EUR_CL,,Arsenal FC,Club Atlético de Madrid,ENG,ESP,1,0,,,SEASON_ONLY
2025-06-30,2025,EUR_CL,,FC Bayern München,Paris Saint-Germain FC,GER,FRA,1,1,,,SEASON_ONLY
2025-06-30,2025,EUR_CL,,Paris Saint-Germain FC,Arsenal FC,FRA,ENG,4,3,,,SEASON_ONLY
2025-06-30,2025,EUR_CL,,Kuopion PS,FC Milsami,FIN,MDA,1,0,,,SEASON_ONLY
2025-06-30,2025,EUR_CL,,FC Iberia 1999,Malmö FF,GEO,SWE,1,3,,,SEASON_ONLY
2025-06-30,2025,EUR_CL,,FC Noah,FK Budućnost Podgorica,ARM,MNE,1,0,,,SEASON_ONLY
2025-06-30,2025,EUR_CL,,FCI Levadia,FK RFS,EST,LVA,0,1,,,SEASON_ONLY
2025-06-30,2025,EUR_CL,,Olimpija Ljubljana,FK Kairat,SVN,KAZ,1,1,,,SEASON_ONLY
2025-06-30,2025,EUR_CL,,The New Saints,KF Shkëndija 79,WAL,MKD,0,0,,,SEASON_ONLY
2025-06-30,2025,EUR_CL,,KF Drita,FC Differdange 03,KOS,LUX,1,0,,,SEASON_ONLY
2025-06-30,2025,EUR_CL,,Víkingur,Lincoln Red Imps,FRO,GIB,2,3,,,SEASON_ONLY
2025-06-30,2025,EUR_CL,,Egnatia Rrogozhine,Breiðablik,ALB,ISL,1,0,,,SEASON_ONLY
2025-06-30,2025,EUR_CL,,SS Virtus,Zrinjski Mostar,SMR,BIH,0,2,,,SEASON_ONLY
2025-06-30,2025,EUR_CL,,FK Žalgiris,Hamrun Spartans,LTU,MLT,2,0,,,SEASON_ONLY
2025-06-30,2025,EUR_CL,,FCSB,Inter Club d'Escaldes,ROU,AND,3,1,,,SEASON_ONLY
2025-06-30,2025,EUR_CL,,PFC Ludogorets Razgrad,Dinamo Minsk,BUL,BLR,1,0,,,SEASON_ONLY
2025-06-30,2025,EUR_CL,,Shelbourne FC,Linfield FC,IRL,NIR,1,0,,,SEASON_ONLY
2025-06-30,2025,EUR_CL,,FK Kairat,Olimpija Ljubljana,KAZ,SVN,2,0,,,SEASON_ONLY
2025-06-30,2025,EUR_CL,,Lincoln Red Imps,Víkingur,GIB,FRO,1,0,,,SEASON_ONLY
2025-06-30,2025,EUR_CL,,Hamrun Spartans,FK Žalgiris,MLT,LTU,11,10,,,SEASON_ONLY
2025-06-30,2025,EUR_CL,,FC Milsami,Kuopion PS,MDA,FIN,0,0,,,SEASON_ONLY
2025-06-30,2025,EUR_CL,,Malmö FF,FC Iberia 1999,SWE,GEO,3,1,,,SEASON_ONLY
2025-06-30,2025,EUR_CL,,FK RFS,FCI Levadia,LVA,EST,1,0,,,SEASON_ONLY
2025-06-30,2025,EUR_CL,,KF Shkëndija 79,The New Saints,MKD,WAL,2,1,,,SEASON_ONLY
2025-06-30,2025,EUR_CL,,FC Differdange 03,KF Drita,LUX,KOS,2,3,,,SEASON_ONLY
2025-06-30,2025,EUR_CL,,Inter Club d'Escaldes,FCSB,AND,ROU,2,1,,,SEASON_ONLY
2025-06-30,2025,EUR_CL,,Breiðablik,Egnatia Rrogozhine,ISL,ALB,5,0,,,SEASON_ONLY
2025-06-30,2025,EUR_CL,,Zrinjski Mostar,SS Virtus,BIH,SMR,2,1,,,SEASON_ONLY
2025-06-30,2025,EUR_CL,,FK Budućnost Podgorica,FC Noah,MNE,ARM,2,2,,,SEASON_ONLY
2025-06-30,2025,EUR_CL,,Linfield FC,Shelbourne FC,NIR,IRL,1,1,,,SEASON_ONLY
2025-06-30,2025,EUR_CL,,Dinamo Minsk,PFC Ludogorets Razgrad,BLR,BUL,2,2,,,SEASON_ONLY
2025-06-30,2025,EUR_CL,,Kuopion PS,FK Kairat,FIN,KAZ,2,0,,,SEASON_ONLY
2025-06-30,2025,EUR_CL,,Lincoln Red Imps,Crvena Zvezda,GIB,SRB,0,1,,,SEASON_ONLY
2025-06-30,2025,EUR_CL,,FC Noah,Ferencvárosi TC,ARM,HUN,1,2,,,SEASON_ONLY
2025-06-30,2025,EUR_CL,,FK RFS,Malmö FF,LVA,SWE,1,4,,,SEASON_ONLY
2025-06-30,2025,EUR_CL,,Hamrun Spartans,Dinamo Kiev,MLT,UKR,0,3,,,SEASON_ONLY
2025-06-30,2025,EUR_CL,,Pafos FC,Maccabi Tel Aviv,CYP,ISR,1,1,,,SEASON_ONLY
2025-06-30,2025,EUR_CL,,FC København,KF Drita,DEN,KOS,2,0,,,SEASON_ONLY
2025-06-30,2025,EUR_CL,,Viktoria Plzeň,Servette FC,CZE,SUI,0,1,,,SEASON_ONLY
2025-06-30,2025,EUR_CL,,KF Shkëndija 79,FCSB,MKD,ROU,1,0,,,SEASON_ONLY
2025-06-30,2025,EUR_CL,,Slovan Bratislava,Zrinjski Mostar,SVK,BIH,4,0,,,SEASON_ONLY
2025-06-30,2025,EUR_CL,,Lech Poznań,Breiðablik,POL,ISL,7,1,,,SEASON_ONLY
2025-06-30,2025,EUR_CL,,HNK Rijeka,PFC Ludogorets Razgrad,CRO,BUL,0,0,,,SEASON_ONLY
2025-06-30,2025,EUR_CL,,Rangers FC,Panathinaikos,SCO,GRE,2,0,,,SEASON_ONLY
2025-06-30,2025,EUR_CL,,SK Brann,RB Salzburg,NOR,AUT,1,4,,,SEASON_ONLY
2025-06-30,2025,EUR_CL,,Shelbourne FC,Qarabağ FK,IRL,AZE,0,3,,,SEASON_ONLY
2025-06-30,2025,EUR_CL,,FK Kairat,Kuopion PS,KAZ,FIN,3,0,,,SEASON_ONLY
2025-06-30,2025,EUR_CL,,Dinamo Kiev,Hamrun Spartans,UKR,MLT,3,0,,,SEASON_ONLY
2025-06-30,2025,EUR_CL,,KF Drita,FC København,KOS,DEN,0,1,,,SEASON_ONLY
2025-06-30,2025,EUR_CL,,Crvena Zvezda,Lincoln Red Imps,SRB,GIB,5,1,,,SEASON_ONLY
2025-06-30,2025,EUR_CL,,Zrinjski Mostar,Slovan Bratislava,BIH,SVK,2,2,,,SEASON_ONLY
2025-06-30,2025,EUR_CL,,Qarabağ FK,Shelbourne FC,AZE,IRL,1,0,,,SEASON_ONLY
2025-06-30,2025,EUR_CL,,Malmö FF,FK RFS,SWE,LVA,1,0,,,SEASON_ONLY
2025-06-30,2025,EUR_CL,,PFC Ludogorets Razgrad,HNK Rijeka,BUL,CRO,3,1,,,SEASON_ONLY
2025-06-30,2025,EUR_CL,,FCSB,KF Shkëndija 79,ROU,MKD,1,2,,,SEASON_ONLY
2025-06-30,2025,EUR_CL,,Maccabi Tel Aviv,Pafos FC,ISR,CYP,0,1,,,SEASON_ONLY
2025-06-30,2025,EUR_CL,,Ferencvárosi TC,FC Noah,HUN,ARM,4,3,,,SEASON_ONLY
2025-06-30,2025,EUR_CL,,Panathinaikos,Rangers FC,GRE,SCO,1,1,,,SEASON_ONLY
2025-06-30,2025,EUR_CL,,Breiðablik,Lech Poznań,ISL,POL,0,1,,,SEASON_ONLY
2025-06-30,2025,EUR_CL,,RB Salzburg,SK Brann,AUT,NOR,1,1,,,SEASON_ONLY
2025-06-30,2025,EUR_CL,,Servette FC,Viktoria Plzeň,SUI,CZE,1,3,,,SEASON_ONLY
2025-06-30,2025,EUR_CL,,Malmö FF,FC København,SWE,DEN,0,0,,,SEASON_ONLY
2025-06-30,2025,EUR_CL,,Dinamo Kiev,Pafos FC,UKR,CYP,0,1,,,SEASON_ONLY
2025-06-30,2025,EUR_CL,,KF Shkëndija 79,Qarabağ FK,MKD,AZE,0,1,,,SEASON_ONLY
2025-06-30,2025,EUR_CL,,Rangers FC,Viktoria Plzeň,SCO,CZE,3,0,,,SEASON_ONLY
2025-06-30,2025,EUR_CL,,FK Kairat,Slovan Bratislava,KAZ,SVK,1,0,,,SEASON_ONLY
2025-06-30,2025,EUR_CL,,RB Salzburg,Club Brugge KV,AUT,BEL,0,1,,,SEASON_ONLY
2025-06-30,2025,EUR_CL,,PFC Ludogorets Razgrad,Ferencvárosi TC,BUL,HUN,0,0,,,SEASON_ONLY
2025-06-30,2025,EUR_CL,,Lech Poznań,Crvena Zvezda,POL,SRB,1,3,,,SEASON_ONLY
2025-06-30,2025,EUR_CL,,OGC Nice,SL Benfica,FRA,POR,0,2,,,SEASON_ONLY
2025-06-30,2025,EUR_CL,,Feyenoord,Fenerbahçe,NED,TUR,2,1,,,SEASON_ONLY
2025-06-30,2025,EUR_CL,,Qarabağ FK,KF Shkëndija 79,AZE,MKD,5,1,,,SEASON_ONLY
2025-06-30,2025,EUR_CL,,FC København,Malmö FF,DEN,SWE,5,0,,,SEASON_ONLY
2025-06-30,2025,EUR_CL,,Pafos FC,Dinamo Kiev,CYP,UKR,2,0,,,SEASON_ONLY
2025-06-30,2025,EUR_CL,,Viktoria Plzeň,Rangers FC,CZE,SCO,2,1,,,SEASON_ONLY
2025-06-30,2025,EUR_CL,,Fenerbahçe,Feyenoord,TUR,NED,5,2,,,SEASON_ONLY
2025-06-30,2025,EUR_CL,,Club Brugge KV,RB Salzburg,BEL,AUT,3,2,,,SEASON_ONLY
2025-06-30,2025,EUR_CL,,Slovan Bratislava,FK Kairat,SVK,KAZ,3,4,,,SEASON_ONLY
2025-06-30,2025,EUR_CL,,Ferencvárosi TC,PFC Ludogorets Razgrad,HUN,BUL,3,0,,,SEASON_ONLY
2025-06-30,2025,EUR_CL,,Crvena Zvezda,Lech Poznań,SRB,POL,1,1,,,SEASON_ONLY
2025-06-30,2025,EUR_CL,,SL Benfica,OGC Nice,POR,FRA,2,0,,,SEASON_ONLY
2025-06-30,2025,EUR_CL,,Ferencvárosi TC,Qarabağ FK,HUN,AZE,1,3,,,SEASON_ONLY
2025-06-30,2025,EUR_CL,,Crvena Zvezda,Pafos FC,SRB,CYP,1,2,,,SEASON_ONLY
2025-06-30,2025,EUR_CL,,Rangers FC,Club Brugge KV,SCO,BEL,1,3,,,SEASON_ONLY
2025-06-30,2025,EUR_CL,,FK Bodø/Glimt,Sturm Graz,NOR,AUT,5,0,,,SEASON_ONLY
2025-06-30,2025,EUR_CL,,Celtic FC,FK Kairat,SCO,KAZ,0,0,,,SEASON_ONLY
2025-06-30,2025,EUR_CL,,FC Basel 1893,FC København,SUI,DEN,1,1,,,SEASON_ONLY
2025-06-30,2025,EUR_CL,,Fenerbahçe,SL Benfica,TUR,POR,0,0,,,SEASON_ONLY
2025-06-30,2025,EUR_CL,,FK Kairat,Celtic FC,KAZ,SCO,3,2,,,SEASON_ONLY
2025-06-30,2025,EUR_CL,,Pafos FC,Crvena Zvezda,CYP,SRB,1,1,,,SEASON_ONLY
2025-06-30,2025,EUR_CL,,Sturm Graz,FK Bodø/Glimt,AUT,NOR,2,1,,,SEASON_ONLY
2025-06-30,2025,EUR_CL,,Qarabağ FK,Ferencvárosi TC,AZE,HUN,2,3,,,SEASON_ONLY
2025-06-30,2025,EUR_CL,,FC København,FC Basel 1893,DEN,SUI,2,0,,,SEASON_ONLY
2025-06-30,2025,EUR_CL,,SL Benfica,Fenerbahçe,POR,TUR,1,0,,,SEASON_ONLY
2025-06-30,2025,EUR_CL,,Club Brugge KV,Rangers FC,BEL,SCO,6,0,,,SEASON_ONLY
2025-06-30,2025,EUR_CONF,,St. Joseph's FC,Cliftonville FC,GIB,NIR,2,2,,,SEASON_ONLY
2025-06-30,2025,EUR_CONF,,Floriana FC,Haverfordwest County,MLT,WAL,2,1,,,SEASON_ONLY
2025-06-30,2025,EUR_CONF,,Atlétic Escaldes,F91 Dudelange,AND,LUX,2,0,,,SEASON_ONLY
2025-06-30,2025,EUR_CONF,,FCB Magpies,Paide Linnameeskond,GIB,EST,2,3,,,SEASON_ONLY
2025-06-30,2025,EUR_CONF,,Torpedo Kutaisi,FK Ordabasy,GEO,KAZ,4,3,,,SEASON_ONLY
2025-06-30,2025,EUR_CONF,,SJK Seinäjoki,KÍ Klaksvík,FIN,FRO,1,2,,,SEASON_ONLY
2025-06-30,2025,EUR_CONF,,Kauno Žalgiris,Penybont FC,LTU,WAL,3,0,,,SEASON_ONLY
2025-06-30,2025,EUR_CONF,,FC Urartu,Neman Grodno,ARM,BLR,1,2,,,SEASON_ONLY
2025-06-30,2025,EUR_CONF,,RFCU Luxemburg,Dila Gori,LUX,GEO,1,2,,,SEASON_ONLY
2025-06-30,2025,EUR_CONF,,JK Nõmme Kalju,FK Partizani,EST,ALB,1,1,,,SEASON_ONLY
2025-06-30,2025,EUR_CONF,,FK Vllaznia,BFC Daugavpils,ALB,LVA,0,1,,,SEASON_ONLY
2025-06-30,2025,EUR_CONF,,Birkirkara FC,CS Petrocub,MLT,MDA,1,0,,,SEASON_ONLY
2025-06-30,2025,EUR_CONF,,FK Dečić Tuzi,Sileks Kratovo,MNE,MKD,2,0,,,SEASON_ONLY
2025-06-30,2025,EUR_CONF,,Torpedo-BelAZ Zhodino,FK Rabotnički,BLR,MKD,3,0,,,SEASON_ONLY
2025-06-30,2025,EUR_CONF,,KF Malisheva,Víkingur Reykjavík,KOS,ISL,0,1,,,SEASON_ONLY
2025-06-30,2025,EUR_CONF,,Željezničar Sarajevo,FC Koper,BIH,SVN,1,1,,,SEASON_ONLY
2025-06-30,2025,EUR_CONF,,Vardar Skopje,SP La Fiorita,MKD,SMR,3,0,,,SEASON_ONLY
2025-06-30,2025,EUR_CONF,,FK Sutjeska,Dinamo Brest,MNE,BLR,1,2,,,SEASON_ONLY
2025-06-30,2025,EUR_CONF,,NSÍ Runavík,HJK Helsinki,FRO,FIN,4,0,,,SEASON_ONLY
2025-06-30,2025,EUR_CONF,,St Patrick's Athletic,FC Hegelmann,IRL,LTU,1,0,,,SEASON_ONLY
2025-06-30,2025,EUR_CONF,,SP Tre Fiori,Pyunik FC,SMR,ARM,1,0,,,SEASON_ONLY
2025-06-30,2025,EUR_CONF,,Borac Banja Luka,FC Santa Coloma,BIH,AND,1,4,,,SEASON_ONLY
2025-06-30,2025,EUR_CONF,,Larne FC,FK Auda,NIR,LVA,0,0,,,SEASON_ONLY
2025-06-30,2025,EUR_CONF,,Valur Reykjavík,FC Flora,ISL,EST,3,0,,,SEASON_ONLY
2025-06-30,2025,EUR_CONF,,FK Auda,Larne FC,LVA,NIR,2,4,,,SEASON_ONLY
2025-06-30,2025,EUR_CONF,,BFC Daugavpils,FK Vllaznia,LVA,ALB,2,4,,,SEASON_ONLY
2025-06-30,2025,EUR_CONF,,HJK Helsinki,NSÍ Runavík,FIN,FRO,5,0,,,SEASON_ONLY
2025-06-30,2025,EUR_CONF,,FK Ordabasy,Torpedo Kutaisi,KAZ,GEO,1,1,,,SEASON_ONLY
2025-06-30,2025,EUR_CONF,,Pyunik FC,SP Tre Fiori,ARM,SMR,5,0,,,SEASON_ONLY
2025-06-30,2025,EUR_CONF,,FC Santa Coloma,Borac Banja Luka,AND,BIH,0,2,,,SEASON_ONLY
2025-06-30,2025,EUR_CONF,,FC Flora,Valur Reykjavík,EST,ISL,1,2,,,SEASON_ONLY
2025-06-30,2025,EUR_CONF,,Dila Gori,RFCU Luxemburg,GEO,LUX,1,0,,,SEASON_ONLY
2025-06-30,2025,EUR_CONF,,FC Hegelmann,St Patrick's Athletic,LTU,IRL,0,2,,,SEASON_ONLY
2025-06-30,2025,EUR_CONF,,FK Rabotnički,Torpedo-BelAZ Zhodino,MKD,BLR,0,1,,,SEASON_ONLY
2025-06-30,2025,EUR_CONF,,Paide Linnameeskond,FCB Magpies,EST,GIB,4,1,,,SEASON_ONLY
2025-06-30,2025,EUR_CONF,,Penybont FC,Kauno Žalgiris,WAL,LTU,1,1,,,SEASON_ONLY
2025-06-30,2025,EUR_CONF,,CS Petrocub,Birkirkara FC,MDA,MLT,3,0,,,SEASON_ONLY
2025-06-30,2025,EUR_CONF,,F91 Dudelange,Atlétic Escaldes,LUX,AND,2,3,,,SEASON_ONLY
2025-06-30,2025,EUR_CONF,,Sileks Kratovo,FK Dečić Tuzi,MKD,MNE,2,1,,,SEASON_ONLY
2025-06-30,2025,EUR_CONF,,Haverfordwest County,Floriana FC,WAL,MLT,2,3,,,SEASON_ONLY
2025-06-30,2025,EUR_CONF,,FC Koper,Željezničar Sarajevo,SVN,BIH,3,1,,,SEASON_ONLY
2025-06-30,2025,EUR_CONF,,FK Partizani,JK Nõmme Kalju,ALB,EST,0,1,,,SEASON_ONLY
2025-06-30,2025,EUR_CONF,,Neman Grodno,FC Urartu,BLR,ARM,4,0,,,SEASON_ONLY
2025-06-30,2025,EUR_CONF,,Dinamo Brest,FK Sutjeska,BLR,MNE,0,2,,,SEASON_ONLY
2025-06-30,2025,EUR_CONF,,KÍ Klaksvík,SJK Seinäjoki,FRO,FIN,2,0,,,SEASON_ONLY
2025-06-30,2025,EUR_CONF,,Cliftonville FC,St. Joseph's FC,NIR,GIB,2,3,,,SEASON_ONLY
2025-06-30,2025,EUR_CONF,,Víkingur Reykjavík,KF Malisheva,ISL,KOS,8,0,,,SEASON_ONLY
2025-06-30,2025,EUR_CONF,,SP La Fiorita,Vardar Skopje,SMR,MKD,2,2,,,SEASON_ONLY
2025-06-30,2025,EUR_CONF,,KF Ballkani,Floriana FC,KOS,MLT,4,2,,,SEASON_ONLY
2025-06-30,2025,EUR_CONF,,Zira FK,Hajduk Split,AZE,CRO,1,1,,,SEASON_ONLY
2025-06-30,2025,EUR_CONF,,FCI Levadia,FC Iberia 1999,EST,GEO,1,0,,,SEASON_ONLY
2025-06-30,2025,EUR_CONF,,Silkeborg IF,KA Akureyri,DEN,ISL,1,1,,,SEASON_ONLY
2025-06-30,2025,EUR_CONF,,The New Saints,FC Differdange 03,WAL,LUX,0,1,,,SEASON_ONLY
2025-06-30,2025,EUR_CONF,,Olimpija Ljubljana,Inter Club d'Escaldes,SVN,AND,4,2,,,SEASON_ONLY
2025-06-30,2025,EUR_CONF,,FK Budućnost Podgorica,FC Milsami,MNE,MDA,0,0,,,SEASON_ONLY
2025-06-30,2025,EUR_CONF,,Atlétic Escaldes,FC Dinamo City,AND,ALB,1,2,,,SEASON_ONLY
2025-06-30,2025,EUR_CONF,,FK Astana,FC Zimbru,KAZ,MDA,1,1,,,SEASON_ONLY
2025-06-30,2025,EUR_CONF,,Paide Linnameeskond,AIK Solna,EST,SWE,0,2,,,SEASON_ONLY
2025-06-30,2025,EUR_CONF,,FK Žalgiris,Linfield FC,LTU,NIR,0,0,,,SEASON_ONLY
2025-06-30,2025,EUR_CONF,,Rosenborg BK,Banga Gargždai,NOR,LTU,5,0,,,SEASON_ONLY
2025-06-30,2025,EUR_CONF,,Pyunik FC,Győri ETO FC,ARM,HUN,2,1,,,SEASON_ONLY
2025-06-30,2025,EUR_CONF,,FC Ararat-Armenia,Universitatea Cluj,ARM,ROU,0,0,,,SEASON_ONLY
2025-06-30,2025,EUR_CONF,,Kauno Žalgiris,Valur Reykjavík,LTU,ISL,1,1,,,SEASON_ONLY
2025-06-30,2025,EUR_CONF,,Hibernians FC,Spartak Trnava,MLT,SVK,1,2,,,SEASON_ONLY
2025-06-30,2025,EUR_CONF,,Aris Limassol,Puskás FC,CYP,HUN,3,2,,,SEASON_ONLY
2025-06-30,2025,EUR_CONF,,St. Joseph's FC,Shamrock Rovers,GIB,IRL,0,4,,,SEASON_ONLY
2025-06-30,2025,EUR_CONF,,Ilves Tampere,AZ Alkmaar,FIN,NED,4,3,,,SEASON_ONLY
2025-06-30,2025,EUR_CONF,,Arda Kardzhali,HJK Helsinki,BUL,FIN,0,0,,,SEASON_ONLY
2025-06-30,2025,EUR_CONF,,FK Aktobe,AC Sparta Praha,KAZ,CZE,2,1,,,SEASON_ONLY
2025-06-30,2025,EUR_CONF,,Araz-Naxçıvan PFK,Aris Saloniki,AZE,GRE,2,1,,,SEASON_ONLY
2025-06-30,2025,EUR_CONF,,Viking FK,FC Koper,NOR,SVN,7,0,,,SEASON_ONLY
2025-06-30,2025,EUR_CONF,,Riga FC,Dila Gori,LVA,GEO,2,1,,,SEASON_ONLY
2025-06-30,2025,EUR_CONF,,CS Petrocub,Sabah FK,MDA,AZE,0,2,,,SEASON_ONLY
2025-06-30,2025,EUR_CONF,,Hammarby IF,Sporting Charleroi,SWE,BEL,0,0,,,SEASON_ONLY
2025-06-30,2025,EUR_CONF,,FK Novi Pazar,Jagiellonia Białystok,SRB,POL,1,2,,,SEASON_ONLY
2025-06-30,2025,EUR_CONF,,Polissya Zhytomyr,FC Santa Coloma,UKR,AND,1,2,,,SEASON_ONLY
2025-06-30,2025,EUR_CONF,,FK Oleksandriya,Partizan,UKR,SRB,0,2,,,SEASON_ONLY
2025-06-30,2025,EUR_CONF,,Omonia Nikosia,Torpedo Kutaisi,CYP,GEO,1,0,,,SEASON_ONLY
2025-06-30,2025,EUR_CONF,,Cherno More Varna,İstanbul Başakşehir,BUL,TUR,0,1,,,SEASON_ONLY
2025-06-30,2025,EUR_CONF,,FC Vaduz,Dungannon Swifts,LIE,NIR,0,1,,,SEASON_ONLY
2025-06-30,2025,EUR_CONF,,FC Košice,Neman Grodno,SVK,BLR,2,3,,,SEASON_ONLY
2025-06-30,2025,EUR_CONF,,AEK Athen,Hapoel Be'er Sheva,GRE,ISR,1,0,,,SEASON_ONLY
2025-06-30,2025,EUR_CONF,,NK Varaždin,CD Santa Clara,CRO,POR,2,1,,,SEASON_ONLY
2025-06-30,2025,EUR_CONF,,Paksi SE,NK Maribor,HUN,SVN,1,0,,,SEASON_ONLY
2025-06-30,2025,EUR_CONF,,FK Radnički 1923,KÍ Klaksvík,SRB,FRO,0,0,,,SEASON_ONLY
2025-06-30,2025,EUR_CONF,,Torpedo-BelAZ Zhodino,Maccabi Haifa,BLR,ISR,1,1,,,SEASON_ONLY
2025-06-30,2025,EUR_CONF,,Austria Wien,Spaeri FC,AUT,GEO,2,0,,,SEASON_ONLY
2025-06-30,2025,EUR_CONF,,FK Vllaznia,Víkingur Reykjavík,ALB,ISL,2,1,,,SEASON_ONLY
2025-06-30,2025,EUR_CONF,,Vardar Skopje,FC Lausanne-Sport,MKD,SUI,2,1,,,SEASON_ONLY
2025-06-30,2025,EUR_CONF,,FK Sutjeska,Beitar Jerusalem,MNE,ISR,1,2,,,SEASON_ONLY
2025-06-30,2025,EUR_CONF,,Dinamo Minsk,Egnatia Rrogozhine,BLR,ALB,0,2,,,SEASON_ONLY
2025-06-30,2025,EUR_CONF,,Dundee United,UNA Strassen,SCO,LUX,1,0,,,SEASON_ONLY
2025-06-30,2025,EUR_CONF,,HB Tórshavn,Brøndby IF,FRO,DEN,1,1,,,SEASON_ONLY
2025-06-30,2025,EUR_CONF,,St Patrick's Athletic,JK Nõmme Kalju,IRL,EST,1,0,,,SEASON_ONLY
2025-06-30,2025,EUR_CONF,,Larne FC,FC Prishtina,NIR,KOS,0,0,,,SEASON_ONLY
2025-06-30,2025,EUR_CONF,,Raków Częstochowa,MŠK Žilina,POL,SVK,3,0,,,SEASON_ONLY
2025-06-30,2025,EUR_CONF,,FK Sarajevo,CS Universitatea Craiova,BIH,ROU,2,1,,,SEASON_ONLY
2025-06-30,2025,EUR_CONF,,FK Dečić Tuzi,Rapid Wien,MNE,AUT,0,2,,,SEASON_ONLY
2025-06-30,2025,EUR_CONF,,FC Iberia 1999,FCI Levadia,GEO,EST,2,2,,,SEASON_ONLY
2025-06-30,2025,EUR_CONF,,FC Differdange 03,The New Saints,LUX,WAL,1,0,,,SEASON_ONLY
2025-06-30,2025,EUR_CONF,,Inter Club d'Escaldes,Olimpija Ljubljana,AND,SVN,1,1,,,SEASON_ONLY
2025-06-30,2025,EUR_CONF,,Spartak Trnava,Hibernians FC,SVK,MLT,5,1,,,SEASON_ONLY
2025-06-30,2025,EUR_CONF,,Banga Gargždai,Rosenborg BK,LTU,NOR,0,2,,,SEASON_ONLY
2025-06-30,2025,EUR_CONF,,Spaeri FC,Austria Wien,GEO,AUT,0,5,,,SEASON_ONLY
2025-06-30,2025,EUR_CONF,,Győri ETO FC,Pyunik FC,HUN,ARM,3,1,,,SEASON_ONLY
2025-06-30,2025,EUR_CONF,,Dila Gori,Riga FC,GEO,LVA,3,3,,,SEASON_ONLY
2025-06-30,2025,EUR_CONF,,Sabah FK,CS Petrocub,AZE,MDA,4,1,,,SEASON_ONLY
2025-06-30,2025,EUR_CONF,,FC Santa Coloma,Polissya Zhytomyr,AND,UKR,1,4,,,SEASON_ONLY
2025-06-30,2025,EUR_CONF,,HJK Helsinki,Arda Kardzhali,FIN,BUL,3,4,,,SEASON_ONLY
2025-06-30,2025,EUR_CONF,,JK Nõmme Kalju,St Patrick's Athletic,EST,IRL,2,2,,,SEASON_ONLY
2025-06-30,2025,EUR_CONF,,AZ Alkmaar,Ilves Tampere,NED,FIN,5,0,,,SEASON_ONLY
2025-06-30,2025,EUR_CONF,,FC Milsami,FK Budućnost Podgorica,MDA,MNE,2,1,,,SEASON_ONLY
2025-06-30,2025,EUR_CONF,,UNA Strassen,Dundee United,LUX,SCO,0,1,,,SEASON_ONLY
2025-06-30,2025,EUR_CONF,,Universitatea Cluj,FC Ararat-Armenia,ROU,ARM,1,2,,,SEASON_ONLY
2025-06-30,2025,EUR_CONF,,AIK Solna,Paide Linnameeskond,SWE,EST,6,0,,,SEASON_ONLY
2025-06-30,2025,EUR_CONF,,FC Zimbru,FK Astana,MDA,KAZ,0,2,,,SEASON_ONLY
2025-06-30,2025,EUR_CONF,,Torpedo Kutaisi,Omonia Nikosia,GEO,CYP,0,4,,,SEASON_ONLY
2025-06-30,2025,EUR_CONF,,Brøndby IF,HB Tórshavn,DEN,FRO,1,0,,,SEASON_ONLY
2025-06-30,2025,EUR_CONF,,CS Universitatea Craiova,FK Sarajevo,ROU,BIH,4,0,,,SEASON_ONLY
2025-06-30,2025,EUR_CONF,,Beitar Jerusalem,FK Sutjeska,ISR,MNE,5,2,,,SEASON_ONLY
2025-06-30,2025,EUR_CONF,,İstanbul Başakşehir,Cherno More Varna,TUR,BUL,4,0,,,SEASON_ONLY
2025-06-30,2025,EUR_CONF,,FC Prishtina,Larne FC,KOS,NIR,4,5,,,SEASON_ONLY
2025-06-30,2025,EUR_CONF,,Neman Grodno,FC Košice,BLR,SVK,1,1,,,SEASON_ONLY
2025-06-30,2025,EUR_CONF,,KA Akureyri,Silkeborg IF,ISL,DEN,2,3,,,SEASON_ONLY
2025-06-30,2025,EUR_CONF,,FC Koper,Viking FK,SVN,NOR,3,5,,,SEASON_ONLY
2025-06-30,2025,EUR_CONF,,Hapoel Be'er Sheva,AEK Athen,ISR,GRE,0,0,,,SEASON_ONLY
2025-06-30,2025,EUR_CONF,,CD Santa Clara,NK Varaždin,POR,CRO,2,0,,,SEASON_ONLY
2025-06-30,2025,EUR_CONF,,NK Maribor,Paksi SE,SVN,HUN,1,1,,,SEASON_ONLY
2025-06-30,2025,EUR_CONF,,Sporting Charleroi,Hammarby IF,BEL,SWE,1,2,,,SEASON_ONLY
2025-06-30,2025,EUR_CONF,,Puskás FC,Aris Limassol,HUN,CYP,0,2,,,SEASON_ONLY
2025-06-30,2025,EUR_CONF,,AC Sparta Praha,FK Aktobe,CZE,KAZ,4,0,,,SEASON_ONLY
2025-06-30,2025,EUR_CONF,,Maccabi Haifa,Torpedo-BelAZ Zhodino,ISR,BLR,3,0,,,SEASON_ONLY
2025-06-30,2025,EUR_CONF,,Jagiellonia Białystok,FK Novi Pazar,POL,SRB,3,1,,,SEASON_ONLY
2025-06-30,2025,EUR_CONF,,FC Lausanne-Sport,Vardar Skopje,SUI,MKD,5,0,,,SEASON_ONLY
2025-06-30,2025,EUR_CONF,,Aris Saloniki,Araz-Naxçıvan PFK,GRE,AZE,2,2,,,SEASON_ONLY
2025-06-30,2025,EUR_CONF,,MŠK Žilina,Raków Częstochowa,SVK,POL,1,3,,,SEASON_ONLY
2025-06-30,2025,EUR_CONF,,Valur Reykjavík,Kauno Žalgiris,ISL,LTU,1,2,,,SEASON_ONLY
2025-06-30,2025,EUR_CONF,,Rapid Wien,FK Dečić Tuzi,AUT,MNE,4,2,,,SEASON_ONLY
2025-06-30,2025,EUR_CONF,,Linfield FC,FK Žalgiris,NIR,LTU,2,0,,,SEASON_ONLY
2025-06-30,2025,EUR_CONF,,Dungannon Swifts,FC Vaduz,NIR,LIE,0,3,,,SEASON_ONLY
2025-06-30,2025,EUR_CONF,,FC Dinamo City,Atlétic Escaldes,ALB,AND,1,1,,,SEASON_ONLY
2025-06-30,2025,EUR_CONF,,Floriana FC,KF Ballkani,MLT,KOS,1,1,,,SEASON_ONLY
2025-06-30,2025,EUR_CONF,,Víkingur Reykjavík,FK Vllaznia,ISL,ALB,4,2,,,SEASON_ONLY
2025-06-30,2025,EUR_CONF,,KÍ Klaksvík,FK Radnički 1923,FRO,SRB,1,0,,,SEASON_ONLY
2025-06-30,2025,EUR_CONF,,Egnatia Rrogozhine,Dinamo Minsk,ALB,BLR,1,0,,,SEASON_ONLY
2025-06-30,2025,EUR_CONF,,Partizan,FK Oleksandriya,SRB,UKR,4,0,,,SEASON_ONLY
2025-06-30,2025,EUR_CONF,,Shamrock Rovers,St. Joseph's FC,IRL,GIB,0,0,,,SEASON_ONLY
2025-06-30,2025,EUR_CONF,,Hajduk Split,Zira FK,CRO,AZE,2,1,,,SEASON_ONLY
2025-06-30,2025,EUR_CONF,,KÍ Klaksvík,Neman Grodno,FRO,BLR,2,0,,,SEASON_ONLY
2025-06-30,2025,EUR_CONF,,FC Milsami,SS Virtus,MDA,SMR,3,2,,,SEASON_ONLY
2025-06-30,2025,EUR_CONF,,Aris Limassol,AEK Athen,CYP,GRE,2,2,,,SEASON_ONLY
2025-06-30,2025,EUR_CONF,,Araz-Naxçıvan PFK,Omonia Nikosia,AZE,CYP,0,4,,,SEASON_ONLY
2025-06-30,2025,EUR_CONF,,Rosenborg BK,Hammarby IF,NOR,SWE,0,0,,,SEASON_ONLY
2025-06-30,2025,EUR_CONF,,Kauno Žalgiris,Arda Kardzhali,LTU,BUL,0,1,,,SEASON_ONLY
2025-06-30,2025,EUR_CONF,,Baník Ostrava,Austria Wien,CZE,AUT,4,3,,,SEASON_ONLY
2025-06-30,2025,EUR_CONF,,Riga FC,Beitar Jerusalem,LVA,ISR,3,0,,,SEASON_ONLY
2025-06-30,2025,EUR_CONF,,Viking FK,İstanbul Başakşehir,NOR,TUR,1,3,,,SEASON_ONLY
2025-06-30,2025,EUR_CONF,,AIK Solna,Győri ETO FC,SWE,HUN,2,1,,,SEASON_ONLY
2025-06-30,2025,EUR_CONF,,Silkeborg IF,Jagiellonia Białystok,DEN,POL,0,1,,,SEASON_ONLY
2025-06-30,2025,EUR_CONF,,Olimpija Ljubljana,Egnatia Rrogozhine,SVN,ALB,0,0,,,SEASON_ONLY
2025-06-30,2025,EUR_CONF,,FC Differdange 03,FCI Levadia,LUX,EST,2,3,,,SEASON_ONLY
2025-06-30,2025,EUR_CONF,,Víkingur,Linfield FC,FRO,NIR,2,1,,,SEASON_ONLY
2025-06-30,2025,EUR_CONF,,AC Sparta Praha,FC Ararat-Armenia,CZE,ARM,4,1,,,SEASON_ONLY
2025-06-30,2025,EUR_CONF,,AZ Alkmaar,FC Vaduz,NED,LIE,3,0,,,SEASON_ONLY
2025-06-30,2025,EUR_CONF,,RSC Anderlecht,FC Sheriff,BEL,MDA,3,0,,,SEASON_ONLY
2025-06-30,2025,EUR_CONF,,Polissya Zhytomyr,Paksi SE,UKR,HUN,3,0,,,SEASON_ONLY
2025-06-30,2025,EUR_CONF,,Levski Sofia,Sabah FK,BUL,AZE,1,0,,,SEASON_ONLY
2025-06-30,2025,EUR_CONF,,FC Lausanne-Sport,FK Astana,SUI,KAZ,3,1,,,SEASON_ONLY
2025-06-30,2025,EUR_CONF,,FC Lugano,NK Celje,SUI,SVN,0,5,,,SEASON_ONLY
2025-06-30,2025,EUR_CONF,,KF Ballkani,Shamrock Rovers,KOS,IRL,1,0,,,SEASON_ONLY
2025-06-30,2025,EUR_CONF,,CS Universitatea Craiova,Spartak Trnava,ROU,SVK,3,0,,,SEASON_ONLY
2025-06-30,2025,EUR_CONF,,Víkingur Reykjavík,Brøndby IF,ISL,DEN,3,0,,,SEASON_ONLY
2025-06-30,2025,EUR_CONF,,St Patrick's Athletic,Beşiktaş,IRL,TUR,1,4,,,SEASON_ONLY
2025-06-30,2025,EUR_CONF,,Rapid Wien,Dundee United,AUT,SCO,2,2,,,SEASON_ONLY
2025-06-30,2025,EUR_CONF,,Hajduk Split,FC Dinamo City,CRO,ALB,2,1,,,SEASON_ONLY
2025-06-30,2025,EUR_CONF,,Larne FC,CD Santa Clara,NIR,POR,0,3,,,SEASON_ONLY
2025-06-30,2025,EUR_CONF,,Raków Częstochowa,Maccabi Haifa,POL,ISR,0,1,,,SEASON_ONLY
2025-06-30,2025,EUR_CONF,,Partizan,Hibernian FC,SRB,SCO,0,2,,,SEASON_ONLY
2025-06-30,2025,EUR_CONF,,İstanbul Başakşehir,Viking FK,TUR,NOR,1,1,,,SEASON_ONLY
2025-06-30,2025,EUR_CONF,,FK Astana,FC Lausanne-Sport,KAZ,SUI,0,2,,,SEASON_ONLY
2025-06-30,2025,EUR_CONF,,FC Ararat-Armenia,AC Sparta Praha,ARM,CZE,1,2,,,SEASON_ONLY
2025-06-30,2025,EUR_CONF,,Sabah FK,Levski Sofia,AZE,BUL,0,2,,,SEASON_ONLY
2025-06-30,2025,EUR_CONF,,FCI Levadia,FC Differdange 03,EST,LUX,1,3,,,SEASON_ONLY
2025-06-30,2025,EUR_CONF,,FC Sheriff,RSC Anderlecht,MDA,BEL,1,1,,,SEASON_ONLY
2025-06-30,2025,EUR_CONF,,Omonia Nikosia,Araz-Naxçıvan PFK,CYP,AZE,5,0,,,SEASON_ONLY
2025-06-30,2025,EUR_CONF,,Győri ETO FC,AIK Solna,HUN,SWE,2,0,,,SEASON_ONLY
2025-06-30,2025,EUR_CONF,,Paksi SE,Polissya Zhytomyr,HUN,UKR,2,1,,,SEASON_ONLY
2025-06-30,2025,EUR_CONF,,Hammarby IF,Rosenborg BK,SWE,NOR,0,1,,,SEASON_ONLY
2025-06-30,2025,EUR_CONF,,FC Vaduz,AZ Alkmaar,LIE,NED,0,1,,,SEASON_ONLY
2025-06-30,2025,EUR_CONF,,Beitar Jerusalem,Riga FC,ISR,LVA,3,1,,,SEASON_ONLY
2025-06-30,2025,EUR_CONF,,Brøndby IF,Víkingur Reykjavík,DEN,ISL,4,0,,,SEASON_ONLY
2025-06-30,2025,EUR_CONF,,Arda Kardzhali,Kauno Žalgiris,BUL,LTU,2,0,,,SEASON_ONLY
2025-06-30,2025,EUR_CONF,,NK Celje,FC Lugano,SVN,SUI,2,4,,,SEASON_ONLY
2025-06-30,2025,EUR_CONF,,Neman Grodno,KÍ Klaksvík,BLR,FRO,5,4,,,SEASON_ONLY
2025-06-30,2025,EUR_CONF,,AEK Athen,Aris Limassol,GRE,CYP,3,1,,,SEASON_ONLY
2025-06-30,2025,EUR_CONF,,Maccabi Haifa,Raków Częstochowa,ISR,POL,0,2,,,SEASON_ONLY
2025-06-30,2025,EUR_CONF,,Beşiktaş,St Patrick's Athletic,TUR,IRL,3,2,,,SEASON_ONLY
2025-06-30,2025,EUR_CONF,,Jagiellonia Białystok,Silkeborg IF,POL,DEN,2,2,,,SEASON_ONLY
2025-06-30,2025,EUR_CONF,,Spartak Trnava,CS Universitatea Craiova,SVK,ROU,4,3,,,SEASON_ONLY
2025-06-30,2025,EUR_CONF,,Linfield FC,Víkingur,NIR,FRO,2,0,,,SEASON_ONLY
2025-06-30,2025,EUR_CONF,,Dundee United,Rapid Wien,SCO,AUT,4,5,,,SEASON_ONLY
2025-06-30,2025,EUR_CONF,,FC Dinamo City,Hajduk Split,ALB,CRO,3,1,,,SEASON_ONLY
2025-06-30,2025,EUR_CONF,,Egnatia Rrogozhine,Olimpija Ljubljana,ALB,SVN,2,4,,,SEASON_ONLY
2025-06-30,2025,EUR_CONF,,SS Virtus,FC Milsami,SMR,MDA,3,0,,,SEASON_ONLY
2025-06-30,2025,EUR_CONF,,CD Santa Clara,Larne FC,POR,NIR,0,0,,,SEASON_ONLY
2025-06-30,2025,EUR_CONF,,Shamrock Rovers,KF Ballkani,IRL,KOS,4,0,,,SEASON_ONLY
2025-06-30,2025,EUR_CONF,,Hibernian FC,Partizan,SCO,SRB,2,3,,,SEASON_ONLY
2025-06-30,2025,EUR_CONF,,Austria Wien,Baník Ostrava,AUT,CZE,1,1,,,SEASON_ONLY
2025-06-30,2025,EUR_CONF,,Rosenborg BK,1. FSV Mainz 05,NOR,GER,2,1,,,SEASON_ONLY
2025-06-30,2025,EUR_CONF,,Hamrun Spartans,FK RFS,MLT,LVA,1,0,,,SEASON_ONLY
2025-06-30,2025,EUR_CONF,,Győri ETO FC,Rapid Wien,HUN,AUT,2,1,,,SEASON_ONLY
2025-06-30,2025,EUR_CONF,,BK Häcken,CFR Cluj,SWE,ROU,7,2,,,SEASON_ONLY
2025-06-30,2025,EUR_CONF,,Wolfsberger AC,Omonia Nikosia,AUT,CYP,2,1,,,SEASON_ONLY
2025-06-30,2025,EUR_CONF,,İstanbul Başakşehir,CS Universitatea Craiova,TUR,ROU,1,2,,,SEASON_ONLY
2025-06-30,2025,EUR_CONF,,Breiðablik,SS Virtus,ISL,SMR,2,1,,,SEASON_ONLY
2025-06-30,2025,EUR_CONF,,KF Drita,FC Differdange 03,KOS,LUX,2,1,,,SEASON_ONLY
2025-06-30,2025,EUR_CONF,,Olimpija Ljubljana,FC Noah,SVN,ARM,1,4,,,SEASON_ONLY
2025-06-30,2025,EUR_CONF,,RC Strasbourg,Brøndby IF,FRA,DEN,0,0,,,SEASON_ONLY
2025-06-30,2025,EUR_CONF,,Shakhtar Donetsk,Servette FC,UKR,SUI,1,1,,,SEASON_ONLY
2025-06-30,2025,EUR_CONF,,RSC Anderlecht,AEK Athen,BEL,GRE,1,1,,,SEASON_ONLY
2025-06-30,2025,EUR_CONF,,NK Celje,Baník Ostrava,SVN,CZE,1,0,,,SEASON_ONLY
2025-06-30,2025,EUR_CONF,,Levski Sofia,AZ Alkmaar,BUL,NED,0,2,,,SEASON_ONLY
2025-06-30,2025,EUR_CONF,,Polissya Zhytomyr,ACF Fiorentina,UKR,ITA,0,3,,,SEASON_ONLY
2025-06-30,2025,EUR_CONF,,Neman Grodno,Rayo Vallecano,BLR,ESP,0,1,,,SEASON_ONLY
2025-06-30,2025,EUR_CONF,,AC Sparta Praha,Riga FC,CZE,LVA,2,0,,,SEASON_ONLY
2025-06-30,2025,EUR_CONF,,Jagiellonia Białystok,FC Dinamo City,POL,ALB,3,0,,,SEASON_ONLY
2025-06-30,2025,EUR_CONF,,FC Lausanne-Sport,Beşiktaş,SUI,TUR,1,1,,,SEASON_ONLY
2025-06-30,2025,EUR_CONF,,Shelbourne FC,Linfield FC,IRL,NIR,3,1,,,SEASON_ONLY
2025-06-30,2025,EUR_CONF,,Crystal Palace,Fredrikstad FK,ENG,NOR,1,0,,,SEASON_ONLY
2025-06-30,2025,EUR_CONF,,Raków Częstochowa,Arda Kardzhali,POL,BUL,1,0,,,SEASON_ONLY
2025-06-30,2025,EUR_CONF,,Hibernian FC,Legia Warszawa,SCO,POL,1,2,,,SEASON_ONLY
2025-06-30,2025,EUR_CONF,,CD Santa Clara,Shamrock Rovers,POR,IRL,1,2,,,SEASON_ONLY
2025-06-30,2025,EUR_CONF,,Riga FC,AC Sparta Praha,LVA,CZE,1,0,,,SEASON_ONLY
2025-06-30,2025,EUR_CONF,,FC Noah,Olimpija Ljubljana,ARM,SVN,3,2,,,SEASON_ONLY
2025-06-30,2025,EUR_CONF,,Fredrikstad FK,Crystal Palace,NOR,ENG,0,0,,,SEASON_ONLY
2025-06-30,2025,EUR_CONF,,Omonia Nikosia,Wolfsberger AC,CYP,AUT,5,4,,,SEASON_ONLY
2025-06-30,2025,EUR_CONF,,FK RFS,Hamrun Spartans,LVA,MLT,2,2,,,SEASON_ONLY
2025-06-30,2025,EUR_CONF,,Rapid Wien,Győri ETO FC,AUT,HUN,2,0,,,SEASON_ONLY
2025-06-30,2025,EUR_CONF,,Beşiktaş,FC Lausanne-Sport,TUR,SUI,0,1,,,SEASON_ONLY
2025-06-30,2025,EUR_CONF,,CS Universitatea Craiova,İstanbul Başakşehir,ROU,TUR,3,1,,,SEASON_ONLY
2025-06-30,2025,EUR_CONF,,AZ Alkmaar,Levski Sofia,NED,BUL,4,1,,,SEASON_ONLY
2025-06-30,2025,EUR_CONF,,CFR Cluj,BK Häcken,ROU,SWE,1,0,,,SEASON_ONLY
2025-06-30,2025,EUR_CONF,,FC Differdange 03,KF Drita,LUX,KOS,0,1,,,SEASON_ONLY
2025-06-30,2025,EUR_CONF,,Brøndby IF,RC Strasbourg,DEN,FRA,2,3,,,SEASON_ONLY
2025-06-30,2025,EUR_CONF,,AEK Athen,RSC Anderlecht,GRE,BEL,2,0,,,SEASON_ONLY
2025-06-30,2025,EUR_CONF,,Baník Ostrava,NK Celje,CZE,SVN,0,2,,,SEASON_ONLY
2025-06-30,2025,EUR_CONF,,Arda Kardzhali,Raków Częstochowa,BUL,POL,1,2,,,SEASON_ONLY
2025-06-30,2025,EUR_CONF,,ACF Fiorentina,Polissya Zhytomyr,ITA,UKR,3,2,,,SEASON_ONLY
2025-06-30,2025,EUR_CONF,,Rayo Vallecano,Neman Grodno,ESP,BLR,4,0,,,SEASON_ONLY
2025-06-30,2025,EUR_CONF,,Linfield FC,Shelbourne FC,NIR,IRL,0,2,,,SEASON_ONLY
2025-06-30,2025,EUR_CONF,,FC Dinamo City,Jagiellonia Białystok,ALB,POL,1,1,,,SEASON_ONLY
2025-06-30,2025,EUR_CONF,,SS Virtus,Breiðablik,SMR,ISL,1,3,,,SEASON_ONLY
2025-06-30,2025,EUR_CONF,,Servette FC,Shakhtar Donetsk,SUI,UKR,1,2,,,SEASON_ONLY
2025-06-30,2025,EUR_CONF,,Legia Warszawa,Hibernian FC,POL,SCO,3,3,,,SEASON_ONLY
2025-06-30,2025,EUR_CONF,,Shamrock Rovers,CD Santa Clara,IRL,POR,0,0,,,SEASON_ONLY
2025-06-30,2025,EUR_CONF,,1. FSV Mainz 05,Rosenborg BK,GER,NOR,4,1,,,SEASON_ONLY
2025-06-30,2025,EUR_EL,,Sabah FK,NK Celje,AZE,SVN,2,3,,,SEASON_ONLY
2025-06-30,2025,EUR_EL,,AEK Larnaca,Partizan,CYP,SRB,1,0,,,SEASON_ONLY
2025-06-30,2025,EUR_EL,,FC Sheriff,FC Prishtina,MDA,KOS,4,0,,,SEASON_ONLY
2025-06-30,2025,EUR_EL,,Paksi SE,CFR Cluj,HUN,ROU,0,0,,,SEASON_ONLY
2025-06-30,2025,EUR_EL,,Levski Sofia,Hapoel Be'er Sheva,BUL,ISR,0,0,,,SEASON_ONLY
2025-06-30,2025,EUR_EL,,Shakhtar Donetsk,Ilves Tampere,UKR,FIN,6,0,,,SEASON_ONLY
2025-06-30,2025,EUR_EL,,Spartak Trnava,BK Häcken,SVK,SWE,0,1,,,SEASON_ONLY
2025-06-30,2025,EUR_EL,,Legia Warszawa,FK Aktobe,POL,KAZ,1,0,,,SEASON_ONLY
2025-06-30,2025,EUR_EL,,Ilves Tampere,Shakhtar Donetsk,FIN,UKR,0,0,,,SEASON_ONLY
2025-06-30,2025,EUR_EL,,FK Aktobe,Legia Warszawa,KAZ,POL,0,1,,,SEASON_ONLY
2025-06-30,2025,EUR_EL,,BK Häcken,Spartak Trnava,SWE,SVK,2,2,,,SEASON_ONLY
2025-06-30,2025,EUR_EL,,CFR Cluj,Paksi SE,ROU,HUN,3,0,,,SEASON_ONLY
2025-06-30,2025,EUR_EL,,FC Prishtina,FC Sheriff,KOS,MDA,2,1,,,SEASON_ONLY
2025-06-30,2025,EUR_EL,,NK Celje,Sabah FK,SVN,AZE,3,3,,,SEASON_ONLY
2025-06-30,2025,EUR_EL,,Hapoel Be'er Sheva,Levski Sofia,ISR,BUL,1,3,,,SEASON_ONLY
2025-06-30,2025,EUR_EL,,Partizan,AEK Larnaca,SRB,CYP,5,6,,,SEASON_ONLY
2025-06-30,2025,EUR_EL,,Baník Ostrava,Legia Warszawa,CZE,POL,2,2,,,SEASON_ONLY
2025-06-30,2025,EUR_EL,,FC Sheriff,FC Utrecht,MDA,NED,1,3,,,SEASON_ONLY
2025-06-30,2025,EUR_EL,,Levski Sofia,Sporting Braga,BUL,POR,0,0,,,SEASON_ONLY
2025-06-30,2025,EUR_EL,,FC Midtjylland,Hibernian FC,DEN,SCO,1,1,,,SEASON_ONLY
2025-06-30,2025,EUR_EL,,NK Celje,AEK Larnaca,SVN,CYP,1,1,,,SEASON_ONLY
2025-06-30,2025,EUR_EL,,RSC Anderlecht,BK Häcken,BEL,SWE,1,0,,,SEASON_ONLY
2025-06-30,2025,EUR_EL,,Beşiktaş,Shakhtar Donetsk,TUR,UKR,2,4,,,SEASON_ONLY
2025-06-30,2025,EUR_EL,,FC Lugano,CFR Cluj,SUI,ROU,0,0,,,SEASON_ONLY
2025-06-30,2025,EUR_EL,,AEK Larnaca,NK Celje,CYP,SVN,2,1,,,SEASON_ONLY
2025-06-30,2025,EUR_EL,,BK Häcken,RSC Anderlecht,SWE,BEL,4,2,,,SEASON_ONLY
2025-06-30,2025,EUR_EL,,CFR Cluj,FC Lugano,ROU,SUI,1,0,,,SEASON_ONLY
2025-06-30,2025,EUR_EL,,FC Utrecht,FC Sheriff,NED,MDA,4,1,,,SEASON_ONLY
2025-06-30,2025,EUR_EL,,Shakhtar Donetsk,Beşiktaş,UKR,TUR,2,0,,,SEASON_ONLY
2025-06-30,2025,EUR_EL,,Sporting Braga,Levski Sofia,POR,BUL,1,0,,,SEASON_ONLY
2025-06-30,2025,EUR_EL,,Legia Warszawa,Baník Ostrava,POL,CZE,2,1,,,SEASON_ONLY
2025-06-30,2025,EUR_EL,,Hibernian FC,FC Midtjylland,SCO,DEN,1,2,,,SEASON_ONLY
2025-06-30,2025,EUR_EL,,Hamrun Spartans,Maccabi Tel Aviv,MLT,ISR,1,2,,,SEASON_ONLY
2025-06-30,2025,EUR_EL,,FK RFS,Kuopion PS,LVA,FIN,1,2,,,SEASON_ONLY
2025-06-30,2025,EUR_EL,,HNK Rijeka,Shelbourne FC,CRO,IRL,1,2,,,SEASON_ONLY
2025-06-30,2025,EUR_EL,,Lincoln Red Imps,FC Noah,GIB,ARM,1,1,,,SEASON_ONLY
2025-06-30,2025,EUR_EL,,Fredrikstad FK,FC Midtjylland,NOR,DEN,1,3,,,SEASON_ONLY
2025-06-30,2025,EUR_EL,,AEK Larnaca,Legia Warszawa,CYP,POL,4,1,,,SEASON_ONLY
2025-06-30,2025,EUR_EL,,CFR Cluj,Sporting Braga,ROU,POR,1,2,,,SEASON_ONLY
2025-06-30,2025,EUR_EL,,BK Häcken,SK Brann,SWE,NOR,0,2,,,SEASON_ONLY
2025-06-30,2025,EUR_EL,,PAOK Saloniki,Wolfsberger AC,GRE,AUT,0,0,,,SEASON_ONLY
2025-06-30,2025,EUR_EL,,Zrinjski Mostar,Breiðablik,BIH,ISL,1,1,,,SEASON_ONLY
2025-06-30,2025,EUR_EL,,Panathinaikos,Shakhtar Donetsk,GRE,UKR,0,0,,,SEASON_ONLY
2025-06-30,2025,EUR_EL,,FCSB,KF Drita,ROU,KOS,3,2,,,SEASON_ONLY
2025-06-30,2025,EUR_EL,,Servette FC,FC Utrecht,SUI,NED,1,3,,,SEASON_ONLY
2025-06-30,2025,EUR_EL,,Shelbourne FC,HNK Rijeka,IRL,CRO,1,3,,,SEASON_ONLY
2025-06-30,2025,EUR_EL,,Kuopion PS,FK RFS,FIN,LVA,1,0,,,SEASON_ONLY
2025-06-30,2025,EUR_EL,,FC Midtjylland,Fredrikstad FK,DEN,NOR,2,0,,,SEASON_ONLY
2025-06-30,2025,EUR_EL,,FC Noah,Lincoln Red Imps,ARM,GIB,5,6,,,SEASON_ONLY
2025-06-30,2025,EUR_EL,,Wolfsberger AC,PAOK Saloniki,AUT,GRE,0,1,,,SEASON_ONLY
2025-06-30,2025,EUR_EL,,SK Brann,BK Häcken,NOR,SWE,0,1,,,SEASON_ONLY
2025-06-30,2025,EUR_EL,,Breiðablik,Zrinjski Mostar,ISL,BIH,1,2,,,SEASON_ONLY
2025-06-30,2025,EUR_EL,,Maccabi Tel Aviv,Hamrun Spartans,ISR,MLT,3,1,,,SEASON_ONLY
2025-06-30,2025,EUR_EL,,KF Drita,FCSB,KOS,ROU,1,3,,,SEASON_ONLY
2025-06-30,2025,EUR_EL,,FC Utrecht,Servette FC,NED,SUI,2,1,,,SEASON_ONLY
2025-06-30,2025,EUR_EL,,Shakhtar Donetsk,Panathinaikos,UKR,GRE,3,4,,,SEASON_ONLY
2025-06-30,2025,EUR_EL,,Sporting Braga,CFR Cluj,POR,ROU,2,0,,,SEASON_ONLY
2025-06-30,2025,EUR_EL,,Legia Warszawa,AEK Larnaca,POL,CYP,2,1,,,SEASON_ONLY
2025-06-30,2025,EUR_EL,,FC Midtjylland,Kuopion PS,DEN,FIN,4,0,,,SEASON_ONLY
2025-06-30,2025,EUR_EL,,Malmö FF,Sigma Olomouc,SWE,CZE,3,0,,,SEASON_ONLY
2025-06-30,2025,EUR_EL,,SK Brann,AEK Larnaca,NOR,CYP,2,1,,,SEASON_ONLY
2025-06-30,2025,EUR_EL,,Maccabi Tel Aviv,Dinamo Kiev,ISR,UKR,3,1,,,SEASON_ONLY
2025-06-30,2025,EUR_EL,,KF Shkëndija 79,PFC Ludogorets Razgrad,MKD,BUL,2,1,,,SEASON_ONLY
2025-06-30,2025,EUR_EL,,Panathinaikos,Samsunspor,GRE,TUR,2,1,,,SEASON_ONLY
2025-06-30,2025,EUR_EL,,Zrinjski Mostar,FC Utrecht,BIH,NED,0,2,,,SEASON_ONLY
2025-06-30,2025,EUR_EL,,Slovan Bratislava,BSC Young Boys,SVK,SUI,0,1,,,SEASON_ONLY
2025-06-30,2025,EUR_EL,,Lech Poznań,KRC Genk,POL,BEL,1,5,,,SEASON_ONLY
2025-06-30,2025,EUR_EL,,Aberdeen FC,FCSB,SCO,ROU,2,2,,,SEASON_ONLY
2025-06-30,2025,EUR_EL,,HNK Rijeka,PAOK Saloniki,CRO,GRE,1,0,,,SEASON_ONLY
2025-06-30,2025,EUR_EL,,Lincoln Red Imps,Sporting Braga,GIB,POR,0,4,,,SEASON_ONLY
2025-06-30,2025,EUR_EL,,AEK Larnaca,SK Brann,CYP,NOR,0,4,,,SEASON_ONLY
2025-06-30,2025,EUR_EL,,Kuopion PS,FC Midtjylland,FIN,DEN,0,2,,,SEASON_ONLY
2025-06-30,2025,EUR_EL,,Sigma Olomouc,Malmö FF,CZE,SWE,0,2,,,SEASON_ONLY
2025-06-30,2025,EUR_EL,,Samsunspor,Panathinaikos,TUR,GRE,0,0,,,SEASON_ONLY
2025-06-30,2025,EUR_EL,,PFC Ludogorets Razgrad,KF Shkëndija 79,BUL,MKD,4,1,,,SEASON_ONLY
2025-06-30,2025,EUR_EL,,PAOK Saloniki,HNK Rijeka,GRE,CRO,5,0,,,SEASON_ONLY
2025-06-30,2025,EUR_EL,,Dinamo Kiev,Maccabi Tel Aviv,UKR,ISR,1,0,,,SEASON_ONLY
2025-06-30,2025,EUR_EL,,BSC Young Boys,Slovan Bratislava,SUI,SVK,3,2,,,SEASON_ONLY
2025-06-30,2025,EUR_EL,,KRC Genk,Lech Poznań,BEL,POL,1,2,,,SEASON_ONLY
2025-06-30,2025,EUR_EL,,FC Utrecht,Zrinjski Mostar,NED,BIH,0,0,,,SEASON_ONLY
2025-06-30,2025,EUR_EL,,FCSB,Aberdeen FC,ROU,SCO,3,0,,,SEASON_ONLY
2025-06-30,2025,EUR_EL,,Sporting Braga,Lincoln Red Imps,POR,GIB,5,1,,,SEASON_ONLY
